timestamp,Ts,Ps,T_0,T_1,T_2,T_3,T_4,T_5,T_6,T_7,T_8,T_9,T_10,T_11,T_12,T_13,T_14,T_15,T_16,T_17,T_18,T_19,T_20,T_21,T_22,P_0,P_1,P_2,P_3,P_4,P_5,P_6,P_7,P_8,P_9,P_10,P_11,P_12,P_13,P_14,P_15,P_16,P_17,P_18,P_19,P_20,P_21,P_22,H_0,H_1,H_2,H_3,H_4,H_5,H_6,H_7,H_8,H_9,H_10,H_11,H_12,H_13,H_14,H_15,H_16,H_17,H_18,H_19,H_20,H_21,H_22
2024-05-06 00:00:00,297.0637347523967,998.2658171015626,298.1866149902344,302.19549560546875,302.1806945800781,301.3941955566406,299.694580078125,295.216796875,290.4805908203125,285.84320068359375,284.1618957519531,281.29937744140625,279.55169677734375,274.93328857421875,269.42919921875,263.34442138671875,256.42938232421875,248.2135009765625,239.97450256347656,232.3394012451172,220.3916015625,210.6116943359375,199.5386962890625,207.21780395507812,219.42730712890625,1000.0,975.0,950.0,925.0,900.0,850.0,800.0,750.0,700.0,650.0,600.0,550.0,500.0,450.0,400.0,350.0,300.0,250.0,200.0,150.0,100.0,50.0,20.0,65.00445556640625,289.5653991699219,520.1207275390625,758.8228149414062,999.880615234375,1502.0360107421875,2022.60205078125,2570.97705078125,3148.02099609375,3764.26806640625,4422.6220703125,5129.77294921875,5888.3798828125,6710.0322265625,7606.91796875,8593.1796875,9691.3681640625,10955.376953125,12433.48046875,14245.830078125,16675.0390625,20729.970703125,26497.94921875
2024-05-06 03:00:00,296.94133324218745,998.91162109375,297.6328125,302.88739013671875,303.1226806640625,301.3312072753906,299.2559814453125,295.0245056152344,290.52947998046875,286.631591796875,284.20159912109375,281.70489501953125,280.08721923828125,273.9602966308594,268.31561279296875,264.39288330078125,256.27911376953125,246.8137969970703,242.114501953125,231.99490356445312,220.4178924560547,210.04519653320312,199.57589721679688,208.69129943847656,217.43409729003906,1000.0,975.0,950.0,925.0,900.0,850.0,800.0,750.0,700.0,650.0,600.0,550.0,500.0,450.0,400.0,350.0,300.0,250.0,200.0,150.0,100.0,50.0,20.0,63.977874755859375,287.8851013183594,520.772216796875,757.8125,1000.2410888671875,1500.1199951171875,2022.462890625,2570.625,3149.02001953125,3765.3701171875,4425.419921875,5131.47314453125,5887.51806640625,6708.755859375,7607.25390625,8590.748046875,9691.0400390625,10957.76171875,12435.580078125,14242.1201171875,16671.58984375,20742.939453125,26498.9296875
2024-05-06 06:00:00,297.6182429274386,997.3608213620982,297.19171142578125,301.4504089355469,302.81011962890625,300.8966064453125,299.07177734375,294.97161865234375,290.3515930175781,286.219482421875,284.03662109375,280.844482421875,279.04840087890625,273.5581970214844,269.22198486328125,264.37451171875,255.78939819335938,247.44129943847656,241.9387969970703,232.181396484375,220.0323028564453,210.03680419921875,198.69760131835938,208.076904296875,219.32749938964844,1000.0,975.0,950.0,925.0,900.0,850.0,800.0,750.0,700.0,650.0,600.0,550.0,500.0,450.0,400.0,350.0,300.0,250.0,200.0,150.0,100.0,50.0,20.0,61.84814453125,285.4234924316406,516.9830932617188,754.6862182617188,996.767822265625,1495.927001953125,2018.4990234375,2566.365966796875,3144.93408203125,3760.822998046875,4417.6240234375,5122.6259765625,5879.2822265625,6703.01904296875,7600.033203125,8582.05859375,9684.2958984375,10951.2412109375,12429.5302734375,14228.2197265625,16651.669921875,20722.380859375,26463.2890625
2024-05-06 09:00:00,297.8468340252427,997.0102354245982,297.7217102050781,298.731689453125,300.97308349609375,300.43170166015625,298.61181640625,294.50970458984375,290.0260009765625,286.4010009765625,284.59759521484375,281.66259765625,279.55828857421875,274.25091552734375,269.373291015625,264.2951965332031,255.8214111328125,247.12530517578125,240.87449645996094,231.57269287109375,219.61390686035156,209.2678985595703,200.2333984375,208.83599853515625,221.57960510253906,1000.0,975.0,950.0,925.0,900.0,850.0,800.0,750.0,700.0,650.0,600.0,550.0,500.0,450.0,400.0,350.0,300.0,250.0,200.0,150.0,100.0,50.0,20.0,59.25262451171875,281.4879150390625,510.69329833984375,748.0208129882812,989.734375,1488.135986328125,2009.9091796875,2557.43505859375,3136.587890625,3753.48388671875,4412.7783203125,5117.82080078125,5876.98193359375,6700.18701171875,7597.373046875,8580.1318359375,9679.2021484375,10940.7431640625,12415.2197265625,14210.9501953125,16644.990234375,20720.529296875,26449.75
2024-05-06 12:00:00,298.65967454341234,999.3696989375001,298.4273986816406,297.9472961425781,299.3222961425781,299.66741943359375,298.107421875,294.02178955078125,289.68170166015625,286.31732177734375,284.91668701171875,282.24200439453125,279.36920166015625,274.30389404296875,268.8016052246094,264.03729248046875,255.95721435546875,247.09339904785156,240.42039489746094,232.03289794921875,219.62550354003906,210.2899932861328,199.28759765625,208.42469787597656,220.8531951904297,1000.0,975.0,950.0,925.0,900.0,850.0,800.0,750.0,700.0,650.0,600.0,550.0,500.0,450.0,400.0,350.0,300.0,250.0,200.0,150.0,100.0,50.0,20.0,73.08102416992188,295.16741943359375,523.201904296875,759.3472900390625,1000.829345703125,1498.718994140625,2019.845947265625,2566.60009765625,3146.821044921875,3763.906982421875,4423.6396484375,5129.412109375,5886.876953125,6710.02587890625,7606.0849609375,8588.9599609375,9686.8388671875,10949.646484375,12423.48046875,14225.669921875,16664.669921875,20725.109375,26472.5390625
2024-05-06 15:00:00,305.95880347836766,996.203045483192,304.12750244140625,301.9014892578125,299.9075012207031,297.8815002441406,297.0775146484375,294.0065002441406,289.8009033203125,287.3309020996094,285.82159423828125,283.3858947753906,280.2568054199219,274.19989013671875,269.1181945800781,263.8480224609375,256.26800537109375,247.34689331054688,240.86680603027344,232.45249938964844,219.6529998779297,210.81329345703125,199.8643035888672,208.99049377441406,220.96279907226562,1000.0,975.0,950.0,925.0,900.0,850.0,800.0,750.0,700.0,650.0,600.0,550.0,500.0,450.0,400.0,350.0,300.0,250.0,200.0,150.0,100.0,50.0,20.0,60.906280517578125,287.027587890625,517.0772094726562,751.213623046875,991.67626953125,1490.4090576171875,2011.303955078125,2559.697998046875,3140.43896484375,3759.52587890625,4421.61328125,5128.15576171875,5886.0498046875,6707.98583984375,7604.9912109375,8588.8740234375,9688.9482421875,10954.14453125,12430.8095703125,14237.419921875,16667.5703125,20723.130859375,26504.0
2024-05-06 18:00:00,307.3613596657198,994.6311735468751,307.00390625,305.290283203125,303.30389404296875,301.03338623046875,298.73388671875,294.05389404296875,289.3684997558594,288.53350830078125,286.9171142578125,285.59698486328125,280.55340576171875,274.52178955078125,269.15301513671875,264.27069091796875,256.30291748046875,247.6053924560547,240.55889892578125,232.20359802246094,219.5222930908203,210.90919494628906,199.30490112304688,208.7144012451172,219.24420166015625,1000.0,975.0,950.0,925.0,900.0,850.0,800.0,750.0,700.0,650.0,600.0,550.0,500.0,450.0,400.0,350.0,300.0,250.0,200.0,150.0,100.0,50.0,20.0,30.568252563476562,257.68768310546875,490.68670654296875,729.77392578125,971.15478515625,1469.6650390625,1991.203125,2539.138916015625,3123.277099609375,3745.507080078125,4409.39697265625,5116.60009765625,5875.0087890625,6698.27490234375,7596.02099609375,8580.3349609375,9682.455078125,10945.078125,12420.740234375,14222.76953125,16650.650390625,20704.48046875,26482.990234375
2024-05-06 21:00:00,301.4729242309123,994.1972135859376,302.4967041015625,305.285400390625,304.05621337890625,301.78668212890625,299.50347900390625,294.8330993652344,290.2893981933594,288.71490478515625,286.9898986816406,285.69720458984375,280.67718505859375,274.98699951171875,269.37139892578125,263.9122009277344,256.40899658203125,248.031494140625,239.83279418945312,232.07460021972656,219.81939697265625,210.19869995117188,198.23570251464844,209.37930297851562,220.8502960205078,1000.0,975.0,950.0,925.0,900.0,850.0,800.0,750.0,700.0,650.0,600.0,550.0,500.0,450.0,400.0,350.0,300.0,250.0,200.0,150.0,100.0,50.0,20.0,27.938629150390625,254.12518310546875,488.1842041015625,726.2803955078125,968.659912109375,1469.116943359375,1991.5,2540.154052734375,3123.885986328125,3746.304931640625,4411.1298828125,5118.9638671875,5879.0,6701.9482421875,7599.06298828125,8584.4677734375,9684.0771484375,10944.5166015625,12418.900390625,14220.0400390625,16645.5,20711.439453125,26490.939453125
2024-05-07 00:00:00,302.22052171320166,994.339031811317,301.45709228515625,304.3757019042969,303.39569091796875,301.2507019042969,299.09228515625,294.80072021484375,290.510986328125,287.3209228515625,286.72119140625,285.1463928222656,280.48150634765625,275.04150390625,269.5010986328125,263.6959228515625,256.69158935546875,247.7292022705078,240.08799743652344,231.26390075683594,219.84559631347656,209.0247039794922,199.48049926757812,209.27389526367188,220.0574951171875,1000.0,975.0,950.0,925.0,900.0,850.0,800.0,750.0,700.0,650.0,600.0,550.0,500.0,450.0,400.0,350.0,300.0,250.0,200.0,150.0,100.0,50.0,20.0,41.91194152832031,267.8760070800781,499.71051025390625,737.6041870117188,979.761474609375,1479.73095703125,2001.62890625,2550.760986328125,3133.9619140625,3755.383056640625,4419.3330078125,5127.27294921875,5886.47509765625,6709.384765625,7606.68115234375,8592.1982421875,9691.966796875,10950.2919921875,12423.9296875,14226.650390625,16648.80859375,20735.98046875,26492.890625
2024-05-07 03:00:00,301.33131245703123,997.333984375,301.81500244140625,301.60089111328125,300.6148986816406,299.970703125,298.1820983886719,295.0142822265625,290.962890625,287.3901062011719,286.02630615234375,284.67950439453125,280.29669189453125,274.2772216796875,269.19390869140625,263.63421630859375,256.45501708984375,248.03500366210938,240.5281982421875,231.44720458984375,219.08909606933594,208.89720153808594,202.3094940185547,208.60000610351562,218.55979919433594,1000.0,975.0,950.0,925.0,900.0,850.0,800.0,750.0,700.0,650.0,600.0,550.0,500.0,450.0,400.0,350.0,300.0,250.0,200.0,150.0,100.0,50.0,20.0,46.347869873046875,270.7523193359375,501.055419921875,737.4083862304688,979.036865234375,1478.009033203125,2000.925048828125,2551.15087890625,3132.491943359375,3753.56591796875,4416.65625,5123.73193359375,5882.27587890625,6704.0087890625,7601.30517578125,8587.021484375,9688.98046875,10949.478515625,12420.669921875,14216.0,16649.5390625,20740.98046875,26490.810546875
2024-05-07 06:00:00,299.7509322813978,994.5886656003795,300.7694091796875,300.55938720703125,300.19439697265625,299.67291259765625,298.4978942871094,294.8179016113281,290.5079040527344,286.92291259765625,285.301513671875,284.021484375,280.531494140625,274.54132080078125,269.14727783203125,263.9093017578125,256.609619140625,248.29989624023438,240.25210571289062,231.41189575195312,219.00289916992188,208.779296875,199.80960083007812,208.14779663085938,220.81179809570312,1000.0,975.0,950.0,925.0,900.0,850.0,800.0,750.0,700.0,650.0,600.0,550.0,500.0,450.0,400.0,350.0,300.0,250.0,200.0,150.0,100.0,50.0,20.0,39.66081237792969,263.7933044433594,492.82177734375,728.92431640625,970.321533203125,1469.8609619140625,1992.43798828125,2541.40283203125,3122.574951171875,3741.81103515625,4404.763671875,5112.19384765625,5871.0390625,6693.73876953125,7591.080078125,8578.0859375,9680.228515625,10939.0576171875,12410.9697265625,14208.7197265625,16643.08984375,20714.439453125,26469.0
2024-05-07 09:00:00,298.72136705107704,998.132369248817,299.83648681640625,299.36651611328125,299.62799072265625,299.23150634765625,297.9315185546875,293.86798095703125,289.5465087890625,286.7130126953125,284.9580078125,283.5794982910156,280.77801513671875,274.822509765625,268.998779296875,263.70831298828125,256.8518981933594,248.9467010498047,240.22369384765625,230.88059997558594,219.12510681152344,209.0959930419922,198.61180114746094,208.85279846191406,221.0988006591797,1000.0,975.0,950.0,925.0,900.0,850.0,800.0,750.0,700.0,650.0,600.0,550.0,500.0,450.0,400.0,350.0,300.0,250.0,200.0,150.0,100.0,50.0,20.0,44.255401611328125,266.8106994628906,495.27288818359375,730.80517578125,971.646728515625,1469.1259765625,1990.68115234375,2537.66796875,3117.919921875,3736.631103515625,4399.5439453125,5107.79296875,5866.19189453125,6688.416015625,7585.9541015625,8575.013671875,9679.2529296875,10936.75,12405.75,14204.33984375,16638.0,20706.349609375,26476.3203125
2024-05-07 12:00:00,299.444850240678,995.8423277097545,300.0350036621094,298.80859375,298.57177734375,298.67510986328125,297.37359619140625,293.30548095703125,289.49029541015625,287.265380859375,285.6340026855469,283.93731689453125,280.7333984375,274.71002197265625,268.6351013183594,263.30120849609375,257.0101013183594,248.94830322265625,240.27450561523438,230.60479736328125,219.41879272460938,208.37860107421875,198.34410095214844,210.11270141601562,220.94039916992188,1000.0,975.0,950.0,925.0,900.0,850.0,800.0,750.0,700.0,650.0,600.0,550.0,500.0,450.0,400.0,350.0,300.0,250.0,200.0,150.0,100.0,50.0,20.0,58.21684265136719,280.9136962890625,508.51910400390625,743.209716796875,983.2183837890625,1481.0169677734375,2001.89111328125,2549.23486328125,3130.85400390625,3749.998046875,4413.1728515625,5121.33984375,5879.69677734375,6699.43896484375,7598.033203125,8586.837890625,9690.470703125,10947.705078125,12414.919921875,14212.2900390625,16653.62890625,20715.51953125,26483.259765625
2024-05-07 15:00:00,307.8739716678209,996.009765625,306.7236022949219,303.75347900390625,301.25347900390625,298.98529052734375,296.6752014160156,292.61199951171875,289.90869140625,288.5653991699219,287.05218505859375,285.57391357421875,280.90771484375,274.9044189453125,268.767578125,263.3959045410156,257.106689453125,249.0583953857422,241.14999389648438,230.1479949951172,219.4799041748047,208.09979248046875,198.83360290527344,211.17599487304688,222.0626983642578,1000.0,975.0,950.0,925.0,900.0,850.0,800.0,750.0,700.0,650.0,600.0,550.0,500.0,450.0,400.0,350.0,300.0,250.0,200.0,150.0,100.0,50.0,20.0,43.9029541015625,269.9302978515625,501.8804931640625,737.9155883789062,978.2747802734375,1474.781005859375,1994.43994140625,2544.572998046875,3128.027099609375,3751.118896484375,4415.9482421875,5123.40478515625,5882.50390625,6702.7529296875,7601.048828125,8590.353515625,9695.9990234375,10953.521484375,12419.9599609375,14217.3603515625,16658.94140625,20726.650390625,26512.240234375
2024-05-07 18:00:00,309.79791566782086,992.021893139442,308.8087158203125,306.3370056152344,303.84869384765625,301.5704040527344,299.2703857421875,294.45098876953125,289.5021057128906,289.5285949707031,288.15118408203125,286.04290771484375,281.06939697265625,274.7808837890625,268.61309814453125,263.5225830078125,257.4193115234375,249.54930114746094,240.5825958251953,229.89500427246094,219.04110717773438,207.96409606933594,198.61549377441406,210.56239318847656,220.4477996826172,1000.0,975.0,950.0,925.0,900.0,850.0,800.0,750.0,700.0,650.0,600.0,550.0,500.0,450.0,400.0,350.0,300.0,250.0,200.0,150.0,100.0,50.0,20.0,14.8375244140625,242.74319458007812,476.5687255859375,714.4882202148438,956.6942138671875,1456.9580078125,1978.31396484375,2527.16796875,3112.31591796875,3736.37890625,4401.94921875,5110.884765625,5869.10498046875,6690.490234375,7588.869140625,8580.0234375,9687.396484375,10940.7802734375,12405.0,14201.0,16644.62890625,20713.01953125,26504.529296875
2024-05-07 21:00:00,305.0060037755385,993.728271484375,306.4400939941406,305.4747009277344,303.4801025390625,301.4700927734375,299.04510498046875,294.36358642578125,289.7987060546875,289.10040283203125,288.98040771484375,286.8638916015625,281.3424987792969,275.0581970214844,269.1900939941406,263.7991027832031,256.6734924316406,249.33050537109375,240.70970153808594,230.1407928466797,218.02040100097656,208.1060028076172,199.7720947265625,210.5930938720703,219.3426971435547,1000.0,975.0,950.0,925.0,900.0,850.0,800.0,750.0,700.0,650.0,600.0,550.0,500.0,450.0,400.0,350.0,300.0,250.0,200.0,150.0,100.0,50.0,20.0,13.876068115234375,240.94290161132812,473.9163818359375,710.9586181640625,954.287353515625,1454.70703125,1975.14013671875,2523.9541015625,3110.972900390625,3737.51806640625,4403.865234375,5113.962890625,5873.1337890625,6695.3720703125,7592.26220703125,8581.779296875,9688.224609375,10943.990234375,12404.830078125,14201.48046875,16646.7109375,20723.80078125,26506.810546875
2024-05-08 00:00:00,303.6663169768582,992.7837164074331,304.53399658203125,303.81689453125,302.076904296875,300.184814453125,298.2597961425781,294.08270263671875,290.26861572265625,289.5585021972656,289.43438720703125,286.76019287109375,281.3706970214844,275.106201171875,269.53179931640625,263.44219970703125,256.01312255859375,248.8175048828125,240.5469970703125,229.98699951171875,218.2747039794922,207.7982940673828,199.4407958984375,209.085205078125,218.639404296875,1000.0,975.0,950.0,925.0,900.0,850.0,800.0,750.0,700.0,650.0,600.0,550.0,500.0,450.0,400.0,350.0,300.0,250.0,200.0,150.0,100.0,50.0,20.0,25.484375,250.62701416015625,483.66290283203125,718.7794189453125,960.1754150390625,1458.7359619140625,1981.3330078125,2532.326904296875,3119.5029296875,3745.93603515625,4412.412109375,5121.48583984375,5881.423828125,6704.1337890625,7600.666015625,8586.181640625,9691.951171875,10949.0712890625,12409.759765625,14213.7998046875,16651.0390625,20738.189453125,26505.58984375
2024-05-08 03:00:00,301.73829981128625,996.894087998817,303.00439453125,302.1611022949219,300.41290283203125,299.01788330078125,297.8345947265625,294.0231018066406,290.8197937011719,289.85491943359375,289.8417053222656,287.02508544921875,281.40228271484375,274.86981201171875,269.0751953125,262.94000244140625,255.4888916015625,247.7093048095703,239.50900268554688,229.72549438476562,219.48890686035156,207.68190002441406,199.25100708007812,208.97079467773438,219.35020446777344,1000.0,975.0,950.0,925.0,900.0,850.0,800.0,750.0,700.0,650.0,600.0,550.0,500.0,450.0,400.0,350.0,300.0,250.0,200.0,150.0,100.0,50.0,20.0,31.420028686523438,256.3724060058594,486.2381591796875,722.2009887695312,962.4769287109375,1460.8310546875,1983.31494140625,2535.279052734375,3122.56591796875,3749.4189453125,4416.1123046875,5125.65478515625,5885.22509765625,6705.78076171875,7600.3818359375,8584.072265625,9685.1171875,10938.4853515625,12399.7001953125,14205.3798828125,16649.16015625,20731.859375,26510.41015625
2024-05-08 06:00:00,300.74721845732694,992.947186108192,301.99188232421875,301.02288818359375,299.39788818359375,298.4945983886719,297.3204040527344,293.4932861328125,290.1715087890625,290.1932067871094,289.30670166015625,286.4293212890625,281.68780517578125,275.34100341796875,269.13421630859375,262.9639892578125,255.43609619140625,247.5959930419922,239.44009399414062,229.1999969482422,219.07569885253906,208.20379638671875,199.97799682617188,208.04739379882812,219.39540100097656,1000.0,975.0,950.0,925.0,900.0,850.0,800.0,750.0,700.0,650.0,600.0,550.0,500.0,450.0,400.0,350.0,300.0,250.0,200.0,150.0,100.0,50.0,20.0,30.457748413085938,254.66909790039062,482.82379150390625,719.0628051757812,957.607177734375,1456.552001953125,1977.6591796875,2529.27587890625,3116.251953125,3741.363037109375,4408.35888671875,5117.8720703125,5878.23095703125,6699.7568359375,7593.5830078125,8577.173828125,9676.765625,10928.0068359375,12386.259765625,14194.6796875,16645.37890625,20725.1796875,26508.080078125
2024-05-08 09:00:00,299.52936666406254,993.8789488035045,300.8182067871094,300.09912109375,298.71588134765625,297.9459228515625,297.1392822265625,293.565185546875,290.35888671875,290.126220703125,289.4797058105469,286.7523193359375,281.71429443359375,275.4967041015625,268.9306945800781,262.3726806640625,254.94720458984375,247.36239624023438,239.46099853515625,228.98699951171875,219.19459533691406,208.6781005859375,200.57789611816406,208.68829345703125,218.66830444335938,1000.0,975.0,950.0,925.0,900.0,850.0,800.0,750.0,700.0,650.0,600.0,550.0,500.0,450.0,400.0,350.0,300.0,250.0,200.0,150.0,100.0,50.0,20.0,32.36653137207031,254.82980346679688,483.207275390625,717.6973876953125,958.516845703125,1455.990966796875,1977.654052734375,2529.84912109375,3116.43994140625,3742.672119140625,4410.1943359375,5120.31982421875,5880.23388671875,6699.4951171875,7591.59423828125,8572.544921875,9672.0859375,10923.00390625,12383.099609375,14195.740234375,16640.46875,20719.48046875,26497.509765625
2024-05-08 12:00:00,299.9678474298354,997.2200407343751,300.6160888671875,299.6378173828125,298.1378173828125,297.7438049316406,296.80950927734375,293.6221923828125,290.29388427734375,289.1907043457031,287.6790771484375,285.0426025390625,280.6016845703125,274.523681640625,268.37420654296875,262.3931884765625,253.83230590820312,247.3166046142578,238.6696014404297,228.55819702148438,218.79159545898438,209.51849365234375,201.69110107421875,210.22740173339844,221.3717041015625,1000.0,975.0,950.0,925.0,900.0,850.0,800.0,750.0,700.0,650.0,600.0,550.0,500.0,450.0,400.0,350.0,300.0,250.0,200.0,150.0,100.0,50.0,20.0,58.53216552734375,282.65191650390625,511.685302734375,744.8192749023438,985.2689208984375,1482.9859619140625,2004.8701171875,2555.235107421875,3139.947021484375,3762.8330078125,4426.98193359375,5134.7158203125,5892.455078125,6711.47216796875,7601.77099609375,8581.9228515625,9678.7919921875,10925.2490234375,12385.7998046875,14196.490234375,16660.55859375,20723.4609375,26509.05078125
2024-05-08 15:00:00,306.8362874134709,999.175537109375,304.7290954589844,302.25958251953125,300.26690673828125,297.99688720703125,295.6973876953125,292.38018798828125,289.9351806640625,287.5953063964844,285.2152099609375,282.16168212890625,277.99951171875,273.26959228515625,267.627197265625,261.455078125,253.522216796875,247.99769592285156,239.00079345703125,229.08880615234375,220.42269897460938,209.48370361328125,201.22760009765625,212.15769958496094,220.7906951904297,1000.0,975.0,950.0,925.0,900.0,850.0,800.0,750.0,700.0,650.0,600.0,550.0,500.0,450.0,400.0,350.0,300.0,250.0,200.0,150.0,100.0,50.0,20.0,72.609130859375,298.25592041015625,529.8272705078125,765.46728515625,1005.424072265625,1499.114013671875,2020.89990234375,2569.14599609375,3151.656982421875,3770.256103515625,4427.9453125,5130.48583984375,5886.35009765625,6702.89697265625,7591.01708984375,8571.166015625,9669.828125,10918.42578125,12385.919921875,14200.5703125,16663.9609375,20737.509765625,26546.060546875
2024-05-08 18:00:00,305.3399290245033,997.5484098750001,305.31890869140625,303.1038818359375,301.118896484375,298.8489074707031,296.54949951171875,292.3688049316406,288.30950927734375,285.734619140625,282.614501953125,281.03118896484375,277.1929931640625,274.8222961425781,268.95880126953125,261.9779968261719,254.60919189453125,247.9084014892578,239.02279663085938,228.87770080566406,220.0279998779297,209.61920166015625,202.70750427246094,213.1378936767578,222.72900390625,1000.0,975.0,950.0,925.0,900.0,850.0,800.0,750.0,700.0,650.0,600.0,550.0,500.0,450.0,400.0,350.0,300.0,250.0,200.0,150.0,100.0,50.0,20.0,67.69052124023438,294.67041015625,527.53271484375,762.476318359375,1003.701171875,1499.907958984375,2019.14111328125,2565.721923828125,3143.511962890625,3757.5439453125,4411.501953125,5116.5380859375,5876.14599609375,6696.14599609375,7586.65380859375,8569.263671875,9669.470703125,10915.07421875,12380.2197265625,14192.26953125,16651.30859375,20741.4296875,26520.560546875
2024-05-08 21:00:00,298.36075968809143,1001.6475309687501,298.0382995605469,297.58001708984375,296.3399963378906,295.32830810546875,294.0390930175781,290.7449951171875,288.32000732421875,285.7449951171875,281.5155944824219,279.30560302734375,276.9810791015625,273.423095703125,269.03399658203125,262.2337951660156,255.03411865234375,248.4727020263672,238.15330505371094,230.281005859375,219.9542999267578,210.1269989013672,202.456298828125,209.14109802246094,220.4326934814453,1000.0,975.0,950.0,925.0,900.0,850.0,800.0,750.0,700.0,650.0,600.0,550.0,500.0,450.0,400.0,350.0,300.0,250.0,200.0,150.0,100.0,50.0,20.0,95.12591552734375,317.5133056640625,545.7874145507812,778.1295776367188,1016.7440185546875,1510.6719970703125,2028.56982421875,2574.7509765625,3151.034912109375,3762.2509765625,4416.703125,5119.88818359375,5878.12890625,6697.52978515625,7589.462890625,8573.021484375,9672.544921875,10919.0439453125,12390.5400390625,14203.0400390625,16655.509765625,20756.880859375,26536.9609375
2024-05-09 00:00:00,295.82104484059846,1004.7975303816295,295.6553039550781,293.6934814453125,291.7135925292969,290.7034912109375,291.9136047363281,289.99908447265625,287.7073974609375,285.393310546875,282.04241943359375,279.3482971191406,276.0872802734375,273.8175048828125,268.99652099609375,261.9119873046875,255.65780639648438,247.20620727539062,238.60299682617188,230.84170532226562,219.38999938964844,209.6746063232422,202.81869506835938,208.04330444335938,219.96060180664062,1000.0,975.0,950.0,925.0,900.0,850.0,800.0,750.0,700.0,650.0,600.0,550.0,500.0,450.0,400.0,350.0,300.0,250.0,200.0,150.0,100.0,50.0,20.0,121.92280578613281,343.8388977050781,567.6436767578125,797.4818115234375,1031.5872802734375,1523.47802734375,2040.2568359375,2585.300048828125,3161.3740234375,3774.214111328125,4427.47705078125,5131.18115234375,5891.77490234375,6710.47216796875,7603.69384765625,8587.38671875,9682.0234375,10935.4287109375,12405.5703125,14215.0498046875,16661.51953125,20754.9296875,26537.130859375
2024-05-09 03:00:00,293.188957222952,1006.9526297097545,292.6614074707031,290.4613037109375,288.72308349609375,289.7113037109375,290.42138671875,290.13812255859375,287.4631042480469,285.1580810546875,281.80810546875,279.0880126953125,276.41998291015625,272.50799560546875,268.4600830078125,262.8500061035156,256.2409973144531,248.1824951171875,239.6385955810547,231.2924041748047,219.05690002441406,209.42640686035156,203.6519012451172,208.57479858398438,221.35079956054688,1000.0,975.0,950.0,925.0,900.0,850.0,800.0,750.0,700.0,650.0,600.0,550.0,500.0,450.0,400.0,350.0,300.0,250.0,200.0,150.0,100.0,50.0,20.0,141.72341918945312,358.6405944824219,580.4522705078125,807.3092041015625,1041.423828125,1529.3270263671875,2045.135009765625,2589.7060546875,3165.802978515625,3778.044921875,4431.8828125,5133.3271484375,5890.94384765625,6709.72998046875,7605.8837890625,8590.9111328125,9691.3046875,10949.2470703125,12420.490234375,14220.9599609375,16665.490234375,20749.880859375,26538.5390625
2024-05-09 06:00:00,290.2378886475195,1007.374382639442,290.8690185546875,288.91900634765625,286.92901611328125,286.16900634765625,287.6390075683594,288.10400390625,287.3139953613281,285.122314453125,282.89898681640625,280.227294921875,276.09619140625,272.9525146484375,268.9472961425781,262.58111572265625,256.48712158203125,248.3572998046875,240.34109497070312,231.2552032470703,219.00750732421875,209.2198944091797,201.02059936523438,207.88380432128906,221.1855926513672,1000.0,975.0,950.0,925.0,900.0,850.0,800.0,750.0,700.0,650.0,600.0,550.0,500.0,450.0,400.0,350.0,300.0,250.0,200.0,150.0,100.0,50.0,20.0,142.1345977783203,357.841796875,578.415283203125,803.0443115234375,1033.9307861328125,1518.35498046875,2030.66015625,2575.200927734375,3152.742919921875,3767.73095703125,4422.8818359375,5125.02197265625,5883.1259765625,6703.4130859375,7598.65478515625,8585.8291015625,9686.3017578125,10946.1689453125,12417.3798828125,14221.7099609375,16651.05078125,20736.01953125,26532.5703125
2024-05-09 09:00:00,288.95992535771757,1007.9121023660045,288.59881591796875,286.6448974609375,285.4088134765625,287.1605224609375,289.0037841796875,288.22052001953125,287.56719970703125,285.2640075683594,282.67388916015625,279.6940002441406,275.7965087890625,272.6940002441406,269.4398193359375,263.53619384765625,256.7644958496094,248.33580017089844,241.34640502929688,230.9853973388672,217.59230041503906,208.72140502929688,200.418701171875,209.22720336914062,220.08839416503906,1000.0,975.0,950.0,925.0,900.0,850.0,800.0,750.0,700.0,650.0,600.0,550.0,500.0,450.0,400.0,350.0,300.0,250.0,200.0,150.0,100.0,50.0,20.0,138.02938842773438,353.1694030761719,570.1607666015625,795.1868896484375,1027.4521484375,1511.5999755859375,2025.5888671875,2571.718017578125,3148.781005859375,3762.822998046875,4416.626953125,5119.47900390625,5878.59814453125,6700.66796875,7597.9609375,8584.49609375,9690.740234375,10951.939453125,12415.76953125,14216.2900390625,16644.69140625,20728.33984375,26518.650390625
2024-05-09 12:00:00,288.0362448356417,1008.1286711054688,287.20111083984375,285.74591064453125,286.27587890625,287.5220031738281,289.2467041015625,289.35760498046875,287.8345031738281,285.67108154296875,283.09100341796875,279.2808837890625,276.798095703125,273.4295959472656,269.5294189453125,263.6051940917969,256.00592041015625,249.48049926757812,241.88319396972656,230.56399536132812,219.06939697265625,209.33169555664062,202.74620056152344,211.24429321289062,218.03309631347656,1000.0,975.0,950.0,925.0,900.0,850.0,800.0,750.0,700.0,650.0,600.0,550.0,500.0,450.0,400.0,350.0,300.0,250.0,200.0,150.0,100.0,50.0,20.0,150.30918884277344,362.7810974121094,581.0947265625,807.435791015625,1037.988037109375,1526.6689453125,2043.11083984375,2589.6298828125,3167.0048828125,3781.087890625,4435.52294921875,5138.85888671875,5898.60400390625,6720.86376953125,7617.1171875,8604.693359375,9714.76953125,10973.974609375,12438.98046875,14243.6796875,16668.66015625,20750.810546875,26524.9296875
2024-05-09 15:00:00,290.30728806880296,1007.8999723750001,288.17401123046875,286.4840087890625,286.02398681640625,288.284912109375,290.52490234375,290.4105224609375,287.91131591796875,285.526611328125,282.732177734375,279.7557067871094,276.6710205078125,275.5845947265625,270.27630615234375,262.78521728515625,256.11590576171875,250.1721954345703,241.63160705566406,230.02499389648438,219.62249755859375,208.8957061767578,202.64720153808594,212.51010131835938,219.7841033935547,1000.0,975.0,950.0,925.0,900.0,850.0,800.0,750.0,700.0,650.0,600.0,550.0,500.0,450.0,400.0,350.0,300.0,250.0,200.0,150.0,100.0,50.0,20.0,147.31259155273438,361.9189147949219,580.3106689453125,806.6923217773438,1039.253173828125,1529.8170166015625,2047.927978515625,2593.89794921875,3170.448974609375,3784.27294921875,4438.73388671875,5144.3349609375,5906.8701171875,6728.89013671875,7622.0087890625,8611.974609375,9723.439453125,10980.9970703125,12450.2197265625,14250.6201171875,16679.490234375,20765.109375,26525.029296875
2024-05-09 18:00:00,292.48472924212604,1003.8537077265626,290.65740966796875,288.4790954589844,287.01910400390625,288.2908020019531,289.7908020019531,289.9425964355469,288.2152099609375,285.8569030761719,283.327880859375,279.789306640625,277.68988037109375,276.337890625,270.29962158203125,263.4385986328125,256.55450439453125,250.49110412597656,241.3031005859375,230.0023956298828,219.83529663085938,208.6197052001953,201.29769897460938,210.09860229492188,221.62359619140625,1000.0,975.0,950.0,925.0,900.0,850.0,800.0,750.0,700.0,650.0,600.0,550.0,500.0,450.0,400.0,350.0,300.0,250.0,200.0,150.0,100.0,50.0,20.0,124.04708862304688,341.33538818359375,560.3995361328125,785.41748046875,1020.5927734375,1510.258056640625,2026.33984375,2573.1201171875,3151.31005859375,3766.7900390625,4421.955078125,5129.47607421875,5892.52099609375,6715.4541015625,7611.90185546875,8603.34375,9714.34765625,10969.283203125,12443.41015625,14241.76953125,16668.98046875,20752.029296875,26520.30078125
2024-05-09 21:00:00,290.56632300431914,1003.5640053643189,291.46881103515625,289.51959228515625,287.8088073730469,288.0596008300781,289.7944030761719,290.16522216796875,289.4060974121094,286.256103515625,283.68609619140625,280.3460998535156,279.03558349609375,276.55169677734375,270.6759033203125,264.0303039550781,256.65911865234375,250.39869689941406,241.06210327148438,229.37269592285156,219.79159545898438,208.889404296875,200.74220275878906,209.00050354003906,222.30130004882812,1000.0,975.0,950.0,925.0,900.0,850.0,800.0,750.0,700.0,650.0,600.0,550.0,500.0,450.0,400.0,350.0,300.0,250.0,200.0,150.0,100.0,50.0,20.0,118.03074645996094,333.581298828125,554.9627075195312,780.3441162109375,1013.9326171875,1503.616943359375,2021.94384765625,2569.23291015625,3149.2529296875,3764.18798828125,4419.8720703125,5129.12890625,5893.666015625,6717.84423828125,7614.76220703125,8605.029296875,9715.2451171875,10970.693359375,12440.2998046875,14245.7900390625,16668.9296875,20746.990234375,26532.119140625
2024-05-10 00:00:00,292.2041419798619,1006.0987073532482,291.37921142578125,289.685302734375,288.97528076171875,289.48089599609375,290.2109069824219,290.33709716796875,288.83441162109375,285.81939697265625,283.6361083984375,280.6976013183594,280.60821533203125,277.06048583984375,270.58502197265625,264.1773986816406,256.8146057128906,249.97579956054688,241.03469848632812,230.37930297851562,219.81019592285156,208.6374053955078,200.46380615234375,208.39979553222656,219.6884002685547,1000.0,975.0,950.0,925.0,900.0,850.0,800.0,750.0,700.0,650.0,600.0,550.0,500.0,450.0,400.0,350.0,300.0,250.0,200.0,150.0,100.0,50.0,20.0,124.01913452148438,341.1241149902344,562.0689697265625,788.9979858398438,1024.1129150390625,1513.8299560546875,2032.14892578125,2578.373046875,3156.27587890625,3771.333984375,4430.39697265625,5142.47216796875,5905.8759765625,6731.494140625,7629.26318359375,8620.828125,9727.751953125,10984.8095703125,12457.4697265625,14254.75,16678.51953125,20755.869140625,26537.560546875
2024-05-10 03:00:00,292.33143141856027,1005.7195884870982,291.81549072265625,290.3684997558594,290.39849853515625,291.40838623046875,291.13848876953125,291.75848388671875,289.38348388671875,286.22637939453125,284.29248046875,281.4483947753906,280.3778076171875,275.98529052734375,270.2727966308594,263.0443115234375,257.03900146484375,250.05140686035156,241.0052947998047,230.16510009765625,219.80569458007812,208.63079833984375,200.61270141601562,208.81210327148438,219.15040588378906,1000.0,975.0,950.0,925.0,900.0,850.0,800.0,750.0,700.0,650.0,600.0,550.0,500.0,450.0,400.0,350.0,300.0,250.0,200.0,150.0,100.0,50.0,20.0,117.5313720703125,334.9643859863281,557.234130859375,785.4849853515625,1020.95458984375,1512.386962890625,2032.455078125,2579.462890625,3157.68994140625,3773.68408203125,4434.01904296875,5143.45703125,5906.291015625,6728.501953125,7625.625,8616.326171875,9725.6806640625,10981.732421875,12451.48046875,14244.169921875,16680.640625,20751.509765625,26512.970703125
2024-05-10 06:00:00,292.769069095851,1003.1723722773438,291.6856994628906,290.2456970214844,290.52288818359375,291.27288818359375,290.7456970214844,291.2319030761719,288.8428955078125,285.9368896484375,283.74188232421875,281.48431396484375,280.2384948730469,275.9525146484375,270.28369140625,263.7438049316406,257.54071044921875,250.7198028564453,240.60740661621094,230.4936981201172,219.59750366210938,209.0301055908203,199.9246063232422,208.1779022216797,218.7263946533203,1000.0,975.0,950.0,925.0,900.0,850.0,800.0,750.0,700.0,650.0,600.0,550.0,500.0,450.0,400.0,350.0,300.0,250.0,200.0,150.0,100.0,50.0,20.0,107.29278564453125,324.385009765625,546.3111572265625,775.2420043945312,1011.3992919921875,1501.2679443359375,2019.8291015625,2566.43408203125,3143.822021484375,3759.325927734375,4418.6123046875,5128.1689453125,5890.61279296875,6714.1337890625,7612.27490234375,8608.232421875,9715.4208984375,10972.435546875,12442.7802734375,14237.48046875,16667.87109375,20735.990234375,26486.7890625
2024-05-10 09:00:00,291.36467140503635,1000.4761778074107,291.91900634765625,290.477783203125,290.5050048828125,291.2650146484375,290.4949951171875,291.12078857421875,288.87078857421875,285.6058044433594,282.6737060546875,281.5740966796875,281.2543029785156,276.11328125,270.1221008300781,264.455322265625,258.0953063964844,250.39610290527344,240.64869689941406,229.9676971435547,219.3072967529297,209.10260009765625,199.07899475097656,208.05819702148438,220.37789916992188,1000.0,975.0,950.0,925.0,900.0,850.0,800.0,750.0,700.0,650.0,600.0,550.0,500.0,450.0,400.0,350.0,300.0,250.0,200.0,150.0,100.0,50.0,20.0,102.69793701171875,319.8518981933594,541.8133544921875,770.7572021484375,1005.91162109375,1495.6949462890625,2014.073974609375,2560.383056640625,3136.343994140625,3749.9609375,4412.21484375,5122.7939453125,5885.759765625,6710.22900390625,7611.23193359375,8606.087890625,9713.5966796875,10967.271484375,12434.009765625,14230.2900390625,16659.96875,20709.390625,26471.029296875
2024-05-10 12:00:00,293.48328743989674,1005.6667320417857,292.7064208984375,291.01348876953125,291.548095703125,291.3092956542969,291.0335998535156,291.6593017578125,288.7872009277344,285.63720703125,282.58721923828125,281.5972900390625,281.43011474609375,276.0596008300781,270.35601806640625,263.9591979980469,259.3002014160156,250.2895050048828,239.97779846191406,229.5666046142578,219.1343994140625,208.9250946044922,199.74459838867188,210.2751007080078,219.81930541992188,1000.0,975.0,950.0,925.0,900.0,850.0,800.0,750.0,700.0,650.0,600.0,550.0,500.0,450.0,400.0,350.0,300.0,250.0,200.0,150.0,100.0,50.0,20.0,110.88873291015625,328.0563049316406,551.063232421875,781.0311279296875,1016.2208251953125,1508.053955078125,2026.510009765625,2571.8759765625,3147.9150390625,3761.634033203125,4423.6591796875,5134.3759765625,5897.1279296875,6721.4091796875,7624.30712890625,8620.337890625,9726.478515625,10978.9912109375,12444.080078125,14234.5,16655.4609375,20731.990234375,26490.5390625
2024-05-10 15:00:00,300.56469390068634,1005.1183311628795,296.6837158203125,294.49658203125,292.2947998046875,290.56378173828125,292.05657958984375,291.7095031738281,288.607421875,285.1123962402344,282.7102966308594,281.50341796875,280.898681640625,275.39190673828125,270.1914978027344,264.52850341796875,258.42559814453125,250.73550415039062,239.96710205078125,230.16969299316406,218.9248046875,208.92770385742188,199.30799865722656,210.03500366210938,218.8936004638672,1000.0,975.0,950.0,925.0,900.0,850.0,800.0,750.0,700.0,650.0,600.0,550.0,500.0,450.0,400.0,350.0,300.0,250.0,200.0,150.0,100.0,50.0,20.0,110.15090942382812,329.6416931152344,554.905517578125,784.1358032226562,1019.53369140625,1511.64501953125,2029.2138671875,2574.47509765625,3150.208984375,3762.826904296875,4423.955078125,5133.958984375,5895.3779296875,6718.90380859375,7621.15478515625,8618.357421875,9725.4970703125,10978.9951171875,12446.7900390625,14234.009765625,16667.0,20739.869140625,26493.609375
2024-05-10 18:00:00,301.4473674440987,1000.720748155067,299.43438720703125,297.2655944824219,295.077392578125,292.857421875,290.6174011230469,291.8002014160156,289.10321044921875,285.51318359375,282.64111328125,280.70050048828125,279.935302734375,275.13861083984375,269.5731201171875,264.54840087890625,259.05792236328125,251.34390258789062,241.3668975830078,230.88369750976562,218.081298828125,209.40919494628906,199.2091064453125,210.30299377441406,220.2012939453125,1000.0,975.0,950.0,925.0,900.0,850.0,800.0,750.0,700.0,650.0,600.0,550.0,500.0,450.0,400.0,350.0,300.0,250.0,200.0,150.0,100.0,50.0,20.0,88.20500183105469,311.65350341796875,538.8505859375,769.964111328125,1005.186279296875,1494.81005859375,2013.671875,2558.993896484375,3134.49609375,3746.861083984375,4404.470703125,5112.89990234375,5873.509765625,6697.169921875,7600.53515625,8599.572265625,9710.890625,10968.41796875,12437.51953125,14220.9404296875,16652.830078125,20712.150390625,26466.990234375
2024-05-10 21:00:00,296.38285584253623,1000.2880088972545,297.57049560546875,297.16168212890625,294.974609375,293.00921630859375,291.5263977050781,292.45751953125,289.779296875,286.57537841796875,284.33831787109375,282.4647216796875,280.39910888671875,275.2052001953125,269.49151611328125,264.1925048828125,258.52227783203125,251.26119995117188,240.9595947265625,231.2602996826172,218.68299865722656,208.87210083007812,199.64959716796875,209.75079345703125,221.1096954345703,1000.0,975.0,950.0,925.0,900.0,850.0,800.0,750.0,700.0,650.0,600.0,550.0,500.0,450.0,400.0,350.0,300.0,250.0,200.0,150.0,100.0,50.0,20.0,81.47590637207031,304.2937927246094,530.8323974609375,763.2847290039062,999.826416015625,1490.06298828125,2010.43798828125,2557.215087890625,3135.0830078125,3750.14794921875,4410.60107421875,5119.02197265625,5880.34521484375,6703.625,7605.3662109375,8600.5927734375,9712.5380859375,10972.3212890625,12442.009765625,14228.490234375,16650.19140625,20705.130859375,26489.359375
2024-05-11 00:00:00,294.0705409786635,1001.4752897578126,294.76849365234375,295.84869384765625,295.16851806640625,294.9486999511719,294.70867919921875,292.151611328125,289.2044982910156,285.634521484375,284.02239990234375,282.4901123046875,279.8843994140625,275.11077880859375,269.88568115234375,264.6951904296875,257.87420654296875,250.76080322265625,241.2176055908203,230.72120666503906,219.30059814453125,207.14549255371094,198.72000122070312,208.485595703125,220.25320434570312,1000.0,975.0,950.0,925.0,900.0,850.0,800.0,750.0,700.0,650.0,600.0,550.0,500.0,450.0,400.0,350.0,300.0,250.0,200.0,150.0,100.0,50.0,20.0,94.96539306640625,315.9136962890625,542.6163330078125,775.2028198242188,1012.8988037109375,1507.446044921875,2026.162109375,2572.27490234375,3148.5,3763.764892578125,4423.47265625,5131.4130859375,5892.55712890625,6717.26123046875,7618.341796875,8612.390625,9722.8818359375,10980.818359375,12451.98046875,14237.3095703125,16654.509765625,20719.869140625,26483.01953125
2024-05-11 03:00:00,293.22244882226556,1003.3542320417857,293.9656982421875,295.0513000488281,295.1121826171875,295.1484069824219,295.40838623046875,293.22509765625,289.53240966796875,284.58349609375,280.9649963378906,281.7633972167969,279.77630615234375,276.1141052246094,271.6000061035156,265.318115234375,258.397705078125,250.65220642089844,241.09860229492188,231.11929321289062,218.96319580078125,205.960693359375,198.02549743652344,208.17849731445312,220.00070190429688,1000.0,975.0,950.0,925.0,900.0,850.0,800.0,750.0,700.0,650.0,600.0,550.0,500.0,450.0,400.0,350.0,300.0,250.0,200.0,150.0,100.0,50.0,20.0,94.90260314941406,315.83160400390625,542.4876708984375,774.0433959960938,1012.6978759765625,1508.1529541015625,2027.76806640625,2573.299072265625,3147.425048828125,3759.08203125,4418.9189453125,5128.0849609375,5892.376953125,6721.15087890625,7623.65380859375,8618.9677734375,9728.7177734375,10987.587890625,12458.2099609375,14241.5595703125,16649.349609375,20723.869140625,26487.0703125
2024-05-11 06:00:00,294.2035435471708,1000.6019987421876,294.5950927734375,294.93438720703125,295.0050964355469,295.29461669921875,295.5579833984375,293.49798583984375,289.3109130859375,284.10858154296875,280.75390625,280.67388916015625,279.68408203125,275.8175048828125,271.07159423828125,265.352783203125,258.5989990234375,250.84339904785156,241.25059509277344,231.2050018310547,218.71929931640625,206.18179321289062,198.2678985595703,208.56590270996094,219.47169494628906,1000.0,975.0,950.0,925.0,900.0,850.0,800.0,750.0,700.0,650.0,600.0,550.0,500.0,450.0,400.0,350.0,300.0,250.0,200.0,150.0,100.0,50.0,20.0,85.15420532226562,305.8013916015625,531.1871337890625,764.4561767578125,1002.8267822265625,1498.697021484375,2019.68798828125,2564.06494140625,3137.998046875,3749.506103515625,4408.11328125,5116.791015625,5879.77685546875,6707.4638671875,7611.7412109375,8607.109375,9717.3603515625,10978.2412109375,12447.009765625,14228.0302734375,16635.8203125,20717.849609375,26461.140625
2024-05-11 09:00:00,294.80197393915734,1000.4839567500001,294.7001037597656,294.78570556640625,294.8609924316406,294.9010009765625,294.4127197265625,292.47772216796875,288.4234924316406,283.9833068847656,280.5050048828125,279.25640869140625,280.0834045410156,275.997802734375,271.04779052734375,265.3865966796875,258.3665771484375,250.62210083007812,240.89990234375,231.26260375976562,218.53909301757812,206.43960571289062,198.96090698242188,207.98080444335938,219.7061004638672,1000.0,975.0,950.0,925.0,900.0,850.0,800.0,750.0,700.0,650.0,600.0,550.0,500.0,450.0,400.0,350.0,300.0,250.0,200.0,150.0,100.0,50.0,20.0,81.28349304199219,301.63330078125,527.7152099609375,760.6834106445312,998.73681640625,1492.9549560546875,2011.262939453125,2555.923095703125,3128.60009765625,3737.81005859375,4398.33203125,5107.32177734375,5871.2421875,6699.01904296875,7602.0380859375,8596.73828125,9706.2919921875,10966.8994140625,12435.2802734375,14216.23046875,16625.830078125,20692.0,26431.349609375
2024-05-11 12:00:00,295.8818962212946,1003.2472984480357,295.2626037597656,294.35260009765625,294.406005859375,294.68878173828125,294.44830322265625,292.5061950683594,288.3096008300781,283.9790954589844,280.10699462890625,278.806884765625,280.181396484375,276.015380859375,270.2958068847656,265.0137939453125,258.35650634765625,250.283203125,241.3043975830078,231.2342071533203,218.42909240722656,206.1049041748047,199.30799865722656,206.33790588378906,218.8686981201172,1000.0,975.0,950.0,925.0,900.0,850.0,800.0,750.0,700.0,650.0,600.0,550.0,500.0,450.0,400.0,350.0,300.0,250.0,200.0,150.0,100.0,50.0,20.0,97.76528930664062,319.0877990722656,544.161865234375,777.146728515625,1015.2374267578125,1509.5999755859375,2028.166015625,2572.177001953125,3144.364013671875,3753.59912109375,4413.14208984375,5122.875,5884.8291015625,6710.48388671875,7612.84716796875,8607.529296875,9716.2353515625,10975.9658203125,12446.3095703125,14227.0703125,16630.5,20699.640625,26450.400390625
2024-05-11 15:00:00,297.64799271815843,1003.4413902449107,297.3739013671875,295.2077941894531,294.5238952636719,295.06390380859375,295.0767822265625,292.76678466796875,288.3267822265625,283.5068054199219,281.02679443359375,278.5946960449219,279.5714111328125,274.8336181640625,270.9483947753906,265.72930908203125,258.349609375,250.02659606933594,240.81069946289062,230.7996063232422,219.12759399414062,205.79510498046875,198.78109741210938,208.0491943359375,220.3083038330078,1000.0,975.0,950.0,925.0,900.0,850.0,800.0,750.0,700.0,650.0,600.0,550.0,500.0,450.0,400.0,350.0,300.0,250.0,200.0,150.0,100.0,50.0,20.0,99.39340209960938,320.0556945800781,546.4548950195312,778.7429809570312,1017.116943359375,1511.0260009765625,2030.06884765625,2572.47412109375,3145.946044921875,3755.510009765625,4413.2568359375,5120.48486328125,5882.3271484375,6710.451171875,7613.72900390625,8607.4169921875,9715.1630859375,10974.0068359375,12445.080078125,14229.4697265625,16630.640625,20700.400390625,26461.599609375
2024-05-11 18:00:00,306.20010486342915,1000.1886436628795,300.05718994140625,297.6571960449219,295.4772033691406,293.52008056640625,292.0368957519531,292.99688720703125,288.826904296875,285.0184020996094,281.0469055175781,281.4519958496094,280.03778076171875,275.40618896484375,271.63238525390625,265.560791015625,258.5715026855469,250.15530395507812,239.99349975585938,230.6746063232422,219.02630615234375,205.556396484375,199.8511962890625,209.710693359375,221.39430236816406,1000.0,975.0,950.0,925.0,900.0,850.0,800.0,750.0,700.0,650.0,600.0,550.0,500.0,450.0,400.0,350.0,300.0,250.0,200.0,150.0,100.0,50.0,20.0,70.9833984375,294.6839904785156,522.0819091796875,753.3577270507812,990.7022705078125,1482.4560546875,2002.255859375,2547.304931640625,3123.281982421875,3733.10009765625,4393.9658203125,5102.35400390625,5865.5810546875,6694.85693359375,7598.34521484375,8593.5009765625,9698.9814453125,10954.75390625,12425.16015625,14210.4599609375,16615.419921875,20680.0,26459.640625
2024-05-11 21:00:00,298.2321936820842,998.2517790156251,297.7152099609375,296.826904296875,296.40692138671875,295.2169189453125,293.24371337890625,291.71539306640625,289.8240051269531,285.29229736328125,280.8507995605469,278.8175048828125,278.7169189453125,276.07330322265625,271.95611572265625,266.3201904296875,258.90008544921875,250.0402069091797,239.9644012451172,230.52850341796875,219.58999633789062,205.71400451660156,200.5229034423828,209.81900024414062,220.85549926757812,1000.0,975.0,950.0,925.0,900.0,850.0,800.0,750.0,700.0,650.0,600.0,550.0,500.0,450.0,400.0,350.0,300.0,250.0,200.0,150.0,100.0,50.0,20.0,71.818603515625,293.9547119140625,521.7794799804688,753.448974609375,991.140625,1483.4930419921875,2003.7060546875,2549.993896484375,3125.0048828125,3734.212890625,4389.40087890625,5097.85205078125,5862.72509765625,6693.576171875,7599.923828125,8594.7734375,9698.6435546875,10954.9619140625,12426.2197265625,14208.51953125,16614.0,20683.880859375,26468.9609375
2024-05-12 00:00:00,295.7733493955817,998.7915739375001,294.19818115234375,293.811279296875,294.38818359375,295.2080993652344,295.98822021484375,292.97821044921875,288.4617004394531,283.444580078125,281.38958740234375,280.42138671875,279.3173828125,274.8410949707031,270.35699462890625,265.20330810546875,259.02398681640625,250.02430725097656,240.0883026123047,230.4207000732422,219.74850463867188,205.50729370117188,200.19920349121094,210.11599731445312,217.4613037109375,1000.0,975.0,950.0,925.0,900.0,850.0,800.0,750.0,700.0,650.0,600.0,550.0,500.0,450.0,400.0,350.0,300.0,250.0,200.0,150.0,100.0,50.0,20.0,84.1466064453125,303.52740478515625,530.5836791992188,761.4492797851562,1000.3427734375,1497.0179443359375,2015.488037109375,2558.925048828125,3131.991943359375,3743.85009765625,4403.6943359375,5110.27001953125,5871.97509765625,6698.51123046875,7603.369140625,8598.53515625,9703.146484375,10959.1240234375,12430.8701171875,14215.419921875,16627.96875,20699.150390625,26459.990234375
2024-05-12 03:00:00,293.77573348586907,1001.3785850691295,293.25140380859375,292.62261962890625,293.2174987792969,293.5419006347656,293.82672119140625,292.58868408203125,288.5928955078125,284.3446960449219,281.1890869140625,277.97021484375,281.12042236328125,276.50689697265625,271.0559997558594,265.0911865234375,258.62548828125,250.42579650878906,240.37680053710938,230.08180236816406,219.63609313964844,205.7041015625,199.74630737304688,208.47030639648438,218.77340698242188,1000.0,975.0,950.0,925.0,900.0,850.0,800.0,750.0,700.0,650.0,600.0,550.0,500.0,450.0,400.0,350.0,300.0,250.0,200.0,150.0,100.0,50.0,20.0,85.5299072265625,303.668212890625,528.4376220703125,759.9984130859375,996.5562744140625,1491.458984375,2010.03515625,2553.930908203125,3128.279052734375,3737.489013671875,4396.6689453125,5108.01123046875,5872.65380859375,6699.12109375,7602.69384765625,8597.52734375,9704.7470703125,10960.015625,12427.7099609375,14214.9697265625,16628.0,20700.16015625,26445.919921875
2024-05-12 06:00:00,293.4218350543917,999.7124723750001,292.8778991699219,291.5079040527344,291.8522033691406,293.1878967285156,293.2379150390625,292.25299072265625,288.77288818359375,284.0372009277344,281.531005859375,276.8135986328125,280.8480224609375,276.75579833984375,271.35400390625,265.9091796875,259.4205017089844,249.939697265625,240.76609802246094,230.16310119628906,219.8188018798828,205.43699645996094,200.28700256347656,209.08050537109375,220.26589965820312,1000.0,975.0,950.0,925.0,900.0,850.0,800.0,750.0,700.0,650.0,600.0,550.0,500.0,450.0,400.0,350.0,300.0,250.0,200.0,150.0,100.0,50.0,20.0,75.00190734863281,293.1231994628906,515.8649291992188,746.3637084960938,983.827880859375,1476.5050048828125,1995.712890625,2539.6240234375,3112.873046875,3722.43701171875,4380.56298828125,5091.38623046875,5856.5400390625,6685.123046875,7591.494140625,8587.9560546875,9694.6640625,10951.2158203125,12420.650390625,14209.33984375,16613.990234375,20681.890625,26421.349609375
2024-05-12 09:00:00,292.5625696814928,998.447265625,292.59429931640625,290.71429443359375,290.8143005371094,292.38427734375,292.93310546875,291.32318115234375,287.96319580078125,283.59130859375,281.447021484375,277.1759033203125,280.9400939941406,277.5960998535156,271.760009765625,266.013916015625,258.57989501953125,249.91000366210938,240.5126953125,229.63760375976562,219.7899932861328,205.11199951171875,201.11610412597656,208.6269989013672,219.5666046142578,1000.0,975.0,950.0,925.0,900.0,850.0,800.0,750.0,700.0,650.0,600.0,550.0,500.0,450.0,400.0,350.0,300.0,250.0,200.0,150.0,100.0,50.0,20.0,71.81390380859375,289.4690856933594,511.7393798828125,741.7745971679688,977.809814453125,1470.6590576171875,1988.083984375,2530.291015625,3103.886962890625,3714.14599609375,4371.046875,5083.7978515625,5850.60107421875,6680.6318359375,7584.71484375,8579.08984375,9685.029296875,10941.2021484375,12408.48046875,14196.0,16601.140625,20665.470703125,26423.720703125
2024-05-12 12:00:00,292.18107132182195,1001.2691130000001,291.8746032714844,289.9945983886719,290.5946044921875,291.92462158203125,292.214599609375,290.236083984375,287.7510986328125,284.5111083984375,281.6159973144531,279.12750244140625,280.0419006347656,276.4910888671875,272.1322021484375,265.5906982421875,258.297607421875,249.87510681152344,240.53660583496094,230.3524932861328,219.23590087890625,205.28399658203125,201.10069274902344,208.8813934326172,220.8719940185547,1000.0,975.0,950.0,925.0,900.0,850.0,800.0,750.0,700.0,650.0,600.0,550.0,500.0,450.0,400.0,350.0,300.0,250.0,200.0,150.0,100.0,50.0,20.0,88.18170166015625,304.66680908203125,526.7824096679688,756.6599731445312,992.512939453125,1482.998046875,1999.05517578125,2542.863037109375,3118.052001953125,3730.125,4384.451171875,5095.27783203125,5861.47509765625,6691.76220703125,7595.65283203125,8589.103515625,9694.48828125,10952.6591796875,12419.2802734375,14206.8603515625,16606.599609375,20674.490234375,26442.439453125
2024-05-12 15:00:00,295.14013693554676,999.9124755859375,292.08441162109375,289.95489501953125,289.2958068847656,290.364990234375,291.4143981933594,291.41778564453125,288.55291748046875,284.5462951660156,281.13568115234375,278.9407043457031,280.00457763671875,277.08258056640625,271.64520263671875,265.364501953125,258.3291931152344,249.64520263671875,240.5117950439453,230.9822998046875,219.29730224609375,205.51589965820312,201.5959930419922,208.7642059326172,221.0334014892578,1000.0,975.0,950.0,925.0,900.0,850.0,800.0,750.0,700.0,650.0,600.0,550.0,500.0,450.0,400.0,350.0,300.0,250.0,200.0,150.0,100.0,50.0,20.0,89.46229553222656,307.6506042480469,529.480224609375,757.1021118164062,992.709716796875,1483.758056640625,2001.4580078125,2547.012939453125,3121.011962890625,3731.22802734375,4387.544921875,5098.5859375,5864.9267578125,6692.81982421875,7595.85009765625,8589.9169921875,9694.2412109375,10954.7333984375,12423.740234375,14210.7099609375,16621.05078125,20682.150390625,26460.0390625
2024-05-12 18:00:00,292.91640128725714,998.7229704218751,291.79119873046875,289.66119384765625,288.25482177734375,288.5711975097656,288.61480712890625,290.1265869140625,288.006591796875,284.50201416015625,281.85198974609375,279.2705078125,280.61529541015625,277.2225036621094,271.3377990722656,265.6265869140625,258.2980041503906,249.8050994873047,240.33299255371094,230.92210388183594,219.6959991455078,205.40220642089844,201.30819702148438,208.77279663085938,219.55999755859375,1000.0,975.0,950.0,925.0,900.0,850.0,800.0,750.0,700.0,650.0,600.0,550.0,500.0,450.0,400.0,350.0,300.0,250.0,200.0,150.0,100.0,50.0,20.0,78.92111206054688,295.093505859375,516.8773193359375,744.4718017578125,978.045166015625,1465.02197265625,1981.633056640625,2526.096923828125,3101.02294921875,3712.18603515625,4372.828125,5085.4248046875,5850.4951171875,6678.658203125,7582.64404296875,8576.2177734375,9681.98828125,10940.7607421875,12411.9296875,14198.1103515625,16603.359375,20662.560546875,26442.490234375
2024-05-12 21:00:00,290.0828404197432,999.5426725703126,290.34771728515625,288.2108154296875,287.5476989746094,287.8560791015625,288.1461181640625,288.6461181640625,287.26611328125,284.49609375,282.08148193359375,279.5513916015625,281.5567932128906,277.3334045410156,271.74420166015625,265.8793029785156,258.0975036621094,249.48660278320312,240.1042022705078,231.03030395507812,218.78900146484375,205.00430297851562,201.3762969970703,209.71629333496094,220.3802947998047,1000.0,975.0,950.0,925.0,900.0,850.0,800.0,750.0,700.0,650.0,600.0,550.0,500.0,450.0,400.0,350.0,300.0,250.0,200.0,150.0,100.0,50.0,20.0,85.38180541992188,300.3174133300781,520.9002075195312,746.28857421875,978.709228515625,1465.3890380859375,1979.81005859375,2524.1708984375,3100.0869140625,3712.822998046875,4374.79296875,5087.02392578125,5852.44287109375,6680.8818359375,7585.13623046875,8577.3828125,9681.2587890625,10940.703125,12410.5498046875,14192.2099609375,16600.41015625,20667.990234375,26449.029296875
2024-05-13 00:00:00,289.4993621484375,1003.031295030067,289.30499267578125,287.91558837890625,286.99560546875,287.55560302734375,288.0856018066406,287.810302734375,286.6708984375,284.5158996582031,282.09051513671875,279.95611572265625,281.118896484375,277.4118957519531,271.5765075683594,264.70648193359375,257.84649658203125,249.19810485839844,239.89500427246094,231.6645965576172,218.4342041015625,205.22470092773438,201.00900268554688,210.30279541015625,219.37449645996094,1000.0,975.0,950.0,925.0,900.0,850.0,800.0,750.0,700.0,650.0,600.0,550.0,500.0,450.0,400.0,350.0,300.0,250.0,200.0,150.0,100.0,50.0,20.0,103.17140197753906,317.006591796875,538.5059204101562,763.8265991210938,995.19091796875,1480.845947265625,1994.33203125,2537.87890625,3113.10107421875,3723.903076171875,4386.72607421875,5099.0009765625,5864.6689453125,6692.23486328125,7593.8369140625,8584.185546875,9688.1748046875,10946.5,12416.26953125,14196.5498046875,16613.580078125,20689.630859375,26444.130859375
2024-05-13 03:00:00,288.8995896132812,1005.4216583371206,288.79949951171875,287.3995056152344,286.214111328125,285.2680969238281,285.03411865234375,285.48870849609375,285.5686950683594,284.3883972167969,282.2980041503906,277.9320068359375,279.939208984375,277.12469482421875,271.5137023925781,265.1300048828125,257.9349060058594,249.10719299316406,240.0825958251953,232.3925018310547,218.31219482421875,204.68539428710938,201.23550415039062,208.2982940673828,221.07679748535156,1000.0,975.0,950.0,925.0,900.0,850.0,800.0,750.0,700.0,650.0,600.0,550.0,500.0,450.0,400.0,350.0,300.0,250.0,200.0,150.0,100.0,50.0,20.0,119.29100036621094,333.9645080566406,553.359619140625,777.6151733398438,1006.96142578125,1487.6920166015625,1997.4638671875,2539.993896484375,3115.967041015625,3726.971923828125,4383.1123046875,5094.0029296875,5859.8779296875,6687.4912109375,7589.46923828125,8580.900390625,9682.93359375,10946.333984375,12417.3095703125,14194.2099609375,16612.0,20689.009765625,26449.83984375
2024-05-13 06:00:00,287.79860569546037,1003.4940185546875,287.82537841796875,286.1553039550781,284.96331787109375,284.2432861328125,283.99530029296875,284.17529296875,284.3403015136719,283.75030517578125,282.12530517578125,279.4403076171875,275.06060791015625,277.15069580078125,271.57177734375,265.54510498046875,258.16632080078125,249.29769897460938,240.23370361328125,232.03880310058594,218.2427978515625,205.15269470214844,201.0778045654297,209.3249053955078,221.78329467773438,1000.0,975.0,950.0,925.0,900.0,850.0,800.0,750.0,700.0,650.0,600.0,550.0,500.0,450.0,400.0,350.0,300.0,250.0,200.0,150.0,100.0,50.0,20.0,120.99809265136719,334.92181396484375,553.5980224609375,777.1895141601562,1005.921630859375,1483.583984375,1990.5400390625,2531.012939453125,3106.237060546875,3718.930908203125,4372.2109375,5077.5048828125,5843.58984375,6671.77783203125,7575.462890625,8566.65625,9670.6806640625,10930.9775390625,12402.0,14177.509765625,16608.5,20669.48046875,26429.51953125
2024-05-13 09:00:00,287.07068234765626,1005.8977751093751,286.48681640625,284.8067932128906,283.606689453125,282.8768005371094,282.86669921875,282.7666931152344,282.66168212890625,283.04180908203125,282.02178955078125,279.2142028808594,275.9187927246094,276.6611022949219,271.60137939453125,264.94000244140625,257.74029541015625,249.00320434570312,240.65989685058594,231.04310607910156,218.14340209960938,206.03109741210938,200.42230224609375,209.64089965820312,219.8498992919922,1000.0,975.0,950.0,925.0,900.0,850.0,800.0,750.0,700.0,650.0,600.0,550.0,500.0,450.0,400.0,350.0,300.0,250.0,200.0,150.0,100.0,50.0,20.0,131.3594970703125,343.8804016113281,561.1860961914062,783.4533081054688,1010.8668212890625,1487.08203125,1991.72802734375,2529.096923828125,3102.924072265625,3715.304931640625,4368.5810546875,5074.13720703125,5840.3232421875,6667.87890625,7569.76416015625,8559.357421875,9663.681640625,10923.037109375,12389.7099609375,14169.3203125,16597.0,20659.759765625,26425.599609375
2024-05-13 12:00:00,286.31931781054686,1008.976119248817,285.880615234375,284.20062255859375,282.9940185546875,282.2539978027344,282.7440185546875,283.0089111328125,282.3939208984375,283.0140075683594,280.4739074707031,277.1356201171875,278.29168701171875,276.55841064453125,271.50469970703125,264.95001220703125,257.8203125,248.99459838867188,240.51119995117188,230.97230529785156,218.3769989013672,207.00650024414062,199.1678924560547,209.57530212402344,219.43809509277344,1000.0,975.0,950.0,925.0,900.0,850.0,800.0,750.0,700.0,650.0,600.0,550.0,500.0,450.0,400.0,350.0,300.0,250.0,200.0,150.0,100.0,50.0,20.0,148.7924041748047,360.9879150390625,576.975830078125,798.92626953125,1027.06103515625,1502.7159423828125,2005.88916015625,2542.8740234375,3116.909912109375,3724.27099609375,4373.5732421875,5084.080078125,5849.25390625,6676.4091796875,7578.91796875,8568.994140625,9673.7373046875,10931.478515625,12397.0,14179.990234375,16605.48046875,20676.009765625,26434.4609375
2024-05-13 15:00:00,286.12109000571144,1009.023238389442,285.6885986328125,283.99859619140625,282.77850341796875,282.0386047363281,282.01861572265625,282.39849853515625,280.89849853515625,280.4985046386719,280.448486328125,278.42449951171875,278.22869873046875,277.4263000488281,271.86090087890625,265.14520263671875,257.39178466796875,248.6114044189453,240.03990173339844,230.12890625,218.2993927001953,207.13650512695312,198.97479248046875,209.2180938720703,219.68890380859375,1000.0,975.0,950.0,925.0,900.0,850.0,800.0,750.0,700.0,650.0,600.0,550.0,500.0,450.0,400.0,350.0,300.0,250.0,200.0,150.0,100.0,50.0,20.0,157.48939514160156,368.6346130371094,585.6063232421875,806.5579223632812,1033.7183837890625,1508.52099609375,2010.93310546875,2543.2529296875,3113.280029296875,3722.595947265625,4375.2001953125,5086.0771484375,5852.5869140625,6680.669921875,7582.2998046875,8571.537109375,9672.7958984375,10927.7568359375,12391.7099609375,14176.0,16605.0,20665.609375,26435.0703125
2024-05-13 18:00:00,286.2084774002427,1008.5353843855357,285.71380615234375,284.0037841796875,283.0245056152344,282.26312255859375,282.2243957519531,282.5623779296875,280.773681640625,279.3323059082031,279.4915771484375,276.857177734375,281.27801513671875,278.00518798828125,272.08209228515625,265.32489013671875,257.529296875,248.845703125,239.56170654296875,229.4259033203125,218.3144989013672,206.62559509277344,200.2082977294922,210.45379638671875,219.61709594726562,1000.0,975.0,950.0,925.0,900.0,850.0,800.0,750.0,700.0,650.0,600.0,550.0,500.0,450.0,400.0,350.0,300.0,250.0,200.0,150.0,100.0,50.0,20.0,149.39840698242188,361.1629943847656,576.8067626953125,798.497314453125,1026.4332275390625,1499.990966796875,2003.449951171875,2534.135986328125,3100.843017578125,3708.02099609375,4362.90625,5076.65380859375,5843.64404296875,6673.48291015625,7574.39501953125,8564.220703125,9665.2197265625,10917.7802734375,12381.490234375,14159.9404296875,16591.990234375,20649.4296875,26424.490234375
2024-05-13 21:00:00,285.64871716782085,1009.339156358192,285.9296875,284.209716796875,282.95941162109375,281.9436950683594,281.138916015625,280.95819091796875,280.88751220703125,278.92218017578125,278.7913818359375,278.07598876953125,282.23822021484375,276.9255065917969,272.15228271484375,265.34490966796875,257.5950012207031,248.8282012939453,239.57159423828125,229.61619567871094,217.8852996826172,207.0019989013672,199.72059631347656,210.70350646972656,216.77670288085938,1000.0,975.0,950.0,925.0,900.0,850.0,800.0,750.0,700.0,650.0,600.0,550.0,500.0,450.0,400.0,350.0,300.0,250.0,200.0,150.0,100.0,50.0,20.0,153.3574981689453,366.9634094238281,582.465576171875,804.048095703125,1031.94384765625,1503.5240478515625,2004.21484375,2534.342041015625,3100.739990234375,3704.3349609375,4365.3720703125,5078.02490234375,5844.6591796875,6673.0,7574.625,8564.857421875,9665.6787109375,10917.416015625,12379.0400390625,14156.330078125,16577.37890625,20659.0,26416.529296875
2024-05-14 00:00:00,286.0421995614495,1012.9019279765625,285.6724853515625,283.706787109375,282.456787109375,281.43218994140625,280.6318054199219,279.9317932128906,280.605712890625,278.62579345703125,278.11572265625,280.35028076171875,281.66748046875,277.05499267578125,271.7312927246094,264.8524169921875,257.65460205078125,248.7899932861328,238.82359313964844,228.86849975585938,216.8524932861328,208.04159545898438,199.41619873046875,211.7104949951172,218.92770385742188,1000.0,975.0,950.0,925.0,900.0,850.0,800.0,750.0,700.0,650.0,600.0,550.0,500.0,450.0,400.0,350.0,300.0,250.0,200.0,150.0,100.0,50.0,20.0,173.6540985107422,385.8044128417969,601.8707275390625,822.0349731445312,1048.53271484375,1519.323974609375,2018.2978515625,2548.77294921875,3113.60400390625,3716.945068359375,4379.8330078125,5091.13916015625,5856.90478515625,6684.72509765625,7586.06591796875,8575.541015625,9675.2744140625,10923.7646484375,12379.08984375,14161.1796875,16587.0390625,20674.349609375,26414.98046875
2024-05-14 03:00:00,285.4838437304687,1013.7598381328125,285.1882019042969,283.20819091796875,281.70819091796875,281.1795959472656,280.6195983886719,279.41949462890625,279.57958984375,278.102294921875,276.44818115234375,281.59478759765625,281.62908935546875,276.4940185546875,271.13641357421875,264.62628173828125,257.17401123046875,248.30369567871094,238.3699951171875,228.05470275878906,216.66119384765625,208.49349975585938,199.548095703125,209.83419799804688,220.44720458984375,1000.0,975.0,950.0,925.0,900.0,850.0,800.0,750.0,700.0,650.0,600.0,550.0,500.0,450.0,400.0,350.0,300.0,250.0,200.0,150.0,100.0,50.0,20.0,182.27789306640625,394.9984130859375,609.643798828125,830.3917236328125,1056.4833984375,1526.531982421875,2024.800048828125,2552.64208984375,3115.9169921875,3718.556884765625,4381.3828125,5092.1318359375,5856.68408203125,6683.02783203125,7582.2421875,8570.654296875,9669.234375,10912.9921875,12364.330078125,14151.5595703125,16585.94921875,20671.7890625,26408.849609375
2024-05-14 06:00:00,285.3445409534208,1012.2715904402232,285.11199951171875,283.1419982910156,281.38201904296875,280.60198974609375,280.0419921875,278.5820007324219,279.9902038574219,279.12701416015625,276.35198974609375,280.54931640625,280.168701171875,275.5247802734375,270.6107177734375,264.4356994628906,256.9320068359375,248.27639770507812,237.80909729003906,227.9434051513672,216.7812957763672,208.7230987548828,199.18429565429688,206.95030212402344,221.0113067626953,1000.0,975.0,950.0,925.0,900.0,850.0,800.0,750.0,700.0,650.0,600.0,550.0,500.0,450.0,400.0,350.0,300.0,250.0,200.0,150.0,100.0,50.0,20.0,180.56048583984375,391.5903015136719,608.5599365234375,827.6519775390625,1054.072265625,1522.8079833984375,2019.81591796875,2550.43994140625,3111.5380859375,3717.556884765625,4376.4501953125,5083.884765625,5846.0791015625,6671.77587890625,7570.7529296875,8558.291015625,9655.7744140625,10898.5029296875,12350.0703125,14141.2197265625,16582.62890625,20651.150390625,26402.119140625
2024-05-14 09:00:00,284.58048974775113,1013.103804795692,284.0369873046875,282.3070068359375,280.55108642578125,280.01788330078125,279.70611572265625,277.998779296875,279.15802001953125,278.0379943847656,276.3898010253906,281.006591796875,279.54827880859375,275.5880126953125,270.01971435546875,263.848388671875,256.4033203125,247.9691925048828,237.97610473632812,227.62249755859375,217.98049926757812,209.01040649414062,198.7841033935547,207.55369567871094,219.54550170898438,1000.0,975.0,950.0,925.0,900.0,850.0,800.0,750.0,700.0,650.0,600.0,550.0,500.0,450.0,400.0,350.0,300.0,250.0,200.0,150.0,100.0,50.0,20.0,187.10409545898438,398.256103515625,613.3514404296875,832.5684204101562,1057.135986328125,1526.1519775390625,2021.43798828125,2549.373046875,3110.7939453125,3716.138916015625,4374.4072265625,5082.6279296875,5844.1591796875,6667.76513671875,7564.2451171875,8550.0703125,9646.7158203125,10889.5009765625,12341.259765625,14139.990234375,16571.80859375,20641.990234375,26403.369140625
2024-05-14 12:00:00,286.0192217083929,1015.9392364621206,283.21368408203125,281.2349853515625,280.48028564453125,280.193603515625,279.62982177734375,278.1697998046875,278.0697937011719,278.201416015625,279.2913818359375,280.055908203125,280.08001708984375,275.2528076171875,269.32672119140625,262.9288024902344,256.4794921875,247.5847930908203,238.32859802246094,228.07989501953125,217.6363983154297,209.58799743652344,199.45590209960938,209.3292999267578,217.87440490722656,1000.0,975.0,950.0,925.0,900.0,850.0,800.0,750.0,700.0,650.0,600.0,550.0,500.0,450.0,400.0,350.0,300.0,250.0,200.0,150.0,100.0,50.0,20.0,205.92739868164062,415.3974914550781,630.816162109375,850.3712768554688,1075.26025390625,1542.990966796875,2038.01806640625,2563.72900390625,3127.965087890625,3735.093017578125,4392.3720703125,5100.2822265625,5860.94384765625,6681.23876953125,7577.27099609375,8563.18359375,9658.693359375,10902.5146484375,12357.490234375,14153.3603515625,16585.150390625,20661.0703125,26408.990234375
2024-05-14 15:00:00,290.7424900622042,1013.8647616131358,285.877685546875,283.63818359375,281.63922119140625,279.85919189453125,279.5476989746094,278.57769775390625,277.4877014160156,278.2481994628906,280.46270751953125,280.42822265625,279.59991455078125,274.59539794921875,269.14520263671875,263.17437744140625,255.965087890625,247.62269592285156,238.83489990234375,228.86839294433594,217.1905975341797,209.12820434570312,199.7113037109375,210.48489379882812,218.2288055419922,1000.0,975.0,950.0,925.0,900.0,850.0,800.0,750.0,700.0,650.0,600.0,550.0,500.0,450.0,400.0,350.0,300.0,250.0,200.0,150.0,100.0,50.0,20.0,201.97799682617188,415.17559814453125,630.3358154296875,849.6177978515625,1075.239990234375,1544.405029296875,2038.84716796875,2563.93603515625,3128.52001953125,3738.4970703125,4395.361328125,5101.8251953125,5860.62890625,6682.130859375,7577.67919921875,8561.8662109375,9657.84765625,10903.5576171875,12358.8896484375,14150.9697265625,16590.669921875,20665.849609375,26408.349609375
2024-05-14 18:00:00,291.2910130664062,1011.0134977656251,288.1264953613281,285.89599609375,283.885986328125,281.8497009277344,279.7861022949219,278.3197021484375,278.7196960449219,278.96990966796875,279.9212951660156,279.909912109375,278.9533996582031,274.4508972167969,269.48248291015625,263.6600036621094,256.1759948730469,247.5592041015625,238.49200439453125,228.77169799804688,217.13079833984375,208.24440002441406,199.21420288085938,208.1549072265625,218.54220581054688,1000.0,975.0,950.0,925.0,900.0,850.0,800.0,750.0,700.0,650.0,600.0,550.0,500.0,450.0,400.0,350.0,300.0,250.0,200.0,150.0,100.0,50.0,20.0,181.16558837890625,394.93408203125,612.6823120117188,832.5440063476562,1058.763916015625,1527.175048828125,2021.9189453125,2549.367919921875,3114.382080078125,3722.487060546875,4378.0908203125,5084.16796875,5843.373046875,6666.259765625,7562.5361328125,8547.4619140625,9644.80859375,10890.0419921875,12347.1904296875,14132.5,16578.650390625,20646.94921875,26379.98046875
2024-05-14 21:00:00,287.3424619588365,1010.3673796015626,287.5436096191406,285.54998779296875,283.53997802734375,281.5,279.4315185546875,278.95831298828125,279.8482971191406,279.83612060546875,280.16461181640625,280.17431640625,278.87701416015625,273.888916015625,269.37298583984375,264.3662109375,256.37591552734375,247.35459899902344,238.56239318847656,229.2332000732422,217.0749053955078,208.5164031982422,199.40289306640625,208.70010375976562,219.1143035888672,1000.0,975.0,950.0,925.0,900.0,850.0,800.0,750.0,700.0,650.0,600.0,550.0,500.0,450.0,400.0,350.0,300.0,250.0,200.0,150.0,100.0,50.0,20.0,175.87979125976562,388.1387939453125,606.3801879882812,826.7537841796875,1053.501953125,1520.989990234375,2017.85791015625,2547.506103515625,3112.7880859375,3720.948974609375,4377.4970703125,5082.5830078125,5839.669921875,6663.61376953125,7562.14404296875,8546.46484375,9643.943359375,10890.5498046875,12348.7099609375,14136.0400390625,16580.83984375,20656.900390625,26386.220703125
2024-05-15 00:00:00,284.37293838929406,1012.700728623817,284.8662109375,284.3749084472656,282.61578369140625,280.82220458984375,279.50311279296875,279.7725830078125,280.9085998535156,281.39849853515625,280.5908203125,279.7703857421875,278.2189025878906,273.8656005859375,270.099609375,263.37060546875,255.85360717773438,247.8134002685547,238.62469482421875,229.2362060546875,217.17529296875,209.49609375,199.1248016357422,208.36590576171875,218.6739959716797,1000.0,975.0,950.0,925.0,900.0,850.0,800.0,750.0,700.0,650.0,600.0,550.0,500.0,450.0,400.0,350.0,300.0,250.0,200.0,150.0,100.0,50.0,20.0,184.05633544921875,396.5616455078125,613.0473022460938,833.6649169921875,1058.670654296875,1526.6929931640625,2026.123046875,2558.343017578125,3126.24609375,3733.8310546875,4389.10693359375,5092.60107421875,5850.60595703125,6674.294921875,7570.0029296875,8554.552734375,9653.080078125,10900.404296875,12357.9697265625,14147.4404296875,16594.5,20662.390625,26381.650390625
2024-05-15 03:00:00,283.1742126796874,1012.2820884870982,283.1192932128906,283.3893127441406,282.615478515625,281.82708740234375,280.7589111328125,280.5256042480469,282.1625061035156,282.2828063964844,281.351318359375,280.0762939453125,278.3446044921875,274.9534912109375,269.343017578125,262.8131103515625,255.39617919921875,247.67080688476562,238.7751007080078,228.55929565429688,217.71800231933594,209.41610717773438,199.36109924316406,209.38160705566406,219.88619995117188,1000.0,975.0,950.0,925.0,900.0,850.0,800.0,750.0,700.0,650.0,600.0,550.0,500.0,450.0,400.0,350.0,300.0,250.0,200.0,150.0,100.0,50.0,20.0,179.669921875,391.1830139160156,606.6629638671875,827.3078002929688,1054.317626953125,1524.35205078125,2024.801025390625,2558.533935546875,3127.964111328125,3736.93896484375,4392.125,5097.31298828125,5857.0390625,6677.81396484375,7571.3427734375,8555.9267578125,9652.7939453125,10900.087890625,12356.66015625,14154.4697265625,16592.169921875,20665.900390625,26393.75
2024-05-15 06:00:00,282.1916046290541,1012.366744248817,281.58929443359375,282.3528137207031,282.0867004394531,281.5487060546875,280.72198486328125,280.49578857421875,281.6365966796875,281.62188720703125,280.6954040527344,280.4707946777344,279.60028076171875,274.83758544921875,269.4794921875,262.41021728515625,255.34991455078125,247.98399353027344,238.83799743652344,228.10240173339844,218.17050170898438,208.63780212402344,200.4871063232422,208.73150634765625,221.42640686035156,1000.0,975.0,950.0,925.0,900.0,850.0,800.0,750.0,700.0,650.0,600.0,550.0,500.0,450.0,400.0,350.0,300.0,250.0,200.0,150.0,100.0,50.0,20.0,172.93560791015625,383.4336853027344,598.8947143554688,819.5048217773438,1045.478759765625,1516.4610595703125,2015.84716796875,2549.02197265625,3117.373046875,3726.263916015625,4384.0703125,5090.740234375,5850.7509765625,6670.998046875,7564.05810546875,8548.88671875,9647.978515625,10892.234375,12349.0,14144.509765625,16576.1796875,20647.970703125,26378.48046875
2024-05-15 09:00:00,281.1751438303739,1010.0075163203126,280.79071044921875,282.30218505859375,282.28570556640625,281.9893798828125,281.17138671875,280.6871032714844,282.57281494140625,280.8125,280.38250732421875,281.98028564453125,279.752197265625,274.9147033691406,268.82440185546875,261.97589111328125,255.5430908203125,247.82789611816406,237.83799743652344,228.0207061767578,218.40899658203125,208.87750244140625,200.52459716796875,208.11000061035156,219.53359985351562,1000.0,975.0,950.0,925.0,900.0,850.0,800.0,750.0,700.0,650.0,600.0,550.0,500.0,450.0,400.0,350.0,300.0,250.0,200.0,150.0,100.0,50.0,20.0,165.043212890625,373.67291259765625,590.2864990234375,811.0626831054688,1037.1907958984375,1508.491943359375,2009.22705078125,2543.763916015625,3110.9970703125,3722.3759765625,4381.6396484375,5087.7939453125,5846.5361328125,6665.63623046875,7558.671875,8542.69921875,9639.3427734375,10880.2900390625,12335.16015625,14135.5400390625,16559.98046875,20643.490234375,26386.5703125
2024-05-15 12:00:00,284.481965863577,1012.5218345808482,282.1094970703125,282.1228942871094,282.35748291015625,282.06121826171875,281.7463073730469,281.0164794921875,282.6535949707031,280.8934020996094,280.9580993652344,282.99072265625,280.0648193359375,274.7492980957031,268.470703125,262.09698486328125,255.46209716796875,247.08970642089844,238.46949768066406,228.69500732421875,217.68569946289062,208.22669982910156,200.1479949951172,208.6707000732422,219.2458953857422,1000.0,975.0,950.0,925.0,900.0,850.0,800.0,750.0,700.0,650.0,600.0,550.0,500.0,450.0,400.0,350.0,300.0,250.0,200.0,150.0,100.0,50.0,20.0,176.190673828125,384.69219970703125,599.1777954101562,820.7913818359375,1047.794677734375,1519.7919921875,2020.220947265625,2555.428955078125,3123.3330078125,3736.405029296875,4397.8251953125,5104.48291015625,5862.51708984375,6682.287109375,7574.61376953125,8556.9375,9652.978515625,10899.5,12352.1103515625,14147.990234375,16572.599609375,20656.98046875,26404.5390625
2024-05-15 15:00:00,289.94500368989685,1009.6737760859376,287.5942077636719,285.35479736328125,283.3433837890625,282.05230712890625,282.9848937988281,283.01251220703125,283.1536865234375,281.1463928222656,279.7152099609375,283.390380859375,280.6934814453125,274.852783203125,268.4727783203125,261.5386962890625,253.89617919921875,247.6020050048828,239.68069458007812,229.2021026611328,216.50799560546875,208.5688934326172,200.80589294433594,208.00579833984375,220.5845947265625,1000.0,975.0,950.0,925.0,900.0,850.0,800.0,750.0,700.0,650.0,600.0,550.0,500.0,450.0,400.0,350.0,300.0,250.0,200.0,150.0,100.0,50.0,20.0,164.20977783203125,376.5174865722656,592.8006591796875,815.222412109375,1042.011962890625,1515.593994140625,2020.56005859375,2556.303955078125,3123.7099609375,3736.97900390625,4398.7421875,5107.794921875,5865.89501953125,6683.60791015625,7572.85400390625,8552.21484375,9651.2021484375,10903.4306640625,12356.98046875,14150.25,16573.80078125,20659.30078125,26414.900390625
2024-05-15 18:00:00,289.5121541308594,1007.0166015625,288.7322998046875,286.5014953613281,284.48681640625,282.4530944824219,282.6298828125,282.65838623046875,283.04998779296875,281.7897033691406,279.12030029296875,283.3118896484375,280.74468994140625,274.728515625,268.802978515625,261.16229248046875,254.069091796875,248.0283966064453,240.4167938232422,229.50469970703125,216.14669799804688,207.96189880371094,200.42120361328125,210.15870666503906,220.85189819335938,1000.0,975.0,950.0,925.0,900.0,850.0,800.0,750.0,700.0,650.0,600.0,550.0,500.0,450.0,400.0,350.0,300.0,250.0,200.0,150.0,100.0,50.0,20.0,143.37008666992188,357.597900390625,573.7952880859375,796.1337890625,1022.837890625,1498.2440185546875,2002.0341796875,2538.575927734375,3107.76611328125,3719.89404296875,4382.8046875,5090.9501953125,5849.85791015625,6668.42578125,7556.14208984375,8538.4072265625,9640.662109375,10895.2939453125,12349.48046875,14142.48046875,16557.94921875,20647.509765625,26387.0390625
2024-05-15 21:00:00,286.90322563701454,1006.8579846969982,288.2148132324219,286.485107421875,284.46881103515625,283.18499755859375,283.36871337890625,283.39691162109375,283.2962951660156,282.4248962402344,279.13079833984375,284.02459716796875,279.9190979003906,275.3645935058594,268.97100830078125,261.486083984375,254.1083984375,248.0760955810547,240.36599731445312,229.5032958984375,217.65660095214844,206.98350524902344,201.95700073242188,209.4459991455078,219.92849731445312,1000.0,975.0,950.0,925.0,900.0,850.0,800.0,750.0,700.0,650.0,600.0,550.0,500.0,450.0,400.0,350.0,300.0,250.0,200.0,150.0,100.0,50.0,20.0,128.6501922607422,342.5076904296875,560.3117065429688,782.2490234375,1010.54638671875,1487.0870361328125,1991.97802734375,2530.590087890625,3100.777099609375,3713.876953125,4376.72705078125,5084.84521484375,5845.22412109375,6664.69189453125,7553.98779296875,8536.22265625,9638.7412109375,10892.279296875,12347.6298828125,14143.080078125,16554.30078125,20657.890625,26398.0
2024-05-16 00:00:00,286.7116300189244,1006.1285850691295,287.16131591796875,286.4315185546875,285.1726989746094,284.6414794921875,284.58270263671875,284.3704833984375,285.030517578125,282.53961181640625,281.63311767578125,283.60809326171875,281.10479736328125,275.55621337890625,268.4768981933594,260.86309814453125,254.00210571289062,247.8114013671875,240.07090759277344,229.1894989013672,218.44920349121094,207.16380310058594,200.54440307617188,208.68739318847656,219.36990356445312,1000.0,975.0,950.0,925.0,900.0,850.0,800.0,750.0,700.0,650.0,600.0,550.0,500.0,450.0,400.0,350.0,300.0,250.0,200.0,150.0,100.0,50.0,20.0,127.75604248046875,341.00799560546875,558.2003173828125,781.5151977539062,1011.177001953125,1490.4189453125,1997.93212890625,2537.075927734375,3108.738037109375,3725.00390625,4389.10205078125,5099.22216796875,5859.17822265625,6676.0439453125,7565.4951171875,8547.36328125,9648.6435546875,10900.6884765625,12355.990234375,14151.0302734375,16563.0,20661.990234375,26396.099609375
2024-05-16 03:00:00,285.6876444116657,1004.394775390625,286.1625061035156,286.4407958984375,285.93878173828125,285.40960693359375,284.85870361328125,285.40869140625,285.339599609375,283.2333984375,282.9722900390625,283.176513671875,281.0220031738281,274.6687927246094,268.2821960449219,261.39019775390625,254.22140502929688,248.57200622558594,239.33889770507812,228.7041015625,219.83810424804688,206.94810485839844,200.8968048095703,210.01820373535156,220.77459716796875,1000.0,975.0,950.0,925.0,900.0,850.0,800.0,750.0,700.0,650.0,600.0,550.0,500.0,450.0,400.0,350.0,300.0,250.0,200.0,150.0,100.0,50.0,20.0,120.64202880859375,332.775390625,550.8292236328125,775.9885864257812,1005.453857421875,1484.2469482421875,1994.178955078125,2534.62890625,3109.423095703125,3725.610107421875,4389.51708984375,5098.1298828125,5857.0478515625,6674.85986328125,7565.0380859375,8549.2568359375,9650.5048828125,10897.9521484375,12359.0302734375,14155.9697265625,16556.80859375,20669.33984375,26410.849609375
2024-05-16 06:00:00,287.5783585794866,1004.376998155067,286.6912841796875,286.4730224609375,285.7330017089844,284.9630126953125,284.6571960449219,286.47149658203125,284.90020751953125,282.3118896484375,283.3043212890625,283.70428466796875,280.46942138671875,274.401611328125,268.3518981933594,261.0838928222656,253.50341796875,247.73080444335938,239.3282012939453,228.652099609375,220.66160583496094,206.3480987548828,200.5811004638672,208.99989318847656,219.98390197753906,1000.0,975.0,950.0,925.0,900.0,850.0,800.0,750.0,700.0,650.0,600.0,550.0,500.0,450.0,400.0,350.0,300.0,250.0,200.0,150.0,100.0,50.0,20.0,111.45578002929688,325.0574951171875,543.57763671875,767.17822265625,997.08984375,1477.7120361328125,1988.421875,2527.5849609375,3101.51708984375,3718.0458984375,4382.26611328125,5089.998046875,5848.3759765625,6666.3818359375,7553.009765625,8535.0810546875,9635.1630859375,10883.4326171875,12350.5498046875,14145.4404296875,16536.98046875,20659.400390625,26398.029296875
2024-05-16 09:00:00,285.67380811357697,1003.9386436628795,286.73712158203125,286.26800537109375,285.52459716796875,284.9993896484375,285.45599365234375,285.519287109375,284.70068359375,282.7418212890625,281.8605041503906,283.33551025390625,281.010986328125,274.96978759765625,267.43560791015625,260.4566955566406,254.64459228515625,246.8780059814453,238.40589904785156,228.40330505371094,220.65960693359375,205.6757049560547,202.00289916992188,209.2292022705078,221.55999755859375,1000.0,975.0,950.0,925.0,900.0,850.0,800.0,750.0,700.0,650.0,600.0,550.0,500.0,450.0,400.0,350.0,300.0,250.0,200.0,150.0,100.0,50.0,20.0,105.25656127929688,318.7013854980469,538.0635986328125,761.5134887695312,991.259521484375,1471.529052734375,1980.886962890625,2519.681884765625,3092.72802734375,3707.56591796875,4371.5361328125,5081.5419921875,5839.94677734375,6654.61376953125,7544.134765625,8524.9765625,9622.2255859375,10865.8193359375,12335.48046875,14128.0302734375,16522.349609375,20652.4609375,26387.509765625
2024-05-16 12:00:00,288.65431670161547,1004.8238005000001,287.8551025390625,287.1392822265625,287.1502990722656,287.135498046875,287.08349609375,286.408203125,285.34991455078125,283.3953857421875,281.77008056640625,281.02008056640625,279.9794921875,274.40399169921875,267.643798828125,260.93292236328125,253.35321044921875,246.1741943359375,238.8970947265625,227.6107940673828,219.9510955810547,205.4488983154297,202.58380126953125,208.88510131835938,220.47349548339844,1000.0,975.0,950.0,925.0,900.0,850.0,800.0,750.0,700.0,650.0,600.0,550.0,500.0,450.0,400.0,350.0,300.0,250.0,200.0,150.0,100.0,50.0,20.0,118.58331298828125,331.5679016113281,552.4588012695312,777.4044799804688,1008.657958984375,1490.906982421875,2001.171875,2541.8310546875,3115.669921875,3727.93994140625,4388.14404296875,5095.7568359375,5853.38720703125,6669.36279296875,7556.94677734375,8531.6015625,9627.431640625,10870.48828125,12336.740234375,14126.26953125,16526.69140625,20669.400390625,26413.41015625
2024-05-16 15:00:00,296.0579508888198,1004.2605070429688,292.58612060546875,290.37841796875,288.3948974609375,286.62890625,286.84539794921875,285.91961669921875,284.8782043457031,283.309814453125,281.3247985839844,279.97479248046875,278.6434020996094,273.89599609375,267.8818054199219,260.9302062988281,253.30459594726562,245.9929962158203,237.84620666503906,228.54080200195312,220.531005859375,206.8531951904297,200.34559631347656,210.2812957763672,220.06089782714844,1000.0,975.0,950.0,925.0,900.0,850.0,800.0,750.0,700.0,650.0,600.0,550.0,500.0,450.0,400.0,350.0,300.0,250.0,200.0,150.0,100.0,50.0,20.0,119.74053955078125,335.96649169921875,558.09716796875,782.2568969726562,1014.709716796875,1495.2950439453125,2005.822998046875,2544.639892578125,3118.56298828125,3729.04296875,4386.51611328125,5091.61083984375,5849.498046875,6665.39111328125,7552.68017578125,8528.51953125,9620.6962890625,10863.197265625,12333.5703125,14127.0400390625,16537.1796875,20680.380859375,26451.169921875
2024-05-16 18:00:00,298.33355513686666,1001.9405042282482,295.62579345703125,293.42218017578125,291.189208984375,288.9414978027344,286.6514892578125,285.7514953613281,285.7100830078125,284.15802001953125,281.93731689453125,280.1210021972656,278.4349060058594,273.8522033691406,267.97528076171875,260.969482421875,253.27899169921875,246.5010986328125,237.9051055908203,228.9954071044922,220.6259002685547,207.64410400390625,198.8699951171875,210.2012939453125,219.87820434570312,1000.0,975.0,950.0,925.0,900.0,850.0,800.0,750.0,700.0,650.0,600.0,550.0,500.0,450.0,400.0,350.0,300.0,250.0,200.0,150.0,100.0,50.0,20.0,93.8446044921875,313.1669006347656,536.3775024414062,763.611572265625,997.102783203125,1475.7110595703125,1986.162109375,2526.787109375,3101.386962890625,3713.050048828125,4369.3466796875,5074.4921875,5831.9921875,6648.14111328125,7535.18798828125,8512.611328125,9606.3115234375,10851.025390625,12322.9599609375,14122.419921875,16529.0,20665.380859375,26420.970703125
2024-05-16 21:00:00,291.5282909280301,1000.33203125,294.3046875,293.61419677734375,291.38690185546875,289.13690185546875,287.1129150390625,284.7225036621094,285.4512023925781,284.4140930175781,282.2073059082031,280.3623046875,277.57928466796875,273.947509765625,267.76239013671875,260.5664978027344,253.29248046875,245.96189880371094,236.67080688476562,229.78070068359375,221.1855926513672,208.62060546875,199.26150512695312,209.064697265625,220.0290069580078,1000.0,975.0,950.0,925.0,900.0,850.0,800.0,750.0,700.0,650.0,600.0,550.0,500.0,450.0,400.0,350.0,300.0,250.0,200.0,150.0,100.0,50.0,20.0,94.28739929199219,312.6520080566406,536.8504028320312,765.0709838867188,997.517578125,1477.967041015625,1986.1669921875,2527.416015625,3102.50390625,3715.055908203125,4371.31005859375,5075.28076171875,5831.64111328125,6647.39306640625,7534.60107421875,8509.8291015625,9599.6552734375,10840.9931640625,12316.48046875,14125.2001953125,16534.83984375,20676.849609375,26425.05078125
2024-05-17 00:00:00,290.47766544365516,1004.111129014442,291.359619140625,291.90960693359375,290.9396057128906,289.1896057128906,287.65960693359375,286.51959228515625,284.6163024902344,282.32958984375,281.25958251953125,280.01129150390625,278.826904296875,273.0202941894531,265.66729736328125,260.6278076171875,253.67959594726562,245.76499938964844,236.58920288085938,229.3740997314453,221.65060424804688,209.67919921875,198.3240966796875,209.81820678710938,221.36070251464844,1000.0,975.0,950.0,925.0,900.0,850.0,800.0,750.0,700.0,650.0,600.0,550.0,500.0,450.0,400.0,350.0,300.0,250.0,200.0,150.0,100.0,50.0,20.0,111.15281677246094,329.5437927246094,551.7973022460938,780.0438232421875,1012.53466796875,1495.0789794921875,2004.363037109375,2542.70703125,3114.89697265625,3726.68310546875,4383.00390625,5088.001953125,5840.44091796875,6654.23095703125,7541.4638671875,8518.515625,9607.953125,10847.908203125,12323.4697265625,14135.1103515625,16554.8203125,20688.119140625,26437.8203125
2024-05-17 03:00:00,290.6091034768736,1001.8067442136607,289.76898193359375,290.0789794921875,290.1090087890625,289.1190185546875,288.60821533203125,287.9873046875,284.8660888671875,282.2297058105469,281.9296875,281.0411071777344,276.74749755859375,272.51312255859375,265.8546142578125,260.17529296875,252.943603515625,245.65969848632812,238.1280975341797,232.76499938964844,220.94639587402344,207.7241973876953,200.4113006591797,211.83140563964844,220.41839599609375,1000.0,975.0,950.0,925.0,900.0,850.0,800.0,750.0,700.0,650.0,600.0,550.0,500.0,450.0,400.0,350.0,300.0,250.0,200.0,150.0,100.0,50.0,20.0,112.15780639648438,328.010986328125,549.6694946289062,777.30126953125,1010.149658203125,1495.2640380859375,2005.951171875,2544.5380859375,3115.738037109375,3730.4140625,4385.873046875,5085.9091796875,5838.81005859375,6651.56298828125,7536.77880859375,8511.53515625,9600.501953125,10858.2353515625,12340.7900390625,14141.2001953125,16560.94140625,20704.5703125,26454.44921875
2024-05-17 06:00:00,289.3349671550669,1003.5431608515626,288.2539978027344,287.811279296875,289.1038818359375,288.8621826171875,288.8424987792969,287.3560791015625,284.1044006347656,281.587890625,279.6627197265625,280.8577880859375,276.5133972167969,270.2899169921875,265.2062072753906,260.5704040527344,254.2559814453125,246.28919982910156,238.19239807128906,232.72210693359375,220.7803955078125,209.0948028564453,199.40969848632812,210.0023956298828,221.5792999267578,1000.0,975.0,950.0,925.0,900.0,850.0,800.0,750.0,700.0,650.0,600.0,550.0,500.0,450.0,400.0,350.0,300.0,250.0,200.0,150.0,100.0,50.0,20.0,115.28520202636719,330.119384765625,550.7702026367188,777.4044189453125,1010.244384765625,1495.3480224609375,2005.01806640625,2542.576904296875,3111.77587890625,3721.583984375,4377.1171875,5074.2548828125,5823.7841796875,6635.9150390625,7524.826171875,8502.759765625,9596.7763671875,10857.556640625,12336.5703125,14141.8203125,16568.30859375,20700.349609375,26440.44921875
2024-05-17 09:00:00,288.2286039450167,1005.204146592567,287.3350830078125,285.88458251953125,287.41290283203125,287.92291259765625,287.8934020996094,286.7633972167969,284.001708984375,281.9678039550781,278.7810974121094,278.99859619140625,277.6575012207031,272.1080017089844,265.606201171875,258.96697998046875,251.73480224609375,246.14979553222656,241.0417938232422,232.5301055908203,221.29800415039062,209.48719787597656,201.88330078125,209.4409942626953,219.55160522460938,1000.0,975.0,950.0,925.0,900.0,850.0,800.0,750.0,700.0,650.0,600.0,550.0,500.0,450.0,400.0,350.0,300.0,250.0,200.0,150.0,100.0,50.0,20.0,118.77590942382812,332.6134948730469,551.2608032226562,776.9315185546875,1008.8065185546875,1493.0679931640625,2002.032958984375,2539.97900390625,3109.68408203125,3715.14990234375,4370.97900390625,5073.49609375,5825.01806640625,6635.52099609375,7515.62890625,8488.6298828125,9586.9248046875,10852.662109375,12332.669921875,14145.3095703125,16572.69140625,20690.529296875,26444.619140625
2024-05-17 12:00:00,287.63252946963723,1005.6911100703126,287.24700927734375,286.0552978515625,286.84698486328125,287.10699462890625,286.8370056152344,285.85198974609375,283.60198974609375,282.4620056152344,278.7987060546875,281.65869140625,277.60260009765625,272.177978515625,265.9027099609375,258.6188049316406,251.42739868164062,246.539306640625,240.64340209960938,231.8262939453125,220.77040100097656,209.9575958251953,201.15350341796875,209.30589294433594,218.8592071533203,1000.0,975.0,950.0,925.0,900.0,850.0,800.0,750.0,700.0,650.0,600.0,550.0,500.0,450.0,400.0,350.0,300.0,250.0,200.0,150.0,100.0,50.0,20.0,134.69253540039062,347.33380126953125,567.803955078125,792.22607421875,1022.8602294921875,1505.5240478515625,2013.76806640625,2551.85791015625,3122.549072265625,3731.18798828125,4388.6953125,5090.51220703125,5842.703125,6651.97119140625,7531.4091796875,8503.8388671875,9603.1875,10864.98046875,12344.2197265625,14153.76953125,16588.740234375,20708.609375,26456.619140625
2024-05-17 15:00:00,287.6398274290652,1007.2889244245982,286.99151611328125,285.3114929199219,286.36151123046875,286.6331787109375,286.3831787109375,285.533203125,284.06488037109375,282.19488525390625,279.2998962402344,282.740478515625,276.9342041015625,272.38427734375,265.44598388671875,258.01300048828125,252.43389892578125,247.24049377441406,240.62489318847656,231.99249267578125,220.343994140625,210.1707000732422,200.37350463867188,210.08709716796875,220.3177032470703,1000.0,975.0,950.0,925.0,900.0,850.0,800.0,750.0,700.0,650.0,600.0,550.0,500.0,450.0,400.0,350.0,300.0,250.0,200.0,150.0,100.0,50.0,20.0,135.05697631835938,348.2283935546875,567.1751708984375,792.0615234375,1023.1121826171875,1504.5269775390625,2013.34912109375,2551.8310546875,3121.72705078125,3736.008056640625,4392.5751953125,5093.7421875,5845.119140625,6653.3818359375,7533.01904296875,8509.009765625,9611.4541015625,10870.583984375,12348.6796875,14157.7099609375,16588.80859375,20719.859375,26471.48046875
2024-05-17 18:00:00,286.71544748404847,1006.3889000105357,286.75250244140625,284.58251953125,284.63250732421875,285.9125061035156,285.6697998046875,284.83428955078125,284.1315002441406,282.035888671875,280.9127197265625,282.20660400390625,277.1051025390625,272.16180419921875,265.9096984863281,258.83599853515625,253.50048828125,247.6427001953125,240.5919952392578,232.7075958251953,220.60699462890625,209.9062957763672,199.16250610351562,209.87930297851562,220.8188018798828,1000.0,975.0,950.0,925.0,900.0,850.0,800.0,750.0,700.0,650.0,600.0,550.0,500.0,450.0,400.0,350.0,300.0,250.0,200.0,150.0,100.0,50.0,20.0,126.46560668945312,340.5303039550781,556.3587646484375,780.0950927734375,1011.970458984375,1490.948974609375,1999.2138671875,2537.0,3107.068115234375,3722.820068359375,4378.7197265625,5079.5,5831.8701171875,6642.30810546875,7524.23681640625,8505.169921875,9606.072265625,10866.82421875,12348.2998046875,14155.48046875,16582.73046875,20706.650390625,26463.580078125
2024-05-17 21:00:00,286.6480537286635,1005.919478623817,286.0682067871094,284.15850830078125,284.21832275390625,284.7510986328125,285.0098876953125,284.69000244140625,283.7528076171875,281.9201965332031,281.306884765625,281.493408203125,278.0679016113281,272.2969970703125,266.11688232421875,259.41668701171875,253.41241455078125,247.51190185546875,240.6750030517578,233.27920532226562,219.8769989013672,209.40919494628906,200.46910095214844,208.797607421875,220.87930297851562,1000.0,975.0,950.0,925.0,900.0,850.0,800.0,750.0,700.0,650.0,600.0,550.0,500.0,450.0,400.0,350.0,300.0,250.0,200.0,150.0,100.0,50.0,20.0,134.95291137695312,346.14630126953125,563.082763671875,785.9067993164062,1016.8438720703125,1495.8990478515625,2002.14990234375,2539.81591796875,3110.634033203125,3725.469970703125,4382.64306640625,5084.89208984375,5838.1240234375,6649.76318359375,7532.962890625,8512.5029296875,9613.244140625,10880.767578125,12359.7900390625,14165.990234375,16587.53125,20716.619140625,26466.029296875
2024-05-18 00:00:00,285.8194056189928,1009.226851670692,285.6038818359375,283.9555969238281,284.2756042480469,285.32562255859375,285.5972900390625,284.54730224609375,283.3789978027344,281.3289794921875,283.11077880859375,282.3306884765625,278.1807861328125,272.18280029296875,265.78070068359375,258.6514892578125,253.62249755859375,247.2115020751953,241.22410583496094,233.091796875,220.17970275878906,209.6269989013672,199.64849853515625,208.9311981201172,221.80679321289062,1000.0,975.0,950.0,925.0,900.0,850.0,800.0,750.0,700.0,650.0,600.0,550.0,500.0,450.0,400.0,350.0,300.0,250.0,200.0,150.0,100.0,50.0,20.0,146.6785888671875,358.23260498046875,575.4825439453125,798.6038818359375,1029.81103515625,1509.2469482421875,2015.703125,2552.404052734375,3121.998046875,3737.85595703125,4396.1982421875,5098.38720703125,5849.7548828125,6660.3759765625,7543.68212890625,8523.0849609375,9625.783203125,10893.4951171875,12372.7099609375,14177.48046875,16591.5,20728.970703125,26474.080078125
2024-05-18 03:00:00,286.1401186192885,1008.512984483192,285.67669677734375,284.2767028808594,284.10699462890625,284.2919921875,284.4486999511719,284.0426025390625,282.904296875,280.6159973144531,282.3027038574219,281.5144958496094,277.39111328125,272.1553955078125,265.5375061035156,258.45001220703125,253.20709228515625,247.6829071044922,243.00180053710938,233.210205078125,220.46270751953125,209.17730712890625,201.48660278320312,210.36740112304688,222.38189697265625,1000.0,975.0,950.0,925.0,900.0,850.0,800.0,750.0,700.0,650.0,600.0,550.0,500.0,450.0,400.0,350.0,300.0,250.0,200.0,150.0,100.0,50.0,20.0,155.177978515625,367.3127136230469,584.111572265625,806.7384033203125,1036.400634765625,1514.6829833984375,2020.83203125,2555.532958984375,3123.964111328125,3739.306884765625,4394.333984375,5095.48193359375,5846.7177734375,6654.76806640625,7537.34521484375,8516.248046875,9623.48828125,10896.59375,12376.080078125,14180.5,16580.69921875,20743.5,26479.130859375
2024-05-18 06:00:00,286.0567850805218,1007.159912109375,286.24090576171875,284.60089111328125,284.430908203125,283.99090576171875,283.7709045410156,283.24261474609375,282.21759033203125,280.1885070800781,280.3742980957031,281.69488525390625,277.55560302734375,271.68719482421875,265.65667724609375,258.4602966308594,252.26190185546875,246.34829711914062,243.19830322265625,232.90829467773438,221.03460693359375,209.56260681152344,203.52490234375,208.4615936279297,221.12159729003906,1000.0,975.0,950.0,925.0,900.0,850.0,800.0,750.0,700.0,650.0,600.0,550.0,500.0,450.0,400.0,350.0,300.0,250.0,200.0,150.0,100.0,50.0,20.0,150.4320068359375,362.6141052246094,579.47216796875,802.1519775390625,1029.884033203125,1507.2750244140625,2011.54296875,2545.8798828125,3113.45703125,3727.384033203125,4384.3876953125,5085.12109375,5836.22021484375,6645.01904296875,7525.72216796875,8500.58984375,9605.0009765625,10877.6220703125,12358.7998046875,14167.7998046875,16576.71875,20730.759765625,26468.080078125
2024-05-18 09:00:00,286.5314866273968,1008.4082121210938,286.448486328125,284.8046875,284.13018798828125,283.690185546875,283.59698486328125,283.32611083984375,281.80291748046875,280.77459716796875,278.5946044921875,279.7463073730469,277.1981201171875,272.4671936035156,264.99609375,258.32781982421875,252.95260620117188,246.34970092773438,242.92999267578125,232.66720581054688,220.86529541015625,209.57760620117188,202.66090393066406,208.12240600585938,221.2729034423828,1000.0,975.0,950.0,925.0,900.0,850.0,800.0,750.0,700.0,650.0,600.0,550.0,500.0,450.0,400.0,350.0,300.0,250.0,200.0,150.0,100.0,50.0,20.0,150.944091796875,362.9024963378906,580.5245361328125,802.982177734375,1031.468017578125,1507.387939453125,2012.14208984375,2545.94091796875,3114.429931640625,3722.87109375,4378.486328125,5080.7978515625,5832.47802734375,6639.0390625,7522.4267578125,8499.232421875,9599.8349609375,10871.90234375,12350.25,14159.2998046875,16576.5390625,20716.970703125,26465.48046875
2024-05-18 12:00:00,286.39354598857705,1010.4214612594982,286.2191162109375,284.5791015625,283.5440979003906,283.35089111328125,283.1408996582031,282.37091064453125,281.1127014160156,279.96771240234375,278.66961669921875,280.54949951171875,277.21820068359375,270.08941650390625,264.626708984375,259.88348388671875,252.92129516601562,246.17579650878906,243.04209899902344,232.6678924560547,220.96209716796875,208.90750122070312,203.94749450683594,208.25079345703125,219.9770965576172,1000.0,975.0,950.0,925.0,900.0,850.0,800.0,750.0,700.0,650.0,600.0,550.0,500.0,450.0,400.0,350.0,300.0,250.0,200.0,150.0,100.0,50.0,20.0,171.61199951171875,383.0284118652344,600.115966796875,823.019775390625,1049.93896484375,1525.677001953125,2028.18212890625,2560.694091796875,3127.81689453125,3735.64404296875,4393.3740234375,5091.73681640625,5837.8369140625,6648.35205078125,7533.43701171875,8508.638671875,9613.419921875,10883.01171875,12363.759765625,14170.009765625,16596.05859375,20728.619140625,26488.060546875
2024-05-18 15:00:00,286.6240321914063,1012.4239776730581,286.0104064941406,284.12518310546875,283.4661865234375,283.03411865234375,282.8218994140625,282.5664978027344,281.19549560546875,280.05938720703125,279.01800537109375,279.49578857421875,273.830810546875,268.87738037109375,264.283203125,259.81451416015625,254.09771728515625,247.61740112304688,242.7248992919922,232.68719482421875,221.2100067138672,208.85800170898438,203.3907928466797,208.4282989501953,220.4936981201172,1000.0,975.0,950.0,925.0,900.0,850.0,800.0,750.0,700.0,650.0,600.0,550.0,500.0,450.0,400.0,350.0,300.0,250.0,200.0,150.0,100.0,50.0,20.0,175.35690307617188,388.0586853027344,604.4061279296875,826.5631713867188,1054.737548828125,1529.8890380859375,2031.77197265625,2564.5380859375,3131.827880859375,3740.47900390625,4391.337890625,5083.8017578125,5829.3740234375,6639.5830078125,7525.93505859375,8507.275390625,9614.806640625,10882.7431640625,12366.5703125,14170.25,16603.98046875,20734.5703125,26497.439453125
2024-05-18 18:00:00,287.41187773256974,1009.9554893660045,286.7711181640625,284.631103515625,283.2310791015625,283.04638671875,282.59039306640625,281.339599609375,279.9696044921875,279.464111328125,278.55810546875,277.3125,274.981689453125,268.6625061035156,263.994384765625,260.2944030761719,254.2373046875,249.1938018798828,243.13380432128906,232.71119689941406,221.4969940185547,210.1486053466797,201.2239990234375,209.11090087890625,219.85409545898438,1000.0,975.0,950.0,925.0,900.0,850.0,800.0,750.0,700.0,650.0,600.0,550.0,500.0,450.0,400.0,350.0,300.0,250.0,200.0,150.0,100.0,50.0,20.0,167.42489624023438,379.7560119628906,595.7420043945312,817.5200805664062,1045.297119140625,1519.6490478515625,2018.68994140625,2549.570068359375,3115.919921875,3721.8740234375,4371.197265625,5064.625,5808.63623046875,6619.509765625,7507.01708984375,8490.1640625,9602.822265625,10872.5107421875,12354.5400390625,14164.400390625,16598.7109375,20721.01953125,26487.279296875
2024-05-18 21:00:00,286.97290413491356,1009.1591501768188,287.1383972167969,285.2584228515625,283.598388671875,283.1737060546875,283.21368408203125,282.2174072265625,281.09368896484375,280.847412109375,280.93267822265625,277.94268798828125,272.4130859375,266.04718017578125,262.541015625,259.82659912109375,254.54278564453125,249.6262969970703,242.65899658203125,232.7519989013672,222.48370361328125,211.10499572753906,200.772705078125,210.23829650878906,220.8177032470703,1000.0,975.0,950.0,925.0,900.0,850.0,800.0,750.0,700.0,650.0,600.0,550.0,500.0,450.0,400.0,350.0,300.0,250.0,200.0,150.0,100.0,50.0,20.0,163.32989501953125,375.58160400390625,593.472900390625,815.1588745117188,1042.829833984375,1516.9849853515625,2019.7900390625,2553.44189453125,3122.56396484375,3730.99609375,4377.72802734375,5064.759765625,5802.6982421875,6610.01904296875,7498.49609375,8481.0625,9594.142578125,10862.265625,12349.73046875,14167.9296875,16590.21875,20729.5703125,26491.970703125
2024-05-19 00:00:00,284.5825811165959,1011.5591815731813,285.58331298828125,285.2086181640625,283.5574035644531,282.12750244140625,281.4273986816406,280.9375,280.0753173828125,280.9613952636719,281.935302734375,277.76568603515625,273.02880859375,266.9757080078125,261.89031982421875,257.2976989746094,254.31390380859375,249.74510192871094,241.66749572753906,233.56619262695312,222.69309997558594,211.39309692382812,201.2364044189453,209.5063018798828,219.5137939453125,1000.0,975.0,950.0,925.0,900.0,850.0,800.0,750.0,700.0,650.0,600.0,550.0,500.0,450.0,400.0,350.0,300.0,250.0,200.0,150.0,100.0,50.0,20.0,177.5399169921875,391.19720458984375,608.480712890625,829.5308837890625,1056.5693359375,1529.4110107421875,2027.85400390625,2561.052001953125,3131.64892578125,3739.05908203125,4385.6533203125,5074.3759765625,5812.7841796875,6614.41015625,7496.73486328125,8482.248046875,9591.8310546875,10857.9228515625,12348.75,14169.2998046875,16601.859375,20746.369140625,26502.0390625
2024-05-19 03:00:00,284.43437020959124,1011.7893766718751,284.65087890625,285.0308837890625,283.877197265625,282.2109069824219,281.0072021484375,280.7772216796875,280.6829833984375,280.32440185546875,281.80938720703125,277.6331787109375,273.13348388671875,267.70928955078125,262.34130859375,257.697509765625,252.9901123046875,247.32260131835938,241.6739959716797,232.51300048828125,222.70669555664062,212.5919952392578,201.07000732421875,210.18150329589844,217.9080047607422,1000.0,975.0,950.0,925.0,900.0,850.0,800.0,750.0,700.0,650.0,600.0,550.0,500.0,450.0,400.0,350.0,300.0,250.0,200.0,150.0,100.0,50.0,20.0,183.06988525390625,395.0419921875,612.6104736328125,834.9464721679688,1061.242431640625,1532.5550537109375,2032.39013671875,2564.91796875,3134.72802734375,3742.758056640625,4389.0029296875,5078.962890625,5817.75390625,6619.97314453125,7500.80908203125,8477.162109375,9582.05859375,10845.09375,12333.2900390625,14162.0400390625,16603.169921875,20745.970703125,26485.0
2024-05-19 06:00:00,283.8688116361272,1012.0921720820313,283.47540283203125,284.3450012207031,283.4517822265625,282.27178955078125,281.20318603515625,279.970703125,280.0021057128906,279.51190185546875,282.3782958984375,277.96368408203125,273.297119140625,267.740478515625,262.2501220703125,257.7445983886719,252.0321044921875,246.17950439453125,241.9517059326172,233.2344970703125,222.71389770507812,212.3656005859375,202.2960968017578,210.65769958496094,219.36680603027344,1000.0,975.0,950.0,925.0,900.0,850.0,800.0,750.0,700.0,650.0,600.0,550.0,500.0,450.0,400.0,350.0,300.0,250.0,200.0,150.0,100.0,50.0,20.0,179.24072265625,391.2596130371094,607.8847045898438,829.2722778320312,1056.633056640625,1527.0550537109375,2025.008056640625,2556.654052734375,3125.60107421875,3734.180908203125,4381.15625,5071.38916015625,5810.2578125,6612.10400390625,7491.5029296875,8462.982421875,9566.107421875,10834.8076171875,12323.48046875,14151.76953125,16592.169921875,20736.0390625,26443.939453125
2024-05-19 09:00:00,283.33084332587606,1010.93701171875,282.03668212890625,282.90667724609375,282.8848876953125,282.46490478515625,282.02020263671875,281.1636047363281,281.0736083984375,280.4586181640625,281.32537841796875,277.8135986328125,273.33538818359375,267.9830017089844,262.5535888671875,257.57879638671875,250.67431640625,245.84010314941406,241.87649536132812,232.7191925048828,222.6479034423828,211.92660522460938,201.69410705566406,210.4561004638672,220.689697265625,1000.0,975.0,950.0,925.0,900.0,850.0,800.0,750.0,700.0,650.0,600.0,550.0,500.0,450.0,400.0,350.0,300.0,250.0,200.0,150.0,100.0,50.0,20.0,178.79629516601562,388.6661071777344,604.14892578125,826.398193359375,1052.6025390625,1525.7249755859375,2026.35888671875,2557.6708984375,3127.262939453125,3734.7509765625,4382.091796875,5071.7861328125,5812.2490234375,6614.14306640625,7490.86083984375,8457.236328125,9558.5029296875,10825.94140625,12313.1904296875,14138.990234375,16578.55859375,20730.0,26444.009765625
2024-05-19 12:00:00,285.45814421049386,1013.7735685664063,282.48541259765625,281.87078857421875,281.97760009765625,281.56231689453125,281.37591552734375,280.6676025390625,280.7026062011719,280.9978942871094,281.00457763671875,278.4163818359375,273.3363952636719,268.260498046875,264.21929931640625,258.24072265625,250.3450927734375,245.0491943359375,240.6204071044922,232.59249877929688,221.81939697265625,212.05580139160156,202.2864990234375,208.781494140625,223.52059936523438,1000.0,975.0,950.0,925.0,900.0,850.0,800.0,750.0,700.0,650.0,600.0,550.0,500.0,450.0,400.0,350.0,300.0,250.0,200.0,150.0,100.0,50.0,20.0,197.32650756835938,407.05450439453125,622.359375,843.3964233398438,1069.377197265625,1540.9620361328125,2039.93896484375,2572.452880859375,3141.10302734375,3748.715087890625,4396.4482421875,5086.63720703125,5829.509765625,6635.6259765625,7512.10498046875,8477.4267578125,9574.4912109375,10838.830078125,12320.900390625,14140.5595703125,16600.16015625,20739.9609375,26469.4609375
2024-05-19 15:00:00,293.0877792679046,1013.581343858192,287.33990478515625,285.2153015136719,283.0567932128906,281.12530517578125,280.66168212890625,281.91851806640625,281.79840087890625,281.41351318359375,281.1337890625,278.75518798828125,272.96697998046875,270.19769287109375,264.80841064453125,257.7586975097656,250.46249389648438,244.6616973876953,239.76730346679688,232.2239990234375,220.652099609375,211.8878936767578,202.63169860839844,209.66099548339844,224.17919921875,1000.0,975.0,950.0,925.0,900.0,850.0,800.0,750.0,700.0,650.0,600.0,550.0,500.0,450.0,400.0,350.0,300.0,250.0,200.0,150.0,100.0,50.0,20.0,195.0775146484375,407.468505859375,625.5076293945312,845.3275756835938,1071.1644287109375,1543.6390380859375,2044.7919921875,2577.81396484375,3146.321044921875,3755.177001953125,4402.123046875,5093.67822265625,5840.755859375,6646.23193359375,7522.26904296875,8489.705078125,9582.115234375,10842.0087890625,12321.76953125,14136.2900390625,16599.33984375,20734.5,26498.560546875
2024-05-19 18:00:00,293.65518859164894,1009.8624877929688,289.81201171875,287.6519775390625,285.4757080078125,283.51739501953125,281.28570556640625,281.9909973144531,283.069580078125,281.64288330078125,280.306396484375,278.7581787109375,274.38690185546875,270.41632080078125,264.625,257.58551025390625,250.666015625,244.47479248046875,239.9792022705078,231.6846923828125,220.660400390625,212.41409301757812,202.49020385742188,210.42579650878906,221.49330139160156,1000.0,975.0,950.0,925.0,900.0,850.0,800.0,750.0,700.0,650.0,600.0,550.0,500.0,450.0,400.0,350.0,300.0,250.0,200.0,150.0,100.0,50.0,20.0,176.635009765625,390.33349609375,609.7518920898438,833.0291137695312,1060.375732421875,1530.154052734375,2032.947021484375,2566.9951171875,3134.992919921875,3743.10302734375,4391.0732421875,5084.6220703125,5831.18994140625,6636.408203125,7512.13623046875,8479.0732421875,9571.9765625,10831.5087890625,12308.599609375,14121.73046875,16584.009765625,20723.439453125,26486.439453125
2024-05-19 21:00:00,287.3456892539062,1011.1822960066295,289.13629150390625,287.23321533203125,285.2930908203125,283.0830993652344,281.0994873046875,283.2962951660156,284.12158203125,282.3016052246094,280.3284912109375,278.35479736328125,274.6936950683594,269.7691955566406,264.23638916015625,257.3273010253906,251.23809814453125,245.45989990234375,239.78500366210938,231.2602996826172,220.6092071533203,211.85650634765625,202.31900024414062,209.7653045654297,218.85260009765625,1000.0,975.0,950.0,925.0,900.0,850.0,800.0,750.0,700.0,650.0,600.0,550.0,500.0,450.0,400.0,350.0,300.0,250.0,200.0,150.0,100.0,50.0,20.0,178.15390014648438,392.46978759765625,610.5054931640625,832.4229736328125,1060.4228515625,1532.5439453125,2036.76513671875,2572.299072265625,3140.85693359375,3748.652099609375,4396.44921875,5089.03515625,5834.3662109375,6638.6650390625,7514.7421875,8484.76171875,9579.390625,10836.6982421875,12313.2099609375,14130.01953125,16578.21875,20736.0703125,26482.9296875
2024-05-20 00:00:00,283.2696931033678,1013.1499723750001,285.75628662109375,285.3460998535156,283.65631103515625,282.2037048339844,281.7138977050781,284.15081787109375,284.958984375,283.0137939453125,281.90338134765625,278.916015625,274.8970031738281,269.43560791015625,263.5850830078125,256.7474060058594,251.00579833984375,245.6352996826172,240.25100708007812,231.86180114746094,220.81019592285156,210.77749633789062,201.93130493164062,209.00680541992188,218.35240173339844,1000.0,975.0,950.0,925.0,900.0,850.0,800.0,750.0,700.0,650.0,600.0,550.0,500.0,450.0,400.0,350.0,300.0,250.0,200.0,150.0,100.0,50.0,20.0,186.63922119140625,399.4263000488281,615.9223022460938,838.3223876953125,1064.810546875,1538.93896484375,2044.218017578125,2581.87890625,3152.617919921875,3761.77197265625,4410.4931640625,5104.2587890625,5848.13623046875,6650.35791015625,7525.2529296875,8496.421875,9592.779296875,10852.7451171875,12331.5703125,14142.83984375,16583.12890625,20742.859375,26479.9609375
2024-05-20 03:00:00,281.805143364036,1010.6147276120982,284.1912841796875,284.53131103515625,283.34130859375,282.38311767578125,282.39129638671875,284.3212890625,285.13128662109375,283.0531005859375,281.561279296875,279.044189453125,274.74609375,269.44659423828125,263.4375,257.08148193359375,251.177001953125,245.3383026123047,240.35189819335938,231.62350463867188,221.0092010498047,210.22689819335938,202.32440185546875,208.20449829101562,219.24200439453125,1000.0,975.0,950.0,925.0,900.0,850.0,800.0,750.0,700.0,650.0,600.0,550.0,500.0,450.0,400.0,350.0,300.0,250.0,200.0,150.0,100.0,50.0,20.0,185.89840698242188,397.00201416015625,613.8276977539062,836.5656127929688,1063.400146484375,1538.2540283203125,2044.27587890625,2581.716064453125,3152.301025390625,3760.76708984375,4409.55810546875,5102.748046875,5846.44677734375,6648.884765625,7525.125,8494.2861328125,9591.689453125,10852.2265625,12330.25,14139.2197265625,16576.44921875,20747.109375,26478.380859375
2024-05-20 06:00:00,281.27857627719584,1011.7818128219982,283.1701965332031,284.006103515625,283.31439208984375,282.60009765625,282.8601989746094,284.6752014160156,285.2423095703125,283.66510009765625,282.0502014160156,279.5194091796875,274.9779968261719,269.5447998046875,263.42279052734375,256.84051513671875,250.8961181640625,245.32449340820312,240.1652069091797,231.83200073242188,221.17640686035156,209.37510681152344,202.47039794921875,208.17469787597656,219.5876007080078,1000.0,975.0,950.0,925.0,900.0,850.0,800.0,750.0,700.0,650.0,600.0,550.0,500.0,450.0,400.0,350.0,300.0,250.0,200.0,150.0,100.0,50.0,20.0,176.51669311523438,387.4106140136719,604.02978515625,825.5546264648438,1053.167724609375,1528.5579833984375,2035.10009765625,2573.032958984375,3145.074951171875,3753.98193359375,4403.87109375,5097.244140625,5841.39501953125,6643.0859375,7518.47314453125,8486.5908203125,9583.248046875,10842.8369140625,12323.4296875,14130.009765625,16564.0,20723.390625,26449.029296875
2024-05-20 09:00:00,280.8616494356947,1011.8119957136607,282.27618408203125,283.3662109375,282.92620849609375,282.7160949707031,283.227294921875,284.6690979003906,285.10699462890625,283.5369873046875,282.439208984375,279.74920654296875,275.248291015625,269.77520751953125,263.60968017578125,257.2897033691406,249.99319458007812,245.26339721679688,239.95880126953125,232.05140686035156,220.71380615234375,209.08990478515625,202.48280334472656,208.5579071044922,220.9340057373047,1000.0,975.0,950.0,925.0,900.0,850.0,800.0,750.0,700.0,650.0,600.0,550.0,500.0,450.0,400.0,350.0,300.0,250.0,200.0,150.0,100.0,50.0,20.0,167.07818603515625,377.6693115234375,593.9959106445312,816.2039184570312,1043.512451171875,1519.2540283203125,2026.136962890625,2564.366943359375,3135.658935546875,3745.408935546875,4396.296875,5090.5830078125,5834.5322265625,6637.10498046875,7511.4267578125,8479.306640625,9575.0791015625,10834.6513671875,12313.4296875,14116.6201171875,16553.46875,20721.490234375,26442.080078125
2024-05-20 12:00:00,285.3250806231947,1011.9214927839732,283.1531982421875,283.49029541015625,283.30322265625,283.3403015136719,284.0989990234375,285.6614074707031,284.35638427734375,283.0260009765625,282.7922058105469,279.8627014160156,275.2633056640625,270.10491943359375,263.8439025878906,257.027587890625,250.9534912109375,245.32269287109375,239.0989990234375,231.36920166015625,220.65570068359375,208.53050231933594,202.73829650878906,207.51199340820312,220.8852996826172,1000.0,975.0,950.0,925.0,900.0,850.0,800.0,750.0,700.0,650.0,600.0,550.0,500.0,450.0,400.0,350.0,300.0,250.0,200.0,150.0,100.0,50.0,20.0,174.91888427734375,385.8056945800781,602.4139404296875,823.9182739257812,1052.5299072265625,1529.8919677734375,2037.412109375,2575.3369140625,3147.361083984375,3758.593017578125,4408.5791015625,5103.73681640625,5848.43115234375,6651.77783203125,7526.2421875,8495.685546875,9589.5087890625,10846.3798828125,12322.76953125,14124.0498046875,16569.669921875,20724.830078125,26465.5
2024-05-20 15:00:00,293.91183266977396,1010.999068467567,289.45281982421875,287.0437927246094,285.1098937988281,283.14990234375,285.66241455078125,287.3598937988281,285.31549072265625,282.7415771484375,282.39520263671875,279.9486999511719,275.7095947265625,270.45159912109375,263.8912048339844,257.051513671875,251.35400390625,246.28919982910156,239.59629821777344,231.2281951904297,220.60760498046875,208.2384033203125,203.47239685058594,209.3018035888672,220.83070373535156,1000.0,975.0,950.0,925.0,900.0,850.0,800.0,750.0,700.0,650.0,600.0,550.0,500.0,450.0,400.0,350.0,300.0,250.0,200.0,150.0,100.0,50.0,20.0,160.53610229492188,374.71270751953125,594.6011962890625,816.3795776367188,1044.2274169921875,1527.0340576171875,2037.928955078125,2576.134033203125,3148.333984375,3759.10693359375,4410.16015625,5105.39306640625,5851.0029296875,6654.65380859375,7530.74609375,8502.353515625,9599.0009765625,10855.14453125,12331.7998046875,14133.5400390625,16578.669921875,20732.359375,26477.060546875
2024-05-20 18:00:00,295.6403581817885,1006.6451866316295,292.4208068847656,290.25469970703125,288.081787109375,286.1217041015625,283.88787841796875,287.5914001464844,285.91790771484375,282.73248291015625,281.13751220703125,280.00958251953125,276.5751037597656,271.19720458984375,264.70220947265625,258.97882080078125,252.16119384765625,246.46519470214844,239.48049926757812,231.52420043945312,220.4720001220703,208.6591033935547,203.25619506835938,208.110595703125,220.41079711914062,1000.0,975.0,950.0,925.0,900.0,850.0,800.0,750.0,700.0,650.0,600.0,550.0,500.0,450.0,400.0,350.0,300.0,250.0,200.0,150.0,100.0,50.0,20.0,132.164306640625,350.1351013183594,569.8055419921875,795.3610229492188,1024.9935302734375,1505.345947265625,2016.75,2556.447021484375,3127.10791015625,3736.652099609375,4389.5556640625,5087.47216796875,5835.3720703125,6642.0771484375,7522.7529296875,8496.2529296875,9594.2548828125,10849.2490234375,12328.1396484375,14128.080078125,16569.8203125,20710.669921875,26468.119140625
2024-05-20 21:00:00,289.7724719552259,1003.3353971796876,291.3135986328125,290.6539001464844,288.7135009765625,287.0048828125,286.64990234375,288.46649169921875,286.16278076171875,283.2169189453125,281.23681640625,281.0202941894531,277.410400390625,271.57708740234375,265.94110107421875,259.607421875,252.84051513671875,246.50840759277344,239.44869995117188,231.90249633789062,220.32650756835938,208.54359436035156,202.91070556640625,208.95030212402344,218.59939575195312,1000.0,975.0,950.0,925.0,900.0,850.0,800.0,750.0,700.0,650.0,600.0,550.0,500.0,450.0,400.0,350.0,300.0,250.0,200.0,150.0,100.0,50.0,20.0,115.94479370117188,334.3887023925781,554.5510864257812,780.6043701171875,1010.755126953125,1496.1610107421875,2008.6689453125,2548.527099609375,3120.4208984375,3732.8359375,4387.134765625,5086.93017578125,5836.9072265625,6647.2041015625,7530.22607421875,8506.625,9601.7490234375,10859.2041015625,12338.5,14136.75,16571.1796875,20717.009765625,26466.849609375
2024-05-21 00:00:00,287.154260647387,1005.050582139442,289.02081298828125,291.367919921875,290.69549560546875,289.7379150390625,289.01788330078125,288.9750061035156,287.06500244140625,283.39508056640625,281.3092041015625,280.7922058105469,276.96917724609375,271.7410888671875,266.9127197265625,260.0852966308594,253.3079833984375,245.55850219726562,239.13250732421875,232.0063018798828,220.51669311523438,209.90280151367188,201.65969848632812,209.2445068359375,219.9105987548828,1000.0,975.0,950.0,925.0,900.0,850.0,800.0,750.0,700.0,650.0,600.0,550.0,500.0,450.0,400.0,350.0,300.0,250.0,200.0,150.0,100.0,50.0,20.0,117.469482421875,334.5932922363281,555.4017333984375,784.0734252929688,1016.8017578125,1503.2850341796875,2016.7158203125,2559.364013671875,3131.842041015625,3742.681884765625,4397.119140625,5096.1318359375,5848.53076171875,6660.87890625,7545.755859375,8520.59375,9613.2412109375,10870.4189453125,12349.33984375,14151.25,16590.53125,20737.640625,26470.470703125
2024-05-21 03:00:00,286.8369531865974,1002.587078686317,288.3421936035156,291.44781494140625,292.0355224609375,291.3369140625,290.3648986816406,288.47698974609375,287.20050048828125,283.663818359375,280.98529052734375,280.677978515625,277.2498779296875,271.81591796875,266.8966979980469,260.357177734375,253.12042236328125,245.24949645996094,239.01220703125,231.87680053710938,220.64720153808594,208.6291046142578,201.2572021484375,209.5771942138672,220.5117950439453,1000.0,975.0,950.0,925.0,900.0,850.0,800.0,750.0,700.0,650.0,600.0,550.0,500.0,450.0,400.0,350.0,300.0,250.0,200.0,150.0,100.0,50.0,20.0,117.2421875,333.29730224609375,557.0394287109375,785.6173706054688,1019.2200927734375,1506.386962890625,2020.39208984375,2562.455078125,3134.2509765625,3745.2900390625,4400.3212890625,5099.7548828125,5851.44091796875,6664.14990234375,7549.5341796875,8523.275390625,9614.9248046875,10871.7724609375,12349.9404296875,14151.26953125,16591.4609375,20735.490234375,26473.880859375
2024-05-21 06:00:00,286.5836653831082,1002.599853515625,288.17999267578125,292.0299987792969,292.6156005859375,291.66558837890625,290.44488525390625,289.0426025390625,287.1401062011719,283.7252197265625,281.53070068359375,280.648193359375,277.1217956542969,272.6918029785156,266.3804931640625,259.60028076171875,253.0775146484375,245.8365020751953,239.01210021972656,232.0175018310547,219.95899963378906,208.44439697265625,201.55349731445312,209.8603973388672,220.7301025390625,1000.0,975.0,950.0,925.0,900.0,850.0,800.0,750.0,700.0,650.0,600.0,550.0,500.0,450.0,400.0,350.0,300.0,250.0,200.0,150.0,100.0,50.0,20.0,107.334716796875,322.8316955566406,546.025634765625,776.0441284179688,1010.1085205078125,1497.2239990234375,2012.239013671875,2554.37109375,3126.26904296875,3738.029052734375,4393.376953125,5093.625,5845.94580078125,6657.38818359375,7540.662109375,8515.0810546875,9608.7998046875,10864.998046875,12343.3798828125,14140.4697265625,16580.5390625,20728.140625,26470.9609375
2024-05-21 09:00:00,286.8016829612332,1001.3862730222545,287.95001220703125,291.5513000488281,292.87939453125,292.4349060058594,291.45501708984375,289.6748962402344,287.02490234375,283.48248291015625,280.2825012207031,279.81951904296875,277.42291259765625,272.5122985839844,266.41619873046875,259.8399963378906,252.69949340820312,245.89149475097656,238.9405975341797,231.9803009033203,219.5789031982422,208.8126983642578,201.6553955078125,209.9530029296875,220.0657958984375,1000.0,975.0,950.0,925.0,900.0,850.0,800.0,750.0,700.0,650.0,600.0,550.0,500.0,450.0,400.0,350.0,300.0,250.0,200.0,150.0,100.0,50.0,20.0,103.1256103515625,319.8306884765625,542.2114868164062,772.4450073242188,1008.72802734375,1498.2889404296875,2011.76416015625,2553.385986328125,3124.79296875,3734.136962890625,4389.02587890625,5089.7451171875,5841.4677734375,6652.56396484375,7536.3330078125,8510.72265625,9604.013671875,10861.3017578125,12337.4697265625,14134.2099609375,16566.51953125,20721.830078125,26463.130859375
2024-05-21 12:00:00,292.1848952599135,1003.8562712031251,290.8739013671875,292.472412109375,293.2958984375,292.8464050292969,291.8724060058594,289.84490966796875,287.56231689453125,284.2622985839844,280.185791015625,278.9902038574219,277.05499267578125,272.25128173828125,266.12799072265625,259.7911071777344,253.37820434570312,245.6060028076172,237.99510192871094,231.65359497070312,219.80169677734375,209.3394012451172,203.00079345703125,209.3090057373047,219.30499267578125,1000.0,975.0,950.0,925.0,900.0,850.0,800.0,750.0,700.0,650.0,600.0,550.0,500.0,450.0,400.0,350.0,300.0,250.0,200.0,150.0,100.0,50.0,20.0,116.58261108398438,332.406494140625,556.9305419921875,787.288330078125,1023.7109375,1513.54296875,2027.31396484375,2569.23095703125,3141.952880859375,3750.751953125,4403.3642578125,5103.6162109375,5854.9990234375,6665.14111328125,7550.18896484375,8525.05859375,9615.75,10869.09765625,12345.0703125,14145.4697265625,16579.9609375,20739.869140625,26474.419921875
2024-05-21 15:00:00,300.44907963085933,1000.8196226316295,298.17822265625,295.7882080078125,293.8695068359375,291.67950439453125,292.2095031738281,290.1889953613281,288.05389404296875,285.3984069824219,281.59552001953125,278.615478515625,276.8283996582031,271.4974060058594,265.99078369140625,259.50341796875,252.9901123046875,245.4691925048828,237.99070739746094,231.2115020751953,219.86790466308594,210.0323944091797,205.91140747070312,209.4246063232422,219.28790283203125,1000.0,975.0,950.0,925.0,900.0,850.0,800.0,750.0,700.0,650.0,600.0,550.0,500.0,450.0,400.0,350.0,300.0,250.0,200.0,150.0,100.0,50.0,20.0,107.90390014648438,329.654296875,555.0889892578125,784.3333740234375,1019.6279296875,1511.1009521484375,2025.406982421875,2568.718994140625,3143.715087890625,3753.299072265625,4404.60400390625,5103.78076171875,5854.125,6664.66015625,7548.5869140625,8521.5029296875,9612.712890625,10864.236328125,12337.8203125,14140.490234375,16590.19921875,20751.130859375,26488.55078125
2024-05-21 18:00:00,302.98104147475726,999.9473356562501,301.93701171875,299.5368957519531,297.36639404296875,295.41778564453125,293.1932067871094,288.9064025878906,288.7532043457031,286.82672119140625,283.00531005859375,279.560302734375,276.105712890625,271.81988525390625,266.2088928222656,259.752685546875,252.7760009765625,245.56199645996094,237.09230041503906,230.16510009765625,219.34970092773438,210.82569885253906,205.8874969482422,208.6042022705078,219.9803009033203,1000.0,975.0,950.0,925.0,900.0,850.0,800.0,750.0,700.0,650.0,600.0,550.0,500.0,450.0,400.0,350.0,300.0,250.0,200.0,150.0,100.0,50.0,20.0,78.69439697265625,303.57489013671875,532.1447143554688,764.5576171875,1003.03857421875,1492.987060546875,2006.8720703125,2552.910888671875,3129.7900390625,3740.990966796875,4393.13671875,5092.32177734375,5842.75390625,6653.876953125,7537.240234375,8511.400390625,9599.73828125,10846.0224609375,12313.7001953125,14121.0,16590.7890625,20733.509765625,26468.5
2024-05-21 21:00:00,296.2121116901924,998.823486328125,298.95928955078125,300.5592956542969,299.38848876953125,297.6885070800781,295.46337890625,291.4201965332031,287.0169982910156,285.96881103515625,283.0187072753906,279.327392578125,276.95050048828125,272.3099060058594,266.3923034667969,260.1737060546875,252.97808837890625,245.38429260253906,236.4925994873047,229.57809448242188,219.86380004882812,212.06080627441406,204.4918975830078,208.9573974609375,219.2010955810547,1000.0,975.0,950.0,925.0,900.0,850.0,800.0,750.0,700.0,650.0,600.0,550.0,500.0,450.0,400.0,350.0,300.0,250.0,200.0,150.0,100.0,50.0,20.0,73.64968872070312,296.5271911621094,527.1083984375,761.5385131835938,1000.0225830078125,1494.0140380859375,2009.926025390625,2552.9970703125,3129.888916015625,3741.4169921875,4394.0009765625,5095.2119140625,5846.01318359375,6658.64697265625,7543.712890625,8516.9541015625,9604.404296875,10846.92578125,12315.490234375,14132.7197265625,16599.03125,20729.0,26491.470703125
2024-05-22 00:00:00,293.55545773918385,999.110760326942,296.6129150390625,300.212890625,300.031982421875,298.5733947753906,296.3482971191406,292.0518798828125,287.6251220703125,283.4400939941406,282.1068115234375,278.83349609375,277.13531494140625,272.2203063964844,266.30621337890625,259.6591796875,252.68951416015625,244.90069580078125,236.1531982421875,229.83349609375,219.79840087890625,212.6768035888672,204.19830322265625,210.027099609375,218.6746063232422,1000.0,975.0,950.0,925.0,900.0,850.0,800.0,750.0,700.0,650.0,600.0,550.0,500.0,450.0,400.0,350.0,300.0,250.0,200.0,150.0,100.0,50.0,20.0,90.14410400390625,313.8919982910156,543.3508911132812,778.6638793945312,1018.0731201171875,1512.9339599609375,2030.8291015625,2571.98193359375,3145.0830078125,3755.56494140625,4408.3818359375,5109.76611328125,5860.77783203125,6672.48681640625,7554.791015625,8527.892578125,9613.236328125,10855.75390625,12324.830078125,14145.330078125,16602.94140625,20744.869140625,26499.669921875
2024-05-22 03:00:00,293.8130124163114,999.6946226316295,294.85528564453125,299.685302734375,300.25299072265625,298.794677734375,296.8046875,292.11651611328125,287.79840087890625,283.9801025390625,280.37188720703125,279.242919921875,277.89459228515625,272.33221435546875,266.1701965332031,259.3203125,252.19070434570312,244.8361053466797,236.02130126953125,228.84429931640625,220.29690551757812,212.1427001953125,203.06129455566406,211.52139282226562,218.36399841308594,1000.0,975.0,950.0,925.0,900.0,850.0,800.0,750.0,700.0,650.0,600.0,550.0,500.0,450.0,400.0,350.0,300.0,250.0,200.0,150.0,100.0,50.0,20.0,91.30169677734375,312.15618896484375,542.7376098632812,778.198974609375,1017.777587890625,1513.06396484375,2029.5,2572.347900390625,3145.26611328125,3753.971923828125,4409.26708984375,5111.08984375,5862.10595703125,6673.0068359375,7555.0361328125,8526.263671875,9610.9990234375,10851.47265625,12318.4296875,14135.6201171875,16597.48046875,20761.689453125,26491.390625
2024-05-22 06:00:00,294.56179971333415,1001.622314453125,294.23712158203125,298.3262939453125,299.132080078125,297.9169006347656,296.1690979003906,292.351318359375,288.77630615234375,284.19207763671875,279.82830810546875,278.5054931640625,277.34649658203125,272.478515625,266.28680419921875,259.5834045410156,252.51699829101562,244.785400390625,236.6737060546875,228.298095703125,220.15370178222656,211.99440002441406,205.19749450683594,210.8583984375,219.74159240722656,1000.0,975.0,950.0,925.0,900.0,850.0,800.0,750.0,700.0,650.0,600.0,550.0,500.0,450.0,400.0,350.0,300.0,250.0,200.0,150.0,100.0,50.0,20.0,83.74330139160156,305.2485046386719,534.50048828125,768.6552734375,1007.921630859375,1501.6600341796875,2019.619140625,2563.052001953125,3135.655029296875,3743.555908203125,4396.89208984375,5097.98681640625,5849.7421875,6660.9970703125,7543.98876953125,8515.982421875,9601.8369140625,10842.583984375,12306.6796875,14119.5400390625,16596.0,20752.029296875,26480.259765625
2024-05-22 09:00:00,292.583857217832,1000.4491667109376,293.66131591796875,296.50128173828125,297.55322265625,296.72021484375,295.1051940917969,291.658203125,288.08428955078125,284.2506103515625,280.51861572265625,277.4895935058594,277.07470703125,273.01080322265625,266.3328857421875,259.56597900390625,252.95809936523438,245.6658935546875,236.78709411621094,227.7135009765625,220.3907928466797,211.4727020263672,205.6343994140625,210.2321014404297,219.96859741210938,1000.0,975.0,950.0,925.0,900.0,850.0,800.0,750.0,700.0,650.0,600.0,550.0,500.0,450.0,400.0,350.0,300.0,250.0,200.0,150.0,100.0,50.0,20.0,82.7548828125,304.00970458984375,529.9974975585938,763.8997192382812,1002.90625,1496.114990234375,2012.510009765625,2555.343994140625,3127.3369140625,3734.972900390625,4386.27734375,5088.833984375,5841.34521484375,6652.0771484375,7536.0068359375,8511.1875,9599.822265625,10836.736328125,12298.0302734375,14113.0,16581.53125,20747.44921875,26465.880859375
2024-05-22 12:00:00,295.48292553980184,1003.9169151472545,295.79931640625,295.63031005859375,296.9425964355469,296.106689453125,294.62298583984375,290.8140869140625,287.243408203125,284.2937927246094,281.1878967285156,278.3146057128906,277.1785888671875,273.3634948730469,266.760986328125,259.8695068359375,252.69500732421875,245.81080627441406,236.96859741210938,228.5177001953125,219.1652069091797,211.0803985595703,206.42759704589844,209.64149475097656,220.7346954345703,1000.0,975.0,950.0,925.0,900.0,850.0,800.0,750.0,700.0,650.0,600.0,550.0,500.0,450.0,400.0,350.0,300.0,250.0,200.0,150.0,100.0,50.0,20.0,96.03219604492188,316.84161376953125,543.3729248046875,776.7921752929688,1015.3154296875,1507.5069580078125,2023.843017578125,2565.572021484375,3138.382080078125,3747.14599609375,4398.9951171875,5101.591796875,5855.5087890625,6667.76220703125,7551.56201171875,8524.765625,9615.5,10854.22265625,12317.509765625,14118.830078125,16598.0,20755.509765625,26483.91015625
2024-05-22 15:00:00,302.63155672866344,1001.6347135859376,301.23980712890625,298.8298034667969,296.63641357421875,294.43170166015625,292.4407958984375,290.76312255859375,287.45721435546875,284.3815002441406,281.64691162109375,278.8634033203125,277.4833984375,273.9342956542969,267.0816955566406,260.1807861328125,252.18511962890625,245.34539794921875,236.83270263671875,228.1981964111328,217.91099548339844,213.2823944091797,206.5247039794922,210.58509826660156,220.3892059326172,1000.0,975.0,950.0,925.0,900.0,850.0,800.0,750.0,700.0,650.0,600.0,550.0,500.0,450.0,400.0,350.0,300.0,250.0,200.0,150.0,100.0,50.0,20.0,92.31059265136719,316.8948974609375,543.1871948242188,775.37109375,1013.65283203125,1503.3380126953125,2019.14208984375,2561.319091796875,3134.530029296875,3743.779052734375,4397.09765625,5100.92822265625,5855.57080078125,6669.5029296875,7552.01806640625,8523.732421875,9613.26953125,10853.5615234375,12307.6904296875,14118.5,16602.009765625,20761.990234375,26506.05078125
2024-05-22 18:00:00,304.4743214122572,998.5762419062501,303.2689208984375,300.8659973144531,298.67462158203125,296.224609375,293.9851989746094,289.4351806640625,285.0089111328125,285.43951416015625,282.716796875,279.8367919921875,277.65179443359375,273.8482971191406,267.3659973144531,259.58148193359375,252.4398193359375,246.0760040283203,237.16839599609375,227.9044952392578,217.08180236816406,214.52389526367188,204.7512969970703,209.89419555664062,220.96119689941406,1000.0,975.0,950.0,925.0,900.0,850.0,800.0,750.0,700.0,650.0,600.0,550.0,500.0,450.0,400.0,350.0,300.0,250.0,200.0,150.0,100.0,50.0,20.0,70.51458740234375,296.73150634765625,526.6727294921875,760.4984741210938,998.3975830078125,1489.3260498046875,2002.3330078125,2542.64892578125,3117.992919921875,3729.547119140625,4384.296875,5088.080078125,5843.3271484375,6655.869140625,7537.744140625,8513.2470703125,9602.7109375,10843.42578125,12295.41015625,14111.509765625,16593.55078125,20742.939453125,26494.359375
2024-05-22 21:00:00,297.8865122681696,996.3567320066295,299.0213928222656,300.1130065917969,298.42572021484375,296.4757080078125,294.4921875,290.18701171875,285.7593994140625,282.32562255859375,284.2319030761719,281.8569030761719,277.597412109375,273.2178955078125,266.59808349609375,259.8410949707031,252.92901611328125,246.252197265625,237.72439575195312,227.69700622558594,217.10049438476562,213.43679809570312,203.0760040283203,211.2205047607422,218.97669982910156,1000.0,975.0,950.0,925.0,900.0,850.0,800.0,750.0,700.0,650.0,600.0,550.0,500.0,450.0,400.0,350.0,300.0,250.0,200.0,150.0,100.0,50.0,20.0,66.38330078125,290.41778564453125,520.1577758789062,753.787109375,993.5020751953125,1485.001953125,1999.56591796875,2539.452880859375,3112.298095703125,3728.424072265625,4385.14501953125,5088.1611328125,5841.88916015625,6654.52294921875,7537.1669921875,8514.01953125,9605.451171875,10847.41796875,12297.4599609375,14103.080078125,16587.62109375,20748.66015625,26500.76953125
2024-05-23 00:00:00,298.7535803341322,999.4654020625001,298.5473937988281,299.14349365234375,297.72418212890625,296.52569580078125,295.6838073730469,292.0242004394531,287.3688049316406,282.95379638671875,279.8834228515625,281.52301025390625,277.968017578125,273.10589599609375,266.72882080078125,259.849609375,252.88479614257812,245.843994140625,236.97970581054688,227.2902069091797,217.12550354003906,212.37429809570312,204.39419555664062,210.3061065673828,218.3262939453125,1000.0,975.0,950.0,925.0,900.0,850.0,800.0,750.0,700.0,650.0,600.0,550.0,500.0,450.0,400.0,350.0,300.0,250.0,200.0,150.0,100.0,50.0,20.0,75.21771240234375,297.7981872558594,526.0526123046875,760.1641235351562,998.303955078125,1494.60205078125,2011.782958984375,2553.114990234375,3124.215087890625,3736.05810546875,4393.01806640625,5096.5068359375,5850.6337890625,6662.93603515625,7546.9072265625,8521.98828125,9610.99609375,10848.626953125,12297.8095703125,14092.740234375,16579.41015625,20761.080078125,26497.939453125
2024-05-23 03:00:00,298.0441868260239,999.6228727656251,297.33758544921875,297.1864929199219,296.5067138671875,295.80670166015625,294.95391845703125,292.41168212890625,288.12890625,284.20172119140625,279.118896484375,276.00048828125,277.298583984375,273.474609375,267.06549072265625,260.0812072753906,252.95098876953125,245.1510009765625,236.62319946289062,226.4167938232422,217.16220092773438,211.8834991455078,205.5782012939453,210.2991943359375,218.5677947998047,1000.0,975.0,950.0,925.0,900.0,850.0,800.0,750.0,700.0,650.0,600.0,550.0,500.0,450.0,400.0,350.0,300.0,250.0,200.0,150.0,100.0,50.0,20.0,76.139404296875,298.2842102050781,525.148681640625,757.8455810546875,996.6328125,1491.197998046875,2009.7431640625,2553.98095703125,3125.593994140625,3730.22998046875,4381.46875,5084.3388671875,5839.10205078125,6652.3740234375,7536.14306640625,8509.736328125,9596.9765625,10832.025390625,12280.5400390625,14079.509765625,16563.98046875,20749.5,26496.9296875
2024-05-23 06:00:00,296.9756753085937,997.010174389442,294.69671630859375,293.04541015625,293.12689208984375,294.55438232421875,293.9569091796875,291.67108154296875,288.3961181640625,284.9819030761719,280.0368957519531,277.673583984375,275.033203125,272.8966979980469,267.035888671875,260.18450927734375,252.731689453125,243.86740112304688,236.11819458007812,225.2617950439453,217.07420349121094,213.75909423828125,205.5482940673828,210.98629760742188,218.8502960205078,1000.0,975.0,950.0,925.0,900.0,850.0,800.0,750.0,700.0,650.0,600.0,550.0,500.0,450.0,400.0,350.0,300.0,250.0,200.0,150.0,100.0,50.0,20.0,74.09039306640625,293.5945129394531,517.772705078125,748.78857421875,986.863525390625,1479.9840087890625,1997.99609375,2543.135009765625,3116.053955078125,3725.02392578125,4374.19091796875,5074.4599609375,5828.953125,6641.8701171875,7526.64697265625,8497.0087890625,9579.5234375,10811.2822265625,12250.990234375,14065.759765625,16555.5703125,20738.0,26486.880859375
2024-05-23 09:00:00,292.413144229255,997.230877514442,293.102783203125,292.4627990722656,292.9302062988281,293.37518310546875,292.797119140625,290.67462158203125,287.677490234375,283.5419006347656,279.3804016113281,277.6378173828125,274.70648193359375,273.3070983886719,266.79730224609375,259.9368896484375,252.2047119140625,244.31260681152344,235.05209350585938,225.19630432128906,216.0301055908203,215.30380249023438,206.4980010986328,210.90699768066406,220.1710968017578,1000.0,975.0,950.0,925.0,900.0,850.0,800.0,750.0,700.0,650.0,600.0,550.0,500.0,450.0,400.0,350.0,300.0,250.0,200.0,150.0,100.0,50.0,20.0,75.8712158203125,294.26849365234375,518.2996826171875,748.1240234375,985.94921875,1478.4300537109375,1994.58203125,2537.60107421875,3109.10888671875,3714.94091796875,4363.6318359375,5064.93798828125,5818.60888671875,6630.76123046875,7514.51806640625,8484.576171875,9567.0546875,10794.5048828125,12231.240234375,14051.990234375,16544.5,20737.0,26473.94921875
2024-05-23 12:00:00,294.62927429042406,1002.178267686317,293.594482421875,291.71441650390625,293.0466003417969,294.3665771484375,294.4071960449219,291.5238037109375,287.406005859375,283.510986328125,279.35101318359375,276.7351989746094,276.6246032714844,273.02789306640625,266.95880126953125,259.36669921875,251.9248046875,243.41250610351562,234.01199340820312,224.622802734375,215.88079833984375,215.69200134277344,207.0,212.26300048828125,219.98060607910156,1000.0,975.0,950.0,925.0,900.0,850.0,800.0,750.0,700.0,650.0,600.0,550.0,500.0,450.0,400.0,350.0,300.0,250.0,200.0,150.0,100.0,50.0,20.0,88.97689819335938,306.7424011230469,531.1436767578125,762.3563842773438,999.5811767578125,1493.8759765625,2010.87890625,2552.780029296875,3123.240966796875,3728.35791015625,4377.81201171875,5079.31298828125,5833.38623046875,6645.73291015625,7527.39111328125,8495.3427734375,9572.015625,10793.9970703125,12230.7001953125,14059.9296875,16556.609375,20744.599609375,26486.419921875
2024-05-23 15:00:00,298.4682776280495,1001.1735069441295,293.6596984863281,291.7590026855469,290.8389892578125,290.3983154296875,290.1683044433594,289.6483154296875,286.12451171875,282.58367919921875,280.5187072753906,277.4779968261719,277.6575927734375,272.6011962890625,266.527099609375,259.22918701171875,251.13650512695312,242.9875030517578,234.4720001220703,224.24420166015625,216.74110412597656,215.06900024414062,207.91749572753906,212.21240234375,219.29209899902344,1000.0,975.0,950.0,925.0,900.0,850.0,800.0,750.0,700.0,650.0,600.0,550.0,500.0,450.0,400.0,350.0,300.0,250.0,200.0,150.0,100.0,50.0,20.0,91.1544189453125,309.4418029785156,533.4146118164062,761.2083740234375,997.048828125,1485.7030029296875,2000.23291015625,2540.85888671875,3112.216064453125,3721.31591796875,4372.6279296875,5073.7080078125,5826.35009765625,6637.19384765625,7518.2998046875,8482.59765625,9560.7587890625,10783.439453125,12215.5595703125,14044.33984375,16541.849609375,20749.58984375,26508.619140625
2024-05-23 18:00:00,294.79292553894516,1000.578902451942,291.4967041015625,289.6068115234375,289.4465026855469,289.5068054199219,289.2965087890625,287.7864990234375,285.656494140625,282.6434020996094,280.72271728515625,277.6914978027344,276.62841796875,271.9237976074219,265.6868896484375,258.5911865234375,250.67999267578125,242.88999938964844,234.10279846191406,224.71719360351562,217.44760131835938,216.3592071533203,207.6905975341797,212.57000732421875,218.4842987060547,1000.0,975.0,950.0,925.0,900.0,850.0,800.0,750.0,700.0,650.0,600.0,550.0,500.0,450.0,400.0,350.0,300.0,250.0,200.0,150.0,100.0,50.0,20.0,85.57699584960938,302.6393127441406,523.3488159179688,751.8687744140625,984.4110107421875,1471.3609619140625,1984.044921875,2523.68798828125,3095.904052734375,3703.618896484375,4357.1357421875,5056.4990234375,5806.72314453125,6615.80419921875,7493.2529296875,8457.8369140625,9534.046875,10759.4755859375,12195.080078125,14020.259765625,16536.33984375,20741.369140625,26493.2109375
2024-05-23 21:00:00,289.76792971587884,1001.0019010859376,290.26629638671875,288.3663024902344,287.4472961425781,287.2578125,287.53729248046875,287.0072937011719,285.6173095703125,282.82781982421875,279.8948974609375,278.1298828125,276.5852966308594,271.173583984375,265.15869140625,257.49749755859375,249.83502197265625,242.14039611816406,233.9019012451172,224.13499450683594,219.81309509277344,216.8094940185547,206.7978973388672,212.18319702148438,217.53489685058594,1000.0,975.0,950.0,925.0,900.0,850.0,800.0,750.0,700.0,650.0,600.0,550.0,500.0,450.0,400.0,350.0,300.0,250.0,200.0,150.0,100.0,50.0,20.0,95.47991943359375,311.66229248046875,531.515380859375,757.2120971679688,988.9482421875,1473.387939453125,1984.677001953125,2526.048095703125,3097.153076171875,3703.2470703125,4356.2607421875,5054.1220703125,5802.8818359375,6609.7109375,7483.77099609375,8444.265625,9517.705078125,10741.22265625,12179.7998046875,14024.1298828125,16537.509765625,20744.150390625,26483.0
2024-05-24 00:00:00,289.750580939601,1002.4324951171875,289.46551513671875,287.5740051269531,287.15399169921875,288.21551513671875,288.6204833984375,287.981201171875,286.583984375,282.9351806640625,277.88018798828125,279.87591552734375,275.9613952636719,269.8734130859375,262.97198486328125,256.40948486328125,249.37820434570312,241.4967041015625,232.1269989013672,223.398193359375,222.29319763183594,216.14549255371094,207.8939971923828,211.80670166015625,218.88999938964844,1000.0,975.0,950.0,925.0,900.0,850.0,800.0,750.0,700.0,650.0,600.0,550.0,500.0,450.0,400.0,350.0,300.0,250.0,200.0,150.0,100.0,50.0,20.0,108.65582275390625,324.43328857421875,543.8912963867188,769.1605834960938,1002.461669921875,1487.98095703125,2001.326171875,2541.7041015625,3110.77197265625,3716.095947265625,4368.11328125,5064.60595703125,5807.19580078125,6608.7041015625,7479.7138671875,8440.5048828125,9507.873046875,10721.673828125,12167.23046875,14018.8203125,16525.46875,20754.41015625,26474.5390625
2024-05-24 03:00:00,289.152112,1006.2237999128795,288.5283203125,286.64788818359375,285.4844970703125,284.9317932128906,284.6068115234375,284.60308837890625,284.2427062988281,281.3665771484375,278.5838928222656,279.1723937988281,275.1470031738281,268.819091796875,262.46759033203125,255.9281005859375,248.36810302734375,239.1898956298828,232.43899536132812,222.88250732421875,221.1990966796875,217.26829528808594,206.03509521484375,211.72830200195312,219.6446990966797,1000.0,975.0,950.0,925.0,900.0,850.0,800.0,750.0,700.0,650.0,600.0,550.0,500.0,450.0,400.0,350.0,300.0,250.0,200.0,150.0,100.0,50.0,20.0,128.521484375,342.684814453125,561.4769897460938,786.0587158203125,1015.642333984375,1494.6009521484375,2002.218017578125,2539.64892578125,3107.544921875,3713.89306640625,4364.52587890625,5057.19482421875,5798.03076171875,6597.60986328125,7468.251953125,8421.2568359375,9485.0361328125,10700.5791015625,12147.25,14000.990234375,16507.28125,20738.0,26480.509765625
2024-05-24 06:00:00,288.75219163686666,1007.2967008906251,288.2384033203125,286.09210205078125,284.17840576171875,283.74072265625,283.0184020996094,282.3756103515625,282.49420166015625,279.091796875,277.6614074707031,278.20770263671875,273.6499938964844,267.90948486328125,262.18310546875,255.04248046875,247.21719360351562,239.78640747070312,232.0590057373047,224.42730712890625,221.8916015625,218.96969604492188,204.79220581054688,212.24679565429688,218.38180541992188,1000.0,975.0,950.0,925.0,900.0,850.0,800.0,750.0,700.0,650.0,600.0,550.0,500.0,450.0,400.0,350.0,300.0,250.0,200.0,150.0,100.0,50.0,20.0,145.705810546875,358.3214111328125,576.597412109375,799.6859741210938,1027.798828125,1502.9599609375,2006.927001953125,2539.89111328125,3104.501953125,3708.929931640625,4355.60693359375,5046.0869140625,5785.73681640625,6583.51904296875,7449.5048828125,8400.48046875,9465.0234375,10679.89453125,12128.76953125,13992.23046875,16500.599609375,20733.599609375,26464.0390625
2024-05-24 09:00:00,288.08293802343746,1009.6739952253795,287.56640625,285.67950439453125,283.7695007324219,282.5794982910156,281.36639404296875,281.98138427734375,280.5914001464844,276.9464111328125,279.2695007324219,276.8414001464844,272.8695068359375,267.36688232421875,261.5198059082031,254.49349975585938,247.12921142578125,240.2592010498047,232.3865966796875,224.58250427246094,219.27589416503906,217.52040100097656,206.33680725097656,211.40699768066406,219.32839965820312,1000.0,975.0,950.0,925.0,900.0,850.0,800.0,750.0,700.0,650.0,600.0,550.0,500.0,450.0,400.0,350.0,300.0,250.0,200.0,150.0,100.0,50.0,20.0,152.4495849609375,365.7638854980469,584.7277221679688,805.4968872070312,1032.2943115234375,1506.759033203125,2007.02392578125,2537.22705078125,3100.056884765625,3705.216064453125,4349.1748046875,5037.30517578125,5775.52099609375,6572.00390625,7434.884765625,8389.025390625,9456.306640625,10671.1943359375,12121.4296875,13974.5,16490.7890625,20717.859375,26465.099609375
2024-05-24 12:00:00,287.63514797085094,1010.8092741328126,285.98260498046875,283.85260009765625,282.0776062011719,281.7857971191406,280.21441650390625,281.7344055175781,280.8843994140625,281.26788330078125,279.8847961425781,277.3984069824219,273.0059814453125,266.85638427734375,261.35528564453125,256.2340087890625,249.1239013671875,240.02389526367188,230.57220458984375,222.32359313964844,222.40179443359375,215.24380493164062,206.35960388183594,211.35470581054688,218.7490997314453,1000.0,975.0,950.0,925.0,900.0,850.0,800.0,750.0,700.0,650.0,600.0,550.0,500.0,450.0,400.0,350.0,300.0,250.0,200.0,150.0,100.0,50.0,20.0,173.63128662109375,385.6585998535156,601.2705078125,822.6608276367188,1049.018310546875,1519.468017578125,2020.4169921875,2552.0810546875,3119.050048828125,3724.81494140625,4370.255859375,5058.48291015625,5793.9189453125,6594.34912109375,7464.419921875,8421.1953125,9481.509765625,10685.7431640625,12132.0302734375,13979.1103515625,16504.46875,20729.869140625,26469.359375
2024-05-24 15:00:00,289.48418440355744,1012.964644639442,286.81719970703125,284.69061279296875,282.5469970703125,281.130615234375,279.93701171875,277.46380615234375,281.123779296875,280.90380859375,279.0303955078125,278.66021728515625,273.2835998535156,268.2545166015625,262.58758544921875,256.4566955566406,249.16778564453125,240.79660034179688,231.502197265625,221.44940185546875,220.37680053710938,214.86300659179688,206.8115997314453,211.84640502929688,220.13699340820312,1000.0,975.0,950.0,925.0,900.0,850.0,800.0,750.0,700.0,650.0,600.0,550.0,500.0,450.0,400.0,350.0,300.0,250.0,200.0,150.0,100.0,50.0,20.0,185.8406982421875,398.1742858886719,616.1132202148438,836.7947998046875,1062.430419921875,1530.366943359375,2028.76513671875,2559.779052734375,3126.001953125,3730.498046875,4377.77734375,5066.6298828125,5807.8291015625,6608.498046875,7479.6591796875,8437.951171875,9503.5029296875,10712.76171875,12140.9501953125,13987.0498046875,16496.30859375,20731.869140625,26487.509765625
2024-05-24 18:00:00,287.98868535952283,1012.888961045692,285.7937927246094,283.6701965332031,281.78021240234375,280.35382080078125,279.16021728515625,277.940185546875,280.8601989746094,280.88018798828125,279.51019287109375,277.2850036621094,272.7341003417969,268.2109069824219,262.864990234375,256.45001220703125,249.66510009765625,241.17840576171875,232.47149658203125,222.21780395507812,217.6053009033203,216.1298065185547,209.88890075683594,211.5406036376953,218.4658966064453,1000.0,975.0,950.0,925.0,900.0,850.0,800.0,750.0,700.0,650.0,600.0,550.0,500.0,450.0,400.0,350.0,300.0,250.0,200.0,150.0,100.0,50.0,20.0,183.41310119628906,393.7421875,609.6586303710938,831.3118286132812,1055.93896484375,1522.8349609375,2021.18896484375,2551.154052734375,3118.325927734375,3720.85693359375,4366.8798828125,5054.9970703125,5796.48486328125,6597.1318359375,7470.0390625,8429.341796875,9497.072265625,10711.0087890625,12133.849609375,13974.7900390625,16476.66015625,20719.509765625,26459.98046875
2024-05-24 21:00:00,286.52068835937496,1012.760298936317,285.00701904296875,282.90399169921875,281.0169982910156,279.35699462890625,278.172607421875,277.48260498046875,279.66131591796875,280.7156066894531,279.8656005859375,277.78070068359375,273.88427734375,268.4024963378906,263.23089599609375,256.3843994140625,249.720703125,242.0845947265625,232.96339416503906,222.83999633789062,216.44459533691406,215.806396484375,210.16009521484375,212.0771026611328,219.33360290527344,1000.0,975.0,950.0,925.0,900.0,850.0,800.0,750.0,700.0,650.0,600.0,550.0,500.0,450.0,400.0,350.0,300.0,250.0,200.0,150.0,100.0,50.0,20.0,184.65338134765625,395.4754943847656,609.85498046875,829.9517211914062,1054.9718017578125,1520.5579833984375,2017.43798828125,2545.7490234375,3114.0791015625,3718.18603515625,4365.005859375,5055.35400390625,5797.009765625,6597.77978515625,7470.28076171875,8432.56640625,9504.10546875,10719.7490234375,12143.25,13977.9501953125,16483.69140625,20720.0703125,26464.419921875
2024-05-25 00:00:00,284.6560145594963,1014.1483854609376,284.0828857421875,282.47821044921875,280.34649658203125,278.4382019042969,276.7581787109375,275.5565185546875,278.9981994628906,281.0482177734375,279.9434814453125,277.364990234375,275.2606201171875,269.8363037109375,263.7539978027344,256.4102783203125,248.6697998046875,241.2718963623047,233.25790405273438,223.74110412597656,215.95849609375,215.44369506835938,208.31849670410156,211.2722930908203,220.12930297851562,1000.0,975.0,950.0,925.0,900.0,850.0,800.0,750.0,700.0,650.0,600.0,550.0,500.0,450.0,400.0,350.0,300.0,250.0,200.0,150.0,100.0,50.0,20.0,198.2626953125,408.9433898925781,625.1915893554688,843.1591796875,1067.0413818359375,1530.343994140625,2024.9228515625,2553.922119140625,3121.39794921875,3725.885986328125,4373.966796875,5068.75,5812.64013671875,6614.73583984375,7484.93701171875,8442.583984375,9513.6767578125,10732.478515625,12159.6396484375,13998.1904296875,16500.98046875,20722.51953125,26466.740234375
2024-05-25 03:00:00,284.61886847160577,1016.595504014442,283.48822021484375,281.627685546875,280.24420166015625,279.08758544921875,276.91278076171875,274.9661865234375,278.65631103515625,280.576416015625,279.6105041503906,276.3590087890625,274.7366027832031,270.093994140625,264.21240234375,256.7144775390625,248.73681640625,240.59669494628906,232.9257049560547,223.37660217285156,216.06820678710938,216.57359313964844,208.11109924316406,210.5417022705078,220.7216033935547,1000.0,975.0,950.0,925.0,900.0,850.0,800.0,750.0,700.0,650.0,600.0,550.0,500.0,450.0,400.0,350.0,300.0,250.0,200.0,150.0,100.0,50.0,20.0,207.13330078125,417.7637939453125,631.9302978515625,850.8242797851562,1074.6287841796875,1536.779052734375,2030.205078125,2559.02587890625,3125.8349609375,3728.56396484375,4374.6708984375,5068.83203125,5814.7099609375,6618.14208984375,7489.5087890625,8445.9560546875,9513.3291015625,10731.7763671875,12154.240234375,13998.3896484375,16506.37109375,20716.529296875,26476.580078125
2024-05-25 06:00:00,284.5507724960937,1016.890914170692,283.1224060058594,281.25811767578125,279.3726806640625,278.70660400390625,276.767578125,273.93170166015625,278.4752197265625,279.39019775390625,278.5296936035156,276.15869140625,273.79071044921875,270.2337951660156,264.2102966308594,257.36212158203125,248.7877197265625,240.71640014648438,232.8157958984375,223.1864013671875,218.23980712890625,216.3502960205078,207.08059692382812,210.94650268554688,218.023193359375,1000.0,975.0,950.0,925.0,900.0,850.0,800.0,750.0,700.0,650.0,600.0,550.0,500.0,450.0,400.0,350.0,300.0,250.0,200.0,150.0,100.0,50.0,20.0,207.4801025390625,418.1199035644531,631.3392944335938,850.30517578125,1073.1898193359375,1534.60498046875,2027.39208984375,2554.72509765625,3119.158935546875,3719.94189453125,4364.8642578125,5058.60986328125,5803.89599609375,6608.35009765625,7481.9521484375,8437.7880859375,9507.1689453125,10723.7490234375,12153.1396484375,13998.3896484375,16498.53125,20706.140625,26452.58984375
2024-05-25 09:00:00,284.10198974609375,1014.9422087031251,282.7261047363281,280.8660888671875,279.3544006347656,277.94720458984375,275.8975830078125,273.4501037597656,277.8883056640625,278.69158935546875,277.8494873046875,275.43560791015625,272.2835998535156,269.7869873046875,263.8109130859375,257.24151611328125,249.79989624023438,242.34320068359375,233.19140625,222.889892578125,217.05670166015625,215.80239868164062,206.81869506835938,210.50369262695312,218.2624969482422,1000.0,975.0,950.0,925.0,900.0,850.0,800.0,750.0,700.0,650.0,600.0,550.0,500.0,450.0,400.0,350.0,300.0,250.0,200.0,150.0,100.0,50.0,20.0,208.7624053955078,417.3721923828125,631.5338745117188,849.4204711914062,1073.208251953125,1533.3189697265625,2023.7109375,2550.52001953125,3113.2939453125,3713.8310546875,4355.5400390625,5046.19287109375,5791.97216796875,6595.0849609375,7468.4951171875,8429.92578125,9503.88671875,10720.228515625,12152.7197265625,13986.08984375,16485.1796875,20685.939453125,26441.580078125
2024-05-25 12:00:00,283.7073631440876,1018.140425889442,280.7330017089844,278.87298583984375,277.9830017089844,277.57098388671875,276.1309814453125,275.4212951660156,277.71600341796875,278.24798583984375,276.7597961425781,273.7947998046875,272.00079345703125,269.1351013183594,263.3320007324219,257.2879943847656,250.7882080078125,243.08290100097656,233.83180236816406,223.63299560546875,217.1779022216797,214.65750122070312,206.39939880371094,213.2510986328125,218.2823028564453,1000.0,975.0,950.0,925.0,900.0,850.0,800.0,750.0,700.0,650.0,600.0,550.0,500.0,450.0,400.0,350.0,300.0,250.0,200.0,150.0,100.0,50.0,20.0,226.0063018798828,433.72698974609375,647.0255126953125,864.0695190429688,1087.06640625,1547.656005859375,2040.6279296875,2566.15087890625,3127.7939453125,3725.177001953125,4365.33984375,5055.2490234375,5798.69287109375,6601.505859375,7477.97216796875,8442.853515625,9518.68359375,10739.9892578125,12174.1396484375,13995.2197265625,16484.830078125,20691.2109375,26450.720703125
2024-05-25 15:00:00,287.5283495121624,1018.4579307722545,282.88751220703125,280.76611328125,278.8660888671875,276.95611572265625,275.2578125,277.284912109375,277.1962890625,277.22308349609375,276.1016845703125,273.4967041015625,273.26177978515625,268.99078369140625,262.8587951660156,257.23419189453125,250.41021728515625,243.34579467773438,234.07550048828125,224.58889770507812,217.43739318847656,214.35440063476562,206.5836944580078,213.78199768066406,219.8582000732422,1000.0,975.0,950.0,925.0,900.0,850.0,800.0,750.0,700.0,650.0,600.0,550.0,500.0,450.0,400.0,350.0,300.0,250.0,200.0,150.0,100.0,50.0,20.0,225.04690551757812,433.4342041015625,647.4168701171875,865.152587890625,1086.84033203125,1550.9019775390625,2043.412109375,2567.5380859375,3126.888916015625,3723.7041015625,4365.0068359375,5056.89599609375,5798.755859375,6600.166015625,7475.97705078125,8441.60546875,9519.025390625,10743.0732421875,12181.740234375,14005.4697265625,16485.6796875,20705.490234375,26458.98046875
2024-05-25 18:00:00,289.045791261423,1014.875777451942,285.2279968261719,283.11029052734375,280.9591979980469,279.0491943359375,276.85028076171875,277.8825988769531,277.7987976074219,276.81878662109375,275.20111083984375,273.9584045410156,274.38812255859375,268.14617919921875,262.658203125,256.70941162109375,250.48028564453125,243.1114959716797,235.45359802246094,225.6768035888672,217.5803985595703,213.89480590820312,205.32000732421875,212.39610290527344,220.77479553222656,1000.0,975.0,950.0,925.0,900.0,850.0,800.0,750.0,700.0,650.0,600.0,550.0,500.0,450.0,400.0,350.0,300.0,250.0,200.0,150.0,100.0,50.0,20.0,204.6508026123047,416.91680908203125,630.7941284179688,850.3939208984375,1073.9697265625,1536.762939453125,2030.998046875,2554.85205078125,3113.89501953125,3709.7490234375,4354.2060546875,5044.998046875,5785.59423828125,6586.13720703125,7460.498046875,8426.08984375,9505.529296875,10735.0224609375,12180.5302734375,13997.4501953125,16474.87890625,20684.94921875,26442.25
2024-05-25 21:00:00,284.11054080829797,1014.626265733192,284.269287109375,282.6492919921875,280.497802734375,278.577880859375,276.6268005371094,278.14898681640625,278.3087158203125,277.32720947265625,275.1867980957031,276.3706970214844,274.4254150390625,268.09368896484375,262.33331298828125,256.35308837890625,250.16070556640625,243.33380126953125,235.64889526367188,226.72450256347656,217.8083038330078,213.28489685058594,203.98660278320312,212.28610229492188,220.92979431152344,1000.0,975.0,950.0,925.0,900.0,850.0,800.0,750.0,700.0,650.0,600.0,550.0,500.0,450.0,400.0,350.0,300.0,250.0,200.0,150.0,100.0,50.0,20.0,201.67039489746094,412.51690673828125,626.98388671875,845.2119140625,1069.404052734375,1532.4940185546875,2027.095947265625,2552.35302734375,3110.9169921875,3709.4150390625,4357.02734375,5048.044921875,5787.619140625,6588.0009765625,7461.251953125,8425.0419921875,9505.99609375,10738.1083984375,12188.9697265625,14002.4599609375,16474.330078125,20682.630859375,26457.05078125
2024-05-26 00:00:00,280.4083120106682,1015.8921598750001,282.2673034667969,281.3883972167969,279.4873046875,277.81732177734375,276.6107177734375,277.37689208984375,277.76959228515625,277.15460205078125,276.13580322265625,278.7891845703125,274.1781005859375,268.2698974609375,261.930908203125,256.0267028808594,249.78131103515625,242.72430419921875,235.8491973876953,227.8043975830078,218.04249572753906,212.9282989501953,204.2823944091797,213.17210388183594,218.8531951904297,1000.0,975.0,950.0,925.0,900.0,850.0,800.0,750.0,700.0,650.0,600.0,550.0,500.0,450.0,400.0,350.0,300.0,250.0,200.0,150.0,100.0,50.0,20.0,212.02940368652344,421.4513854980469,634.4656982421875,853.2750244140625,1076.0631103515625,1540.3609619140625,2033.244140625,2558.868896484375,3116.85205078125,3719.804931640625,4368.966796875,5059.8271484375,5800.5087890625,6598.25,7470.2998046875,8433.408203125,9513.03125,10751.0400390625,12205.8701171875,14019.3603515625,16484.37890625,20694.580078125,26450.94921875
2024-05-26 03:00:00,279.694457173976,1017.665572373817,280.8096923828125,280.68109130859375,279.02960205078125,277.8497009277344,277.3934020996094,278.40960693359375,278.5419006347656,276.8005065917969,275.4028015136719,278.52728271484375,274.3562927246094,268.0869140625,261.4714050292969,255.78469848632812,250.031982421875,243.28709411621094,236.7180938720703,228.69189453125,218.01890563964844,212.2001953125,205.44479370117188,213.1894073486328,220.39849853515625,1000.0,975.0,950.0,925.0,900.0,850.0,800.0,750.0,700.0,650.0,600.0,550.0,500.0,450.0,400.0,350.0,300.0,250.0,200.0,150.0,100.0,50.0,20.0,214.3654022216797,423.18499755859375,636.6193237304688,853.844482421875,1077.0618896484375,1543.262939453125,2038.0810546875,2562.697021484375,3120.705078125,3722.864013671875,4371.85107421875,5062.40087890625,5801.7490234375,6599.884765625,7472.05908203125,8436.431640625,9518.689453125,10758.0751953125,12214.75,14025.5302734375,16484.98046875,20687.73046875,26458.029296875
2024-05-26 06:00:00,277.5044890243247,1014.6607145625001,279.3704833984375,279.74151611328125,278.83148193359375,277.9005126953125,277.44268798828125,278.69000244140625,279.0711975097656,277.4461975097656,275.90350341796875,277.6085205078125,274.5281066894531,268.22491455078125,261.336181640625,255.81201171875,249.66250610351562,243.81939697265625,236.46420288085938,228.83309936523438,219.48060607910156,210.6707000732422,204.51759338378906,210.7707061767578,220.40660095214844,1000.0,975.0,950.0,925.0,900.0,850.0,800.0,750.0,700.0,650.0,600.0,550.0,500.0,450.0,400.0,350.0,300.0,250.0,200.0,150.0,100.0,50.0,20.0,205.3798065185547,413.8114013671875,626.8593139648438,844.7186279296875,1067.5745849609375,1533.10302734375,2029.30615234375,2555.3779296875,3114.93603515625,3715.344970703125,4363.69091796875,5055.42919921875,5795.22314453125,6592.3330078125,7464.4130859375,8427.341796875,9511.49609375,10751.7451171875,12213.1201171875,14022.0,16479.37890625,20671.630859375,26443.560546875
2024-05-26 09:00:00,277.83968547836776,1013.9717497187501,278.7377014160156,279.0989074707031,278.68768310546875,277.75921630859375,277.28887939453125,278.78741455078125,279.15771484375,277.51239013671875,276.9674072265625,277.59918212890625,274.305908203125,268.50970458984375,262.665283203125,256.5484924316406,250.17849731445312,243.86239624023438,235.6215057373047,228.97850036621094,219.82029724121094,210.2779998779297,203.7877960205078,212.0424041748047,220.93479919433594,1000.0,975.0,950.0,925.0,900.0,850.0,800.0,750.0,700.0,650.0,600.0,550.0,500.0,450.0,400.0,350.0,300.0,250.0,200.0,150.0,100.0,50.0,20.0,199.30459594726562,406.3616943359375,619.0900268554688,837.6090087890625,1060.14404296875,1526.093994140625,2021.780029296875,2548.419921875,3108.6220703125,3711.113037109375,4359.30810546875,5050.76513671875,5791.34423828125,6592.5,7466.0029296875,8431.716796875,9512.677734375,10752.0966796875,12218.25,14024.73046875,16475.80859375,20655.529296875,26437.0390625
2024-05-26 12:00:00,280.9133455938978,1016.1573936628795,278.86669921875,278.9849853515625,278.57672119140625,277.6502990722656,277.438720703125,279.1918029785156,280.08038330078125,277.4436950683594,277.4208984375,277.0377197265625,273.64678955078125,269.6264953613281,263.134521484375,256.81707763671875,250.60629272460938,243.5399932861328,235.28219604492188,229.75250244140625,219.78909301757812,210.18789672851562,204.2924041748047,212.83470153808594,220.84210205078125,1000.0,975.0,950.0,925.0,900.0,850.0,800.0,750.0,700.0,650.0,600.0,550.0,500.0,450.0,400.0,350.0,300.0,250.0,200.0,150.0,100.0,50.0,20.0,210.06790161132812,416.3117980957031,628.1743774414062,845.8272094726562,1069.4853515625,1535.5889892578125,2033.35595703125,2561.965087890625,3123.041015625,3725.263916015625,4371.369140625,5063.30712890625,5806.98193359375,6608.201171875,7483.48486328125,8449.46484375,9528.771484375,10771.4921875,12241.23046875,14046.73046875,16491.390625,20674.470703125,26453.0390625
2024-05-26 15:00:00,287.0947305736273,1016.021773545692,284.0194091796875,281.8836975097656,279.7305908203125,277.80059814453125,277.348388671875,279.605712890625,279.9934997558594,278.4940185546875,276.839111328125,278.01251220703125,274.0473937988281,269.7850036621094,263.44232177734375,257.447509765625,250.61990356445312,242.8979949951172,236.60279846191406,230.66270446777344,220.4051971435547,209.09739685058594,204.9720001220703,212.5738067626953,219.9842071533203,1000.0,975.0,950.0,925.0,900.0,850.0,800.0,750.0,700.0,650.0,600.0,550.0,500.0,450.0,400.0,350.0,300.0,250.0,200.0,150.0,100.0,50.0,20.0,200.56930541992188,410.5509948730469,624.1497192382812,843.5302124023438,1066.9044189453125,1532.4560546875,2030.625,2560.60693359375,3121.010009765625,3726.10791015625,4373.20703125,5065.93505859375,5810.43017578125,6613.93603515625,7489.89697265625,8454.4189453125,9533.5830078125,10781.2509765625,12257.5400390625,14061.919921875,16489.30078125,20681.720703125,26467.4609375
2024-05-26 18:00:00,287.0515971694782,1012.104293076942,285.2943115234375,283.4143981933594,281.2597961425781,279.072998046875,277.61810302734375,280.1213073730469,280.0081787109375,278.00299072265625,275.72637939453125,278.84820556640625,275.486083984375,270.1083984375,263.62261962890625,257.6499938964844,250.635009765625,242.78140258789062,236.42190551757812,229.797607421875,220.5041961669922,209.03030395507812,206.03729248046875,213.59950256347656,220.21249389648438,1000.0,975.0,950.0,925.0,900.0,850.0,800.0,750.0,700.0,650.0,600.0,550.0,500.0,450.0,400.0,350.0,300.0,250.0,200.0,150.0,100.0,50.0,20.0,178.4010009765625,388.5918884277344,604.3912963867188,823.9984130859375,1047.5958251953125,1515.583984375,2014.237060546875,2542.7060546875,3105.635986328125,3706.76904296875,4357.10400390625,5051.7900390625,5796.64892578125,6600.15380859375,7476.51220703125,8441.0751953125,9518.8349609375,10763.7109375,12238.150390625,14039.6201171875,16477.669921875,20667.5703125,26453.130859375
2024-05-26 21:00:00,284.9193688143052,1011.760543076942,285.10931396484375,283.47918701171875,281.3173828125,279.64019775390625,279.4295959472656,280.4326171875,279.3121032714844,278.05511474609375,276.2695007324219,279.0794982910156,275.4367980957031,270.38739013671875,263.9920959472656,257.58367919921875,250.80792236328125,243.01019287109375,235.67840576171875,229.1894073486328,220.0030059814453,209.2758026123047,207.52920532226562,212.81719970703125,219.76800537109375,1000.0,975.0,950.0,925.0,900.0,850.0,800.0,750.0,700.0,650.0,600.0,550.0,500.0,450.0,400.0,350.0,300.0,250.0,200.0,150.0,100.0,50.0,20.0,173.5272216796875,385.9371032714844,599.9755859375,819.8328857421875,1043.66845703125,1514.177978515625,2012.35888671875,2540.404052734375,3101.93798828125,3703.384033203125,4354.8896484375,5049.3671875,5795.716796875,6600.06689453125,7476.5322265625,8441.3125,9518.6015625,10761.5869140625,12233.7099609375,14032.98046875,16481.19140625,20669.0,26444.939453125
2024-05-27 00:00:00,284.7977195525865,1010.4177671628795,284.8869934082031,283.502685546875,281.84991455078125,280.419921875,279.46990966796875,279.72991943359375,279.3699035644531,278.1298828125,275.35491943359375,279.659912109375,275.43988037109375,269.30560302734375,263.470703125,256.7919921875,249.90802001953125,242.272216796875,235.9416961669922,229.7324981689453,220.4261016845703,209.75540161132812,206.0644073486328,213.6381072998047,219.86099243164062,1000.0,975.0,950.0,925.0,900.0,850.0,800.0,750.0,700.0,650.0,600.0,550.0,500.0,450.0,400.0,350.0,300.0,250.0,200.0,150.0,100.0,50.0,20.0,184.2322998046875,395.92718505859375,611.239990234375,832.3189086914062,1057.39697265625,1526.3070068359375,2021.81982421875,2552.10205078125,3111.783935546875,3716.675048828125,4368.4892578125,5062.39111328125,5806.49609375,6608.76611328125,7481.59423828125,8444.0322265625,9519.849609375,10764.2119140625,12237.7099609375,14044.58984375,16509.69140625,20679.51953125,26451.9609375
2024-05-27 03:00:00,284.32006151743025,1012.9187101679688,284.6315002441406,283.51171875,281.8598937988281,280.6799011230469,280.22991943359375,280.2398986816406,279.3876037597656,277.76849365234375,275.37847900390625,279.20318603515625,274.6849060058594,269.6195983886719,263.44891357421875,256.45111083984375,249.466796875,241.3507080078125,235.44129943847656,231.09629821777344,221.122802734375,209.460205078125,206.34869384765625,213.1240997314453,219.92449951171875,1000.0,975.0,950.0,925.0,900.0,850.0,800.0,750.0,700.0,650.0,600.0,550.0,500.0,450.0,400.0,350.0,300.0,250.0,200.0,150.0,100.0,50.0,20.0,182.68658447265625,396.1853942871094,609.3121948242188,830.2113037109375,1055.093017578125,1525.60205078125,2022.69287109375,2552.529052734375,3113.73095703125,3715.134033203125,4366.92578125,5060.037109375,5803.72216796875,6604.76318359375,7477.740234375,8437.265625,9510.263671875,10757.1533203125,12236.75,14045.509765625,16507.58984375,20679.240234375,26450.66015625
2024-05-27 06:00:00,283.9474811325167,1010.7631225585938,283.83551025390625,282.94989013671875,281.543701171875,280.114013671875,279.15399169921875,278.8999938964844,278.78131103515625,276.77789306640625,274.98931884765625,279.07080078125,274.5379943847656,269.32061767578125,263.45941162109375,256.6973876953125,248.4351806640625,240.40789794921875,236.19940185546875,231.17269897460938,220.98309326171875,212.3072967529297,204.2198028564453,212.6627960205078,220.21749877929688,1000.0,975.0,950.0,925.0,900.0,850.0,800.0,750.0,700.0,650.0,600.0,550.0,500.0,450.0,400.0,350.0,300.0,250.0,200.0,150.0,100.0,50.0,20.0,179.47390747070312,390.87530517578125,605.8955078125,825.7202758789062,1050.553955078125,1519.0240478515625,2014.156005859375,2540.15087890625,3099.64111328125,3703.489013671875,4351.990234375,5045.9541015625,5788.31005859375,6591.10400390625,7462.8837890625,8418.166015625,9488.78125,10735.9169921875,12214.76953125,14035.51953125,16500.5,20665.4296875,26424.7109375
2024-05-27 09:00:00,284.2176452491127,1012.5325702450563,282.98468017578125,282.02728271484375,281.13629150390625,279.6929931640625,278.7243957519531,278.1981201171875,277.8016052246094,276.64080810546875,273.7062072753906,278.8399963378906,273.8927001953125,267.9407043457031,262.3013000488281,255.930419921875,248.09161376953125,241.53500366210938,236.32569885253906,230.02969360351562,220.84869384765625,211.99429321289062,203.25450134277344,211.160400390625,222.7913055419922,1000.0,975.0,950.0,925.0,900.0,850.0,800.0,750.0,700.0,650.0,600.0,550.0,500.0,450.0,400.0,350.0,300.0,250.0,200.0,150.0,100.0,50.0,20.0,185.4141845703125,395.5614929199219,611.3858642578125,831.030517578125,1054.72998046875,1522.0489501953125,2016.2451171875,2541.508056640625,3098.485107421875,3701.989990234375,4349.4111328125,5040.205078125,5780.14404296875,6579.4091796875,7448.41015625,8404.1240234375,9483.142578125,10726.9697265625,12201.23046875,14021.91015625,16498.890625,20643.94921875,26424.439453125
2024-05-27 12:00:00,284.20395336268973,1015.7137291120982,282.3704833984375,280.8869934082031,280.25640869140625,279.0690002441406,278.0869140625,277.0618896484375,276.65771484375,275.49298095703125,276.41741943359375,276.8026123046875,273.22760009765625,268.298095703125,261.873291015625,255.09918212890625,249.33502197265625,243.28750610351562,235.77810668945312,228.8251953125,220.7823028564453,211.16490173339844,204.69290161132812,212.12399291992188,220.07569885253906,1000.0,975.0,950.0,925.0,900.0,850.0,800.0,750.0,700.0,650.0,600.0,550.0,500.0,450.0,400.0,350.0,300.0,250.0,200.0,150.0,100.0,50.0,20.0,210.239013671875,418.85009765625,631.1480102539062,851.2794189453125,1075.461669921875,1540.8349609375,2035.08984375,2558.491943359375,3113.6650390625,3715.787109375,4362.451171875,5051.05517578125,5790.77783203125,6588.69189453125,7458.6337890625,8421.87890625,9502.255859375,10737.5732421875,12212.3203125,14026.4501953125,16511.37890625,20659.609375,26448.990234375
2024-05-27 15:00:00,289.75334960517296,1016.094527451942,285.2052001953125,282.8099060058594,280.89068603515625,278.70098876953125,276.9736022949219,277.69677734375,276.302490234375,276.00970458984375,280.3203125,277.3668212890625,272.408203125,267.19219970703125,261.6094970703125,256.7077941894531,250.85330200195312,243.80880737304688,235.14520263671875,226.50210571289062,221.07769775390625,212.1118927001953,205.3563995361328,212.63900756835938,219.82449340820312,1000.0,975.0,950.0,925.0,900.0,850.0,800.0,750.0,700.0,650.0,600.0,550.0,500.0,450.0,400.0,350.0,300.0,250.0,200.0,150.0,100.0,50.0,20.0,213.90118408203125,424.2488098144531,638.2567138671875,858.0996704101562,1082.00048828125,1544.741943359375,2038.387939453125,2561.112060546875,3124.572998046875,3731.028076171875,4375.0546875,5062.5908203125,5801.23095703125,6599.0888671875,7474.337890625,8440.970703125,9521.4970703125,10750.673828125,12218.4296875,14036.3603515625,16523.7109375,20675.009765625,26457.419921875
2024-05-27 18:00:00,292.12176758534594,1012.4083251953125,287.72918701171875,285.3392028808594,283.42431640625,281.2333068847656,279.02191162109375,274.75048828125,276.36907958984375,279.08758544921875,280.16180419921875,276.6527099609375,272.6788024902344,267.15838623046875,263.1900939941406,257.7705993652344,251.15960693359375,243.2537841796875,234.44540405273438,225.970703125,220.41380310058594,211.87840270996094,205.37109375,212.17320251464844,220.2082061767578,1000.0,975.0,950.0,925.0,900.0,850.0,800.0,750.0,700.0,650.0,600.0,550.0,500.0,450.0,400.0,350.0,300.0,250.0,200.0,150.0,100.0,50.0,20.0,193.93170166015625,407.548095703125,624.8076171875,845.9072875976562,1071.0338134765625,1534.18603515625,2024.15283203125,2550.10595703125,3116.72705078125,3720.134033203125,4363.529296875,5051.52294921875,5791.55078125,6595.26220703125,7472.51220703125,8438.51171875,9516.0439453125,10740.7958984375,12203.919921875,14019.1904296875,16510.69921875,20655.48046875,26437.6796875
2024-05-27 21:00:00,285.7483008476562,1013.994429795692,286.3139953613281,284.66778564453125,282.5023193359375,280.29998779296875,278.33331298828125,274.5543212890625,277.9100036621094,280.62579345703125,279.30780029296875,277.1000061035156,272.8959045410156,267.8236999511719,263.0570983886719,257.798095703125,251.16162109375,243.07318115234375,233.75169372558594,224.8647003173828,219.9044952392578,212.24209594726562,205.59829711914062,212.68919372558594,217.86480712890625,1000.0,975.0,950.0,925.0,900.0,850.0,800.0,750.0,700.0,650.0,600.0,550.0,500.0,450.0,400.0,350.0,300.0,250.0,200.0,150.0,100.0,50.0,20.0,197.82789611816406,410.052490234375,629.9548950195312,849.6810913085938,1073.46875,1537.9620361328125,2029.343994140625,2557.801025390625,3121.998046875,3725.868896484375,4371.2373046875,5059.14697265625,5799.72607421875,6604.26123046875,7481.47119140625,8447.646484375,9523.5830078125,10744.9560546875,12201.3203125,14019.330078125,16512.51953125,20656.939453125,26424.2890625
2024-05-28 00:00:00,280.0998470829185,1016.2334389580689,284.12908935546875,283.22900390625,281.3175964355469,279.3712158203125,277.3997802734375,275.8815002441406,280.2373046875,281.447021484375,280.01458740234375,277.162109375,273.00860595703125,268.216796875,262.9367980957031,256.9044189453125,250.21560668945312,242.4799041748047,233.23779296875,224.14889526367188,220.09300231933594,214.0041961669922,205.07769775390625,212.10629272460938,222.04029846191406,1000.0,975.0,950.0,925.0,900.0,850.0,800.0,750.0,700.0,650.0,600.0,550.0,500.0,450.0,400.0,350.0,300.0,250.0,200.0,150.0,100.0,50.0,20.0,213.59539794921875,423.6781005859375,639.4453125,859.0344848632812,1082.65478515625,1544.864990234375,2039.921875,2571.0400390625,3137.884033203125,3742.85888671875,4387.81298828125,5077.15087890625,5818.06689453125,6619.47607421875,7494.48876953125,8457.6748046875,9530.080078125,10750.09375,12198.23046875,14029.240234375,16523.009765625,20679.310546875,26431.2890625
2024-05-28 03:00:00,279.2983914672405,1016.8045133906251,282.49188232421875,282.34881591796875,280.690185546875,278.747314453125,276.77850341796875,275.77069091796875,279.50201416015625,281.10919189453125,279.9313049316406,277.21038818359375,273.4346008300781,268.3804016113281,262.75079345703125,256.3486022949219,249.61669921875,241.55209350585938,232.5240936279297,223.9136962890625,220.627197265625,214.68809509277344,205.56170654296875,213.14120483398438,221.9467010498047,1000.0,975.0,950.0,925.0,900.0,850.0,800.0,750.0,700.0,650.0,600.0,550.0,500.0,450.0,400.0,350.0,300.0,250.0,200.0,150.0,100.0,50.0,20.0,216.7967987060547,428.2311096191406,641.3095703125,860.2224731445312,1085.150634765625,1545.906982421875,2039.43408203125,2569.968017578125,3138.116943359375,3741.14208984375,4386.60791015625,5077.244140625,5818.2138671875,6619.408203125,7491.27197265625,8451.3046875,9519.791015625,10736.6552734375,12185.2900390625,14020.3798828125,16517.73046875,20681.189453125,26456.669921875
2024-05-28 06:00:00,277.786644796875,1016.047896592567,280.6499938964844,281.268310546875,279.87371826171875,278.1882019042969,276.718017578125,278.0809020996094,281.44598388671875,281.29888916015625,280.12469482421875,277.0375061035156,273.0736999511719,267.8013000488281,261.79339599609375,255.526611328125,248.58749389648438,240.26480102539062,232.29640197753906,224.33920288085938,222.78089904785156,214.3972930908203,205.03720092773438,211.4761962890625,220.15440368652344,1000.0,975.0,950.0,925.0,900.0,850.0,800.0,750.0,700.0,650.0,600.0,550.0,500.0,450.0,400.0,350.0,300.0,250.0,200.0,150.0,100.0,50.0,20.0,207.7924041748047,417.1733093261719,630.2045288085938,849.0701293945312,1071.93798828125,1536.60205078125,2034.02685546875,2566.443115234375,3132.490966796875,3737.678955078125,4381.9248046875,5070.93408203125,5810.1201171875,6607.966796875,7476.7587890625,8432.08984375,9498.271484375,10713.66796875,12171.7197265625,14015.9697265625,16505.509765625,20669.5,26440.119140625
2024-05-28 09:00:00,276.2213184861802,1017.166548936317,279.25,279.9088134765625,278.9591979980469,277.51861572265625,276.5579833984375,278.7886047363281,281.77301025390625,281.25140380859375,279.7086181640625,276.8283996582031,272.86260986328125,267.40069580078125,261.79998779296875,254.9005126953125,247.20840454101562,239.3271942138672,231.91050720214844,224.48289489746094,223.27609252929688,215.464599609375,204.7729034423828,209.98399353027344,219.73800659179688,1000.0,975.0,950.0,925.0,900.0,850.0,800.0,750.0,700.0,650.0,600.0,550.0,500.0,450.0,400.0,350.0,300.0,250.0,200.0,150.0,100.0,50.0,20.0,209.531494140625,416.9635009765625,630.0750122070312,846.9840087890625,1069.931640625,1535.7120361328125,2033.279052734375,2565.85302734375,3132.0400390625,3736.7548828125,4380.5048828125,5068.76513671875,5807.8388671875,6604.77685546875,7470.15283203125,8421.240234375,9484.1796875,10696.3349609375,12161.6796875,14010.3203125,16500.009765625,20665.98046875,26430.01953125
2024-05-28 12:00:00,282.14607458173543,1017.347412109375,279.32879638671875,279.3887023925781,278.4685974121094,277.27398681640625,276.80511474609375,279.02130126953125,281.61907958984375,281.3269958496094,279.38427734375,276.9992980957031,272.485595703125,267.0155944824219,261.352783203125,254.16110229492188,246.380615234375,238.87010192871094,230.46859741210938,225.4364013671875,222.8372039794922,215.56170654296875,206.1405029296875,208.81190490722656,219.78660583496094,1000.0,975.0,950.0,925.0,900.0,850.0,800.0,750.0,700.0,650.0,600.0,550.0,500.0,450.0,400.0,350.0,300.0,250.0,200.0,150.0,100.0,50.0,20.0,226.6392059326172,433.21099853515625,647.4581298828125,863.5609741210938,1085.7122802734375,1552.9949951171875,2051.19091796875,2582.501953125,3149.596923828125,3753.111083984375,4397.2470703125,5083.2021484375,5821.0068359375,6616.5361328125,7479.2529296875,8427.58203125,9487.5703125,10699.9482421875,12163.2998046875,14015.830078125,16511.140625,20686.529296875,26461.30078125
2024-05-28 15:00:00,288.909020230173,1018.2358553631358,283.66497802734375,281.50860595703125,279.335693359375,277.384521484375,275.6632080078125,280.8717956542969,283.46319580078125,282.2935791015625,280.2138977050781,277.2286071777344,271.9097900390625,266.61968994140625,260.94921875,253.526611328125,246.23211669921875,238.81930541992188,229.5428009033203,224.8961944580078,221.87820434570312,216.52369689941406,206.84649658203125,207.94509887695312,219.8336944580078,1000.0,975.0,950.0,925.0,900.0,850.0,800.0,750.0,700.0,650.0,600.0,550.0,500.0,450.0,400.0,350.0,300.0,250.0,200.0,150.0,100.0,50.0,20.0,228.393798828125,437.4220886230469,650.1450805664062,868.7271118164062,1091.36181640625,1557.654052734375,2058.912109375,2595.337890625,3161.625,3768.0400390625,4412.15087890625,5096.43994140625,5833.98486328125,6627.18408203125,7488.60595703125,8437.6015625,9493.7021484375,10704.271484375,12164.8701171875,14016.2900390625,16525.1796875,20695.01953125,26468.48046875
2024-05-28 18:00:00,290.6781166658677,1012.742107983192,286.34228515625,284.19097900390625,282.018798828125,280.0751953125,277.84661865234375,280.8182067871094,283.41961669921875,282.6217041015625,280.55322265625,277.197021484375,271.9423828125,266.57391357421875,260.26531982421875,253.56610107421875,246.922119140625,238.58230590820312,231.2801971435547,225.08489990234375,221.10049438476562,215.8549041748047,209.08880615234375,210.08929443359375,221.85910034179688,1000.0,975.0,950.0,925.0,900.0,850.0,800.0,750.0,700.0,650.0,600.0,550.0,500.0,450.0,400.0,350.0,300.0,250.0,200.0,150.0,100.0,50.0,20.0,204.9344024658203,415.555908203125,631.8477172851562,851.97998046875,1076.165283203125,1541.5240478515625,2042.7958984375,2578.2080078125,3147.402099609375,3753.010986328125,4395.6328125,5082.09521484375,5816.60302734375,6608.62890625,7473.10693359375,8421.650390625,9481.3427734375,10699.1484375,12151.75,13995.2998046875,16505.98046875,20684.41015625,26453.310546875
2024-05-28 21:00:00,283.6108254061021,1013.5955810546875,285.89251708984375,284.0050048828125,281.84918212890625,279.90338134765625,277.9398193359375,280.93011474609375,283.55419921875,282.6619873046875,280.4859924316406,276.6732177734375,272.1929016113281,266.79010009765625,260.8554992675781,254.40582275390625,248.7034912109375,241.0373992919922,232.5792999267578,222.91490173339844,219.226806640625,215.7095947265625,211.156005859375,211.11270141601562,220.6403045654297,1000.0,975.0,950.0,925.0,900.0,850.0,800.0,750.0,700.0,650.0,600.0,550.0,500.0,450.0,400.0,350.0,300.0,250.0,200.0,150.0,100.0,50.0,20.0,201.58340454101562,412.74749755859375,629.5640869140625,848.2000122070312,1072.842529296875,1539.0400390625,2041.97412109375,2576.873046875,3145.3759765625,3750.8701171875,4393.64892578125,5079.89404296875,5816.82080078125,6611.580078125,7478.7548828125,8435.9091796875,9505.310546875,10720.513671875,12159.8095703125,13995.009765625,16506.62109375,20690.150390625,26464.41015625
2024-05-29 00:00:00,279.61712021574635,1015.7287077265626,283.71759033203125,283.07080078125,281.154296875,279.4660949707031,278.49981689453125,281.235595703125,284.09771728515625,283.06768798828125,280.7720947265625,276.710205078125,272.177001953125,267.1636047363281,260.9100036621094,256.6192932128906,249.88519287109375,241.9989013671875,232.63540649414062,222.1177978515625,218.30389404296875,216.33309936523438,208.19619750976562,210.21499633789062,219.5128936767578,1000.0,975.0,950.0,925.0,900.0,850.0,800.0,750.0,700.0,650.0,600.0,550.0,500.0,450.0,400.0,350.0,300.0,250.0,200.0,150.0,100.0,50.0,20.0,211.9929962158203,423.5740051269531,638.8317260742188,857.8936767578125,1080.9970703125,1550.10498046875,2053.031005859375,2588.94091796875,3158.51904296875,3764.1259765625,4407.1103515625,5094.31298828125,5831.60107421875,6629.36376953125,7503.55615234375,8466.126953125,9536.369140625,10751.443359375,12178.650390625,14015.23046875,16519.48046875,20699.2890625,26474.0390625
2024-05-29 03:00:00,278.6702532575167,1015.7500700312501,282.3605041503906,282.4683837890625,281.06048583984375,279.87408447265625,279.6614074707031,282.1533203125,283.6463928222656,282.75140380859375,280.20831298828125,276.36761474609375,272.410400390625,267.1251220703125,262.94677734375,257.2825012207031,250.49761962890625,241.47459411621094,232.7097930908203,222.63670349121094,216.8804931640625,216.19090270996094,208.560302734375,212.18359375,220.46800231933594,1000.0,975.0,950.0,925.0,900.0,850.0,800.0,750.0,700.0,650.0,600.0,550.0,500.0,450.0,400.0,350.0,300.0,250.0,200.0,150.0,100.0,50.0,20.0,212.710205078125,423.85198974609375,638.6530151367188,858.2520751953125,1082.8704833984375,1554.001953125,2056.885986328125,2591.72802734375,3161.156005859375,3765.135986328125,4407.830078125,5095.7490234375,5833.9482421875,6637.080078125,7512.40380859375,8473.5048828125,9542.814453125,10757.7099609375,12182.75,14016.3203125,16522.76953125,20705.9609375,26472.970703125
2024-05-29 06:00:00,277.78971093735214,1015.6778404402232,281.57421875,282.418701171875,281.2550048828125,280.5549011230469,280.83270263671875,282.29681396484375,284.2669982910156,283.4804992675781,280.65899658203125,276.72711181640625,272.68328857421875,266.95428466796875,262.9649963378906,257.29779052734375,249.89019775390625,242.18519592285156,233.50059509277344,222.98129272460938,216.24290466308594,215.435302734375,209.6728973388672,211.7801055908203,221.00869750976562,1000.0,975.0,950.0,925.0,900.0,850.0,800.0,750.0,700.0,650.0,600.0,550.0,500.0,450.0,400.0,350.0,300.0,250.0,200.0,150.0,100.0,50.0,20.0,201.51800537109375,411.114990234375,626.3927001953125,846.5059814453125,1071.673583984375,1544.0009765625,2047.241943359375,2583.60693359375,3153.748046875,3758.597900390625,4402.9169921875,5090.462890625,5829.462890625,6632.8798828125,7506.98193359375,8467.9951171875,9542.2138671875,10759.6396484375,12189.099609375,14009.7900390625,16514.41015625,20703.380859375,26462.5390625
2024-05-29 09:00:00,277.22328292368024,1014.7903532343751,280.79278564453125,281.8876953125,281.4591064453125,281.25958251953125,281.284912109375,283.2506103515625,284.5872802734375,283.28778076171875,280.33349609375,276.45648193359375,272.30621337890625,267.0498962402344,263.1846008300781,257.29119873046875,250.92620849609375,242.88479614257812,233.7279052734375,223.30569458007812,217.25660705566406,214.5572967529297,207.64669799804688,210.91310119628906,222.0290985107422,1000.0,975.0,950.0,925.0,900.0,850.0,800.0,750.0,700.0,650.0,600.0,550.0,500.0,450.0,400.0,350.0,300.0,250.0,200.0,150.0,100.0,50.0,20.0,198.773193359375,407.89410400390625,622.7025146484375,843.3723754882812,1068.108154296875,1542.5999755859375,2046.06884765625,2582.717041015625,3153.23388671875,3756.65087890625,4400.3603515625,5086.72900390625,5827.36376953125,6630.27294921875,7506.865234375,8471.208984375,9546.568359375,10766.009765625,12197.009765625,14020.2099609375,16513.25,20699.51953125,26453.849609375
2024-05-29 12:00:00,282.67295186914066,1013.964031811317,280.60430908203125,281.45928955078125,281.53680419921875,281.3372802734375,281.12152099609375,283.59197998046875,285.1820068359375,283.5162048339844,280.4459228515625,276.77947998046875,272.4805908203125,268.61468505859375,263.709716796875,258.1923828125,251.1951904296875,243.1197967529297,233.8459014892578,223.08689880371094,216.92469787597656,214.82470703125,205.5789031982422,209.83290100097656,220.9674072265625,1000.0,975.0,950.0,925.0,900.0,850.0,800.0,750.0,700.0,650.0,600.0,550.0,500.0,450.0,400.0,350.0,300.0,250.0,200.0,150.0,100.0,50.0,20.0,210.41250610351562,419.0321044921875,633.33251953125,853.4644165039062,1080.66259765625,1553.032958984375,2059.3369140625,2596.760009765625,3165.992919921875,3770.98193359375,4415.14501953125,5103.7509765625,5846.3759765625,6652.76416015625,7531.14990234375,8496.748046875,9572.7099609375,10792.31640625,12219.73046875,14036.0498046875,16528.80078125,20718.48046875,26466.0
2024-05-29 15:00:00,291.1739613452595,1016.698287217567,286.2763977050781,284.1231994628906,282.20379638671875,280.50909423828125,281.7929992675781,283.63140869140625,285.2319030761719,283.951904296875,280.75531005859375,276.98919677734375,272.3367004394531,268.5245056152344,264.20538330078125,258.206787109375,251.05792236328125,243.0487060546875,233.99830627441406,223.35800170898438,217.0189971923828,213.9656982421875,205.3531951904297,209.5886993408203,221.13189697265625,1000.0,975.0,950.0,925.0,900.0,850.0,800.0,750.0,700.0,650.0,600.0,550.0,500.0,450.0,400.0,350.0,300.0,250.0,200.0,150.0,100.0,50.0,20.0,209.25979614257812,421.6239013671875,637.6555786132812,857.5438842773438,1085.465087890625,1559.2919921875,2064.00390625,2602.8291015625,3173.407958984375,3777.574951171875,4422.43798828125,5111.755859375,5854.89013671875,6661.10693359375,7538.61181640625,8505.015625,9580.9951171875,10801.986328125,12232.51953125,14045.5498046875,16539.21875,20712.529296875,26481.599609375
2024-05-29 18:00:00,293.30411181430526,1012.0675749140626,289.2778015136719,286.88787841796875,284.9739074707031,282.78118896484375,281.0693054199219,284.7980041503906,285.28887939453125,284.01300048828125,280.8330078125,277.177001953125,272.8623046875,268.9956970214844,264.17327880859375,257.86968994140625,250.9517822265625,243.24020385742188,234.1365966796875,223.5605926513672,216.23069763183594,213.83889770507812,204.77639770507812,209.33790588378906,223.7696990966797,1000.0,975.0,950.0,925.0,900.0,850.0,800.0,750.0,700.0,650.0,600.0,550.0,500.0,450.0,400.0,350.0,300.0,250.0,200.0,150.0,100.0,50.0,20.0,188.01129150390625,401.62451171875,620.911376953125,842.022705078125,1069.157958984375,1544.364990234375,2051.3740234375,2589.412109375,3160.10791015625,3765.205078125,4410.115234375,5100.35791015625,5845.2138671875,6650.046875,7527.5908203125,8493.234375,9570.3408203125,10792.166015625,12221.51953125,14037.4296875,16528.580078125,20698.2890625,26475.490234375
2024-05-29 21:00:00,285.69385129296876,1012.5129234480357,288.6878967285156,287.03558349609375,284.8568115234375,283.15679931640625,283.92681884765625,286.26177978515625,285.841796875,284.16668701171875,281.3316955566406,277.6882019042969,274.04949951171875,269.37548828125,264.0731201171875,258.0523986816406,251.03399658203125,243.15780639648438,233.9539031982422,223.89439392089844,216.1737060546875,214.17140197753906,204.36129760742188,209.84469604492188,221.49209594726562,1000.0,975.0,950.0,925.0,900.0,850.0,800.0,750.0,700.0,650.0,600.0,550.0,500.0,450.0,400.0,350.0,300.0,250.0,200.0,150.0,100.0,50.0,20.0,178.49649047851562,391.89349365234375,611.0056762695312,831.9683837890625,1061.007080078125,1538.14501953125,2046.282958984375,2585.64111328125,3156.927978515625,3763.992919921875,4410.2470703125,5102.79296875,5846.84521484375,6652.35791015625,7530.09912109375,8495.7119140625,9572.806640625,10794.7412109375,12222.4501953125,14043.2197265625,16525.94140625,20694.900390625,26489.0390625
2024-05-30 00:00:00,283.0566318710937,1011.5325407343751,286.7438049316406,286.8338928222656,285.6445007324219,284.92779541015625,284.93450927734375,286.73858642578125,286.5487060546875,284.71258544921875,281.97589111328125,278.42510986328125,274.4548034667969,269.617919921875,264.01690673828125,257.60821533203125,250.3203125,242.58309936523438,233.92349243164062,224.02679443359375,215.77499389648438,214.7111053466797,205.41909790039062,209.66360473632812,221.18649291992188,1000.0,975.0,950.0,925.0,900.0,850.0,800.0,750.0,700.0,650.0,600.0,550.0,500.0,450.0,400.0,350.0,300.0,250.0,200.0,150.0,100.0,50.0,20.0,181.114501953125,396.41290283203125,613.4586181640625,838.3947143554688,1067.447998046875,1544.760986328125,2054.27197265625,2594.237060546875,3167.385009765625,3775.31103515625,4423.01611328125,5116.708984375,5861.51123046875,6666.27294921875,7541.54296875,8504.1181640625,9579.7021484375,10803.04296875,12229.7001953125,14051.8095703125,16544.51953125,20710.05078125,26483.9609375
2024-05-30 03:00:00,282.40935403906246,1010.3669248777232,285.5067138671875,286.58612060546875,285.8916015625,285.1680908203125,285.17181396484375,286.84210205078125,287.1334228515625,285.02838134765625,282.02679443359375,278.55670166015625,274.11810302734375,269.2803955078125,263.58148193359375,257.0072021484375,249.705810546875,241.85769653320312,233.1790008544922,223.7509002685547,217.6448974609375,215.0532989501953,205.78640747070312,210.41549682617188,221.98739624023438,1000.0,975.0,950.0,925.0,900.0,850.0,800.0,750.0,700.0,650.0,600.0,550.0,500.0,450.0,400.0,350.0,300.0,250.0,200.0,150.0,100.0,50.0,20.0,183.22259521484375,395.45098876953125,614.4340209960938,837.3543090820312,1067.39306640625,1546.7640380859375,2056.427978515625,2596.6669921875,3169.7080078125,3778.4208984375,4426.59912109375,5118.6611328125,5861.9912109375,6665.19189453125,7538.60791015625,8498.8359375,9571.5712890625,10791.642578125,12222.01953125,14054.4599609375,16545.9296875,20705.369140625,26497.0
2024-05-30 06:00:00,280.899585910452,1011.8230680781251,284.47491455078125,286.29718017578125,286.09381103515625,285.62030029296875,285.61688232421875,285.8931884765625,286.8002014160156,285.314697265625,282.0513000488281,278.4849853515625,273.93048095703125,268.77020263671875,263.0701904296875,256.49810791015625,249.13238525390625,241.0653076171875,232.86940002441406,222.31430053710938,219.89450073242188,215.87030029296875,204.57699584960938,211.79580688476562,219.14720153808594,1000.0,975.0,950.0,925.0,900.0,850.0,800.0,750.0,700.0,650.0,600.0,550.0,500.0,450.0,400.0,350.0,300.0,250.0,200.0,150.0,100.0,50.0,20.0,175.24591064453125,388.181884765625,605.8917846679688,830.5435791015625,1060.3499755859375,1539.2840576171875,2048.594970703125,2589.580078125,3162.94189453125,3770.89404296875,4418.72705078125,5110.2080078125,5853.0322265625,6654.14599609375,7526.23681640625,8483.140625,9553.5283203125,10768.1533203125,12206.75,14047.1201171875,16534.759765625,20703.490234375,26464.7109375
2024-05-30 09:00:00,280.38878831655416,1010.5514616328126,283.56988525390625,285.8865051269531,286.44189453125,286.2183837890625,285.96630859375,285.5018005371094,286.4100036621094,285.55169677734375,282.2944030761719,278.47119140625,273.769287109375,268.6286926269531,262.5686950683594,255.67578125,247.85159301757812,240.10220336914062,231.0554962158203,224.42820739746094,221.98109436035156,214.7884979248047,204.34140014648438,211.4709014892578,219.84230041503906,1000.0,975.0,950.0,925.0,900.0,850.0,800.0,750.0,700.0,650.0,600.0,550.0,500.0,450.0,400.0,350.0,300.0,250.0,200.0,150.0,100.0,50.0,20.0,168.97671508789062,381.8026123046875,600.392578125,823.9232788085938,1054.593017578125,1534.27001953125,2042.31396484375,2583.007080078125,3157.072998046875,3765.34912109375,4412.98193359375,5104.1650390625,5845.60205078125,6645.31201171875,7513.22314453125,8466.748046875,9530.529296875,10740.1357421875,12198.7802734375,14039.6904296875,16526.94921875,20694.220703125,26446.009765625
2024-05-30 12:00:00,285.88849615053846,1012.0120329218751,283.80859375,285.89520263671875,286.710205078125,286.5039978027344,286.25921630859375,285.57269287109375,286.25799560546875,285.2982177734375,282.09228515625,278.38922119140625,273.78741455078125,268.25927734375,262.2731018066406,255.64898681640625,247.73748779296875,239.15699768066406,230.30459594726562,225.5092010498047,221.47760009765625,215.77810668945312,205.44349670410156,209.87559509277344,222.67579650878906,1000.0,975.0,950.0,925.0,900.0,850.0,800.0,750.0,700.0,650.0,600.0,550.0,500.0,450.0,400.0,350.0,300.0,250.0,200.0,150.0,100.0,50.0,20.0,185.97979736328125,398.92962646484375,617.6400146484375,842.2233276367188,1071.93701171875,1551.498046875,2060.26513671875,2600.449951171875,3173.761962890625,3782.51904296875,4430.08984375,5120.56787109375,5860.8349609375,6659.9931640625,7527.48193359375,8479.1875,9537.9384765625,10756.80078125,12213.4697265625,14053.51953125,16536.509765625,20707.630859375,26458.5703125
2024-05-30 15:00:00,295.8440381795396,1010.468426342567,290.18170166015625,288.02691650390625,286.3507080078125,287.4071960449219,287.180908203125,286.0137023925781,285.986083984375,285.0559997558594,282.210205078125,278.66448974609375,273.69891357421875,268.0455017089844,262.005615234375,255.3616943359375,247.50390625,240.78900146484375,232.1678009033203,225.39939880371094,220.90899658203125,214.78089904785156,204.94140625,209.43209838867188,222.5113067626953,1000.0,975.0,950.0,925.0,900.0,850.0,800.0,750.0,700.0,650.0,600.0,550.0,500.0,450.0,400.0,350.0,300.0,250.0,200.0,150.0,100.0,50.0,20.0,185.72979736328125,400.742919921875,619.4390869140625,844.0067138671875,1076.6240234375,1556.8890380859375,2065.133056640625,2605.56591796875,3178.93505859375,3787.7080078125,4435.052734375,5125.36181640625,5864.8828125,6663.48486328125,7530.68994140625,8484.064453125,9550.453125,10770.314453125,12226.5302734375,14052.98046875,16538.76953125,20702.380859375,26479.98046875
2024-05-30 18:00:00,298.50907586914053,1009.0545133906251,293.33489990234375,291.18121337890625,289.0166015625,286.8192138671875,285.59552001953125,286.06451416015625,285.16510009765625,284.6322937011719,282.0964050292969,278.5264892578125,273.67431640625,268.236083984375,261.977294921875,255.04791259765625,249.2257080078125,241.07290649414062,232.24220275878906,225.85879516601562,221.00990295410156,213.4510955810547,203.0778045654297,208.60910034179688,222.3804931640625,1000.0,975.0,950.0,925.0,900.0,850.0,800.0,750.0,700.0,650.0,600.0,550.0,500.0,450.0,400.0,350.0,300.0,250.0,200.0,150.0,100.0,50.0,20.0,170.606689453125,388.98809814453125,609.0433959960938,834.9559936523438,1064.9029541015625,1546.7919921875,2054.5859375,2593.5029296875,3166.278076171875,3775.1220703125,4422.5048828125,5112.64599609375,5852.615234375,6650.19384765625,7518.85888671875,8477.54296875,9545.046875,10762.6357421875,12225.4599609375,14053.5703125,16527.169921875,20685.98046875,26466.05078125
2024-05-30 21:00:00,289.6776519555217,1010.912154405067,292.3410949707031,290.936279296875,289.01031494140625,287.5537109375,287.3190002441406,287.0263977050781,286.23028564453125,285.2982177734375,282.70111083984375,279.15679931640625,274.16839599609375,268.29071044921875,262.1387023925781,256.39691162109375,249.55780029296875,240.86570739746094,231.6667938232422,227.73150634765625,219.6925048828125,213.91079711914062,202.99119567871094,209.23779296875,222.5251007080078,1000.0,975.0,950.0,925.0,900.0,850.0,800.0,750.0,700.0,650.0,600.0,550.0,500.0,450.0,400.0,350.0,300.0,250.0,200.0,150.0,100.0,50.0,20.0,164.26129150390625,379.94708251953125,603.3375854492188,828.6041870117188,1059.949951171875,1541.7130126953125,2052.531982421875,2592.615966796875,3166.699951171875,3776.839111328125,4425.35302734375,5116.93994140625,5857.48291015625,6655.712890625,7529.3388671875,8487.8310546875,9554.0029296875,10774.7412109375,12237.7099609375,14062.4296875,16526.7109375,20685.330078125,26469.98046875
2024-05-31 00:00:00,286.4546981242452,1010.5293669062501,290.2230224609375,291.3052978515625,290.6171875,289.64068603515625,288.3955078125,287.31951904296875,287.1060791015625,286.1422119140625,283.35498046875,279.534912109375,274.44598388671875,268.57281494140625,262.5614013671875,257.21868896484375,249.59280395507812,240.99310302734375,231.86720275878906,228.18960571289062,218.7823028564453,213.45480346679688,202.83299255371094,208.76220703125,223.09429931640625,1000.0,975.0,950.0,925.0,900.0,850.0,800.0,750.0,700.0,650.0,600.0,550.0,500.0,450.0,400.0,350.0,300.0,250.0,200.0,150.0,100.0,50.0,20.0,165.760986328125,381.7784118652344,603.547119140625,831.234375,1063.06005859375,1546.9310302734375,2058.116943359375,2599.84912109375,3175.84912109375,3786.8349609375,4435.9892578125,5127.73681640625,5867.98583984375,6670.90380859375,7545.06591796875,8503.59375,9570.4677734375,10798.09375,12257.4599609375,14074.2900390625,16532.5,20688.140625,26489.98046875
2024-05-31 03:00:00,284.8511937304687,1009.009686108192,288.7755126953125,291.099609375,291.1431884765625,290.17108154296875,289.16522216796875,287.3267822265625,286.4796142578125,285.49761962890625,282.7243957519531,278.9006042480469,273.92718505859375,267.9910888671875,262.3201904296875,257.0718994140625,249.28118896484375,241.04209899902344,233.35169982910156,228.15240478515625,218.3594970703125,213.3197021484375,202.71389770507812,209.23899841308594,222.1511993408203,1000.0,975.0,950.0,925.0,900.0,850.0,800.0,750.0,700.0,650.0,600.0,550.0,500.0,450.0,400.0,350.0,300.0,250.0,200.0,150.0,100.0,50.0,20.0,174.11370849609375,389.0845031738281,611.8466796875,839.5313110351562,1072.3809814453125,1556.3790283203125,2066.782958984375,2607.860107421875,3182.30908203125,3792.052001953125,4439.966796875,5130.40087890625,5870.06201171875,6672.69189453125,7545.39794921875,8503.0732421875,9571.80078125,10802.599609375,12263.2900390625,14066.4501953125,16530.55078125,20692.380859375,26474.890625
2024-05-31 06:00:00,284.24457525210096,1010.1955046015626,287.2039794921875,290.26409912109375,290.8135986328125,290.33319091796875,289.064697265625,287.21258544921875,285.9804992675781,285.4796142578125,282.8206787109375,278.8923034667969,273.7943115234375,267.88238525390625,263.39141845703125,257.16998291015625,249.48880004882812,241.902099609375,234.3856964111328,228.72219848632812,217.90289306640625,211.49769592285156,203.62530517578125,209.64340209960938,222.48060607910156,1000.0,975.0,950.0,925.0,900.0,850.0,800.0,750.0,700.0,650.0,600.0,550.0,500.0,450.0,400.0,350.0,300.0,250.0,200.0,150.0,100.0,50.0,20.0,165.04409790039062,380.8848876953125,602.5355224609375,830.1356811523438,1063.927978515625,1547.8590087890625,2058.27001953125,2599.471923828125,3174.174072265625,3783.52001953125,4431.5380859375,5121.77880859375,5861.77880859375,6665.3369140625,7538.51220703125,8498.228515625,9574.4306640625,10807.978515625,12270.5400390625,14066.0595703125,16526.62890625,20681.9609375,26451.51953125
2024-05-31 09:00:00,283.72098516421033,1007.1133238035045,286.29571533203125,289.8677978515625,290.91522216796875,290.4351806640625,289.1741027832031,287.57940673828125,286.10089111328125,285.485107421875,282.83380126953125,278.9193115234375,273.885009765625,268.00408935546875,264.1669921875,257.15338134765625,250.2135009765625,243.14219665527344,234.9781036376953,228.6457977294922,217.82249450683594,210.38609313964844,204.70469665527344,209.4508056640625,220.63180541992188,1000.0,975.0,950.0,925.0,900.0,850.0,800.0,750.0,700.0,650.0,600.0,550.0,500.0,450.0,400.0,350.0,300.0,250.0,200.0,150.0,100.0,50.0,20.0,154.61898803710938,369.9735107421875,591.1317138671875,820.2235107421875,1053.486083984375,1537.3499755859375,2048.65087890625,2588.658935546875,3163.114990234375,3773.465087890625,4421.20703125,5111.60791015625,5854.11083984375,6658.23095703125,7531.93408203125,8497.7470703125,9574.6552734375,10811.0556640625,12271.23046875,14064.3203125,16515.51953125,20675.369140625,26442.5703125
2024-05-31 12:00:00,288.81254972265623,1010.988326280067,287.25201416015625,289.8222961425781,290.8616943359375,290.3817138671875,289.377197265625,287.4002990722656,285.66790771484375,285.048095703125,282.89862060546875,279.1383972167969,273.8468017578125,268.55322265625,264.4895935058594,257.44232177734375,251.21978759765625,243.375,235.10870361328125,228.54379272460938,217.1177978515625,209.6623992919922,203.69529724121094,210.4185028076172,220.61459350585938,1000.0,975.0,950.0,925.0,900.0,850.0,800.0,750.0,700.0,650.0,600.0,550.0,500.0,450.0,400.0,350.0,300.0,250.0,200.0,150.0,100.0,50.0,20.0,166.54571533203125,382.04901123046875,603.3660278320312,830.613525390625,1064.0361328125,1549.2440185546875,2059.89306640625,2599.258056640625,3174.10400390625,3784.23291015625,4432.72607421875,5123.0791015625,5867.22412109375,6672.5439453125,7549.31201171875,8515.8046875,9595.4912109375,10833.0107421875,12291.5703125,14076.26953125,16528.830078125,20686.470703125,26452.890625
2024-05-31 15:00:00,299.3672708103989,1008.193768139442,294.8662109375,292.6837158203125,290.72509765625,290.23358154296875,289.7330017089844,287.61920166015625,285.1348876953125,283.51220703125,282.3529052734375,278.9578857421875,274.0036926269531,268.7431945800781,264.7720947265625,258.2421875,251.60870361328125,243.5048065185547,236.53570556640625,229.55999755859375,217.460693359375,208.02679443359375,203.9748992919922,209.94309997558594,221.1103973388672,1000.0,975.0,950.0,925.0,900.0,850.0,800.0,750.0,700.0,650.0,600.0,550.0,500.0,450.0,400.0,350.0,300.0,250.0,200.0,150.0,100.0,50.0,20.0,163.84881591796875,381.8232116699219,605.6011962890625,833.3245849609375,1067.2412109375,1552.4449462890625,2062.14794921875,2600.638916015625,3173.64599609375,3782.35302734375,4430.52392578125,5122.32421875,5867.2880859375,6672.958984375,7553.35693359375,8519.73046875,9602.8642578125,10846.4521484375,12308.23046875,14087.009765625,16540.009765625,20699.51953125,26458.849609375
2024-05-31 18:00:00,301.5162881443833,1005.4343962031251,298.50299072265625,296.3265075683594,294.1317138671875,291.90948486328125,289.6593933105469,287.82470703125,285.2401123046875,282.88812255859375,281.87371826171875,279.0003967285156,274.24072265625,269.2781982421875,265.1199951171875,258.8587951660156,251.4766845703125,243.74459838867188,237.40780639648438,229.74879455566406,217.51100158691406,208.0428009033203,203.8592071533203,209.32470703125,221.6956024169922,1000.0,975.0,950.0,925.0,900.0,850.0,800.0,750.0,700.0,650.0,600.0,550.0,500.0,450.0,400.0,350.0,300.0,250.0,200.0,150.0,100.0,50.0,20.0,137.3560791015625,357.7651062011719,583.9520263671875,814.0642700195312,1048.30419921875,1533.06396484375,2043.1650390625,2581.846923828125,3152.846923828125,3761.777099609375,4410.0849609375,5102.0732421875,5848.45703125,6656.1318359375,7535.64892578125,8503.55078125,9587.7314453125,10832.615234375,12293.51953125,14072.0,16516.990234375,20688.80078125,26456.240234375
2024-05-31 21:00:00,294.22480293164057,1006.575484483192,297.169677734375,297.0120849609375,295.3215026855469,293.1000061035156,291.1094055175781,287.29351806640625,285.7200012207031,283.13787841796875,282.03082275390625,278.9194030761719,274.41729736328125,269.4761962890625,265.54058837890625,258.91619873046875,251.46160888671875,243.8760986328125,236.92190551757812,229.19419860839844,217.3092041015625,208.22439575195312,203.2021942138672,207.92869567871094,220.67630004882812,1000.0,975.0,950.0,925.0,900.0,850.0,800.0,750.0,700.0,650.0,600.0,550.0,500.0,450.0,400.0,350.0,300.0,250.0,200.0,150.0,100.0,50.0,20.0,128.09039306640625,349.3360900878906,576.3126831054688,807.20947265625,1042.2083740234375,1528.39501953125,2038.779052734375,2577.62890625,3148.634033203125,3758.116943359375,4406.4990234375,5099.36279296875,5846.1630859375,6655.33203125,7534.869140625,8502.2041015625,9587.0595703125,10831.2734375,12290.01953125,14066.2900390625,16512.98046875,20684.98046875,26457.0
2024-06-01 00:00:00,291.11875809194476,1006.8800749140626,293.4180908203125,296.25592041015625,295.33111572265625,293.8800964355469,291.893798828125,287.722900390625,285.4216003417969,283.8695068359375,282.4035949707031,279.19342041015625,274.8009033203125,270.00018310546875,265.7084045410156,258.82080078125,250.96530151367188,243.76690673828125,236.95860290527344,228.72579956054688,217.13949584960938,209.2093048095703,204.5803985595703,208.2812042236328,220.73519897460938,1000.0,975.0,950.0,925.0,900.0,850.0,800.0,750.0,700.0,650.0,600.0,550.0,500.0,450.0,400.0,350.0,300.0,250.0,200.0,150.0,100.0,50.0,20.0,136.56109619140625,356.314208984375,581.7808837890625,813.1187744140625,1048.5413818359375,1536.45703125,2045.4140625,2585.64208984375,3157.81689453125,3767.47607421875,4417.095703125,5111.0078125,5858.80615234375,6668.248046875,7546.72314453125,8513.01953125,9596.1904296875,10841.2998046875,12297.23046875,14078.3603515625,16533.509765625,20692.810546875,26463.01953125
2024-06-01 03:00:00,288.9502083222656,1008.214888780067,291.3457946777344,294.6719055175781,294.97991943359375,293.7615051269531,292.0093994140625,288.93389892578125,286.6000061035156,284.881103515625,282.38861083984375,278.77349853515625,274.76708984375,270.10260009765625,265.044189453125,258.38018798828125,250.93460083007812,243.1613006591797,236.50889587402344,228.00970458984375,216.8258056640625,209.11990356445312,205.3760986328125,208.9832000732422,221.77760314941406,1000.0,975.0,950.0,925.0,900.0,850.0,800.0,750.0,700.0,650.0,600.0,550.0,500.0,450.0,400.0,350.0,300.0,250.0,200.0,150.0,100.0,50.0,20.0,133.73028564453125,353.66461181640625,579.3510131835938,808.955810546875,1044.681884765625,1533.375,2045.35107421875,2586.843994140625,3160.58203125,3769.202880859375,4417.8642578125,5111.623046875,5858.97705078125,6666.130859375,7543.8369140625,8509.9072265625,9592.7568359375,10832.2158203125,12288.6103515625,14067.3896484375,16531.37890625,20694.4296875,26463.109375
2024-06-01 06:00:00,287.8587353165541,1004.9809049921876,289.72711181640625,293.037109375,294.06640625,293.32220458984375,292.3043212890625,288.8070983886719,286.80279541015625,285.03558349609375,282.2312927246094,278.79840087890625,274.93060302734375,270.30419921875,264.46630859375,258.15771484375,251.4285888671875,244.33740234375,235.7490997314453,227.6396026611328,217.2678985595703,209.05929565429688,206.82069396972656,208.82000732421875,222.635498046875,1000.0,975.0,950.0,925.0,900.0,850.0,800.0,750.0,700.0,650.0,600.0,550.0,500.0,450.0,400.0,350.0,300.0,250.0,200.0,150.0,100.0,50.0,20.0,126.7803955078125,343.9635009765625,566.9638061523438,797.9412231445312,1033.135009765625,1523.0030517578125,2034.47998046875,2575.876953125,3148.948974609375,3757.740966796875,4406.5693359375,5101.14501953125,5847.591796875,6654.2919921875,7532.52685546875,8501.015625,9585.037109375,10819.021484375,12275.0498046875,14058.0400390625,16522.6796875,20679.0390625,26435.73046875
2024-06-01 09:00:00,286.7272929824219,1006.8324424910045,288.1878967285156,291.9879150390625,293.7557067871094,293.75360107421875,292.728515625,289.5740966796875,286.16571044921875,282.865478515625,281.02899169921875,278.4118957519531,274.57171630859375,269.8851013183594,264.1535949707031,258.189208984375,251.4136962890625,244.0395965576172,234.78790283203125,226.42300415039062,217.03509521484375,209.73150634765625,206.4259033203125,210.1197052001953,223.4384002685547,1000.0,975.0,950.0,925.0,900.0,850.0,800.0,750.0,700.0,650.0,600.0,550.0,500.0,450.0,400.0,350.0,300.0,250.0,200.0,150.0,100.0,50.0,20.0,129.3070068359375,344.31988525390625,569.1907958984375,798.0805053710938,1035.23388671875,1523.112060546875,2036.81201171875,2575.655029296875,3145.431884765625,3752.929931640625,4400.845703125,5094.93017578125,5840.05810546875,6645.44482421875,7523.84912109375,8492.263671875,9572.7548828125,10802.33203125,12250.7900390625,14044.330078125,16512.849609375,20671.890625,26432.73046875
2024-06-01 12:00:00,291.0738624236803,1007.6018766718751,289.4725036621094,291.77691650390625,293.7919006347656,294.0419006347656,292.8807067871094,289.4801025390625,285.57989501953125,282.78240966796875,281.07110595703125,278.76678466796875,274.49908447265625,269.2584228515625,263.83941650390625,257.01080322265625,249.894287109375,243.16209411621094,233.8621063232422,225.4091033935547,217.29580688476562,211.08340454101562,205.8509063720703,210.16929626464844,223.24459838867188,1000.0,975.0,950.0,925.0,900.0,850.0,800.0,750.0,700.0,650.0,600.0,550.0,500.0,450.0,400.0,350.0,300.0,250.0,200.0,150.0,100.0,50.0,20.0,144.4779052734375,361.519287109375,584.4158935546875,815.3419799804688,1052.509033203125,1540.4620361328125,2053.237060546875,2592.14111328125,3161.988037109375,3770.032958984375,4418.798828125,5112.02099609375,5855.48486328125,6659.0478515625,7532.98876953125,8495.779296875,9572.755859375,10797.8193359375,12243.7998046875,14042.0498046875,16515.69921875,20688.529296875,26463.33984375
2024-06-01 15:00:00,300.35563792939166,1006.8266081171876,296.40069580078125,294.210693359375,292.2393798828125,292.9893798828125,292.83441162109375,289.31939697265625,285.54949951171875,282.3900146484375,280.6914978027344,278.06378173828125,273.99749755859375,269.51519775390625,263.5881042480469,257.2774963378906,249.5380859375,242.18609619140625,233.98080444335938,225.0950927734375,218.32569885253906,211.7700958251953,206.20689392089844,210.1905059814453,222.3704071044922,1000.0,975.0,950.0,925.0,900.0,850.0,800.0,750.0,700.0,650.0,600.0,550.0,500.0,450.0,400.0,350.0,300.0,250.0,200.0,150.0,100.0,50.0,20.0,148.28079223632812,368.5231018066406,592.6068115234375,821.7109985351562,1058.0341796875,1547.238037109375,2059.1708984375,2597.14306640625,3166.93994140625,3773.175048828125,4420.740234375,5112.84912109375,5857.1201171875,6660.0078125,7534.06689453125,8494.8359375,9569.34765625,10790.1396484375,12240.009765625,14038.41015625,16516.150390625,20693.810546875,26487.099609375
2024-06-01 18:00:00,303.4311539860323,1003.449871655067,300.648193359375,298.45819091796875,296.2478942871094,294.0045166015625,291.7449951171875,289.625,285.875,282.4818115234375,280.8065185546875,277.5368957519531,273.555419921875,269.88031005859375,263.5350036621094,257.17291259765625,249.93710327148438,242.0832061767578,233.2738037109375,225.4611053466797,218.0543975830078,211.2362060546875,205.47479248046875,209.35049438476562,222.65159606933594,1000.0,975.0,950.0,925.0,900.0,850.0,800.0,750.0,700.0,650.0,600.0,550.0,500.0,450.0,400.0,350.0,300.0,250.0,200.0,150.0,100.0,50.0,20.0,124.87518310546875,347.8214111328125,574.57568359375,805.3192138671875,1042.2755126953125,1529.6009521484375,2042.52685546875,2580.35693359375,3150.81494140625,3756.528076171875,4402.693359375,5095.30322265625,5839.4951171875,6642.81005859375,7516.47802734375,8478.4658203125,9552.0400390625,10769.5029296875,12223.4501953125,14023.33984375,16502.0,20673.619140625,26451.029296875
2024-06-01 21:00:00,294.0895670997573,1002.735027905067,298.69329833984375,299.7703857421875,297.8267822265625,295.8468017578125,293.59381103515625,289.25360107421875,285.6619873046875,283.56231689453125,281.29541015625,277.6419982910156,273.67169189453125,269.9849853515625,264.03558349609375,257.27569580078125,249.6846923828125,241.66940307617188,232.5980987548828,225.73660278320312,217.86279296875,211.9123992919922,206.0843963623047,209.56700134277344,222.01499938964844,1000.0,975.0,950.0,925.0,900.0,850.0,800.0,750.0,700.0,650.0,600.0,550.0,500.0,450.0,400.0,350.0,300.0,250.0,200.0,150.0,100.0,50.0,20.0,117.58169555664062,340.3312072753906,568.8590087890625,801.331787109375,1037.928955078125,1528.43798828125,2039.322998046875,2578.819091796875,3149.666015625,3756.544921875,4402.89111328125,5096.25,5840.8291015625,6644.53515625,7518.1220703125,8479.462890625,9548.7412109375,10769.87890625,12220.1298828125,14028.759765625,16499.25,20674.580078125,26452.349609375
2024-06-02 00:00:00,291.5176228380385,1004.7967008906251,294.5155944824219,298.34649658203125,297.904296875,296.4364929199219,294.4425964355469,289.86309814453125,285.4130859375,284.8173828125,281.819580078125,278.0039978027344,274.03338623046875,270.11322021484375,263.9578857421875,257.0377197265625,250.14678955078125,241.84759521484375,232.93130493164062,223.86109924316406,218.41920471191406,212.3291015625,205.685302734375,210.36920166015625,222.01190185546875,1000.0,975.0,950.0,925.0,900.0,850.0,800.0,750.0,700.0,650.0,600.0,550.0,500.0,450.0,400.0,350.0,300.0,250.0,200.0,150.0,100.0,50.0,20.0,125.63458251953125,345.52508544921875,575.159423828125,806.7083129882812,1044.3961181640625,1535.98095703125,2047.8359375,2587.2080078125,3159.81005859375,3767.876953125,4414.294921875,5108.4970703125,5853.244140625,6657.2861328125,7531.73193359375,8493.515625,9563.048828125,10780.4892578125,12226.759765625,14037.330078125,16511.0703125,20683.5,26474.91015625
2024-06-02 03:00:00,290.1731167528557,1006.894332139442,292.51861572265625,296.5903015136719,297.1477966308594,295.92120361328125,294.05120849609375,289.5977783203125,285.0104064941406,284.410400390625,282.40631103515625,278.52130126953125,274.0484924316406,270.2567138671875,263.8554992675781,256.92901611328125,250.25250244140625,241.75680541992188,232.79600524902344,223.45950317382812,219.22410583496094,212.960693359375,204.939697265625,211.40859985351562,222.90769958496094,1000.0,975.0,950.0,925.0,900.0,850.0,800.0,750.0,700.0,650.0,600.0,550.0,500.0,450.0,400.0,350.0,300.0,250.0,200.0,150.0,100.0,50.0,20.0,125.6029052734375,344.8550109863281,571.872802734375,803.8043823242188,1041.87841796875,1532.281982421875,2043.98291015625,2581.2490234375,3154.797119140625,3763.48193359375,4411.0888671875,5105.31396484375,5850.10302734375,6652.5732421875,7527.63623046875,8489.951171875,9558.982421875,10774.583984375,12222.73046875,14040.259765625,16505.03125,20683.830078125,26473.08984375
2024-06-02 06:00:00,289.718662703125,1003.9143766718751,290.89959716796875,296.45709228515625,297.9804992675781,296.2355041503906,294.334716796875,290.06219482421875,286.80218505859375,283.6398010253906,281.31732177734375,277.639892578125,273.8809814453125,270.0225830078125,263.8283996582031,257.42840576171875,250.33367919921875,241.6053009033203,232.5034942626953,224.58489990234375,220.2989044189453,213.52439880371094,204.8341064453125,211.6121063232422,222.7115020751953,1000.0,975.0,950.0,925.0,900.0,850.0,800.0,750.0,700.0,650.0,600.0,550.0,500.0,450.0,400.0,350.0,300.0,250.0,200.0,150.0,100.0,50.0,20.0,111.22471618652344,329.477294921875,557.5614013671875,789.660888671875,1027.998291015625,1519.18896484375,2032.12890625,2572.10888671875,3142.89697265625,3750.199951171875,4396.177734375,5089.3779296875,5834.89697265625,6638.02294921875,7513.7568359375,8475.888671875,9544.1171875,10760.83203125,12213.5,14038.5400390625,16496.80078125,20667.69921875,26467.029296875
2024-06-02 09:00:00,289.1502335940457,1003.9126676875001,290.3182067871094,295.3765869140625,297.14581298828125,296.1434020996094,294.37078857421875,289.97088623046875,286.4534912109375,282.03521728515625,281.21112060546875,278.87371826171875,274.33868408203125,269.87310791015625,263.82830810546875,257.6964111328125,250.43069458007812,241.2427978515625,232.4886016845703,225.4656982421875,219.50869750976562,213.04730224609375,204.5493927001953,211.46290588378906,221.5644989013672,1000.0,975.0,950.0,925.0,900.0,850.0,800.0,750.0,700.0,650.0,600.0,550.0,500.0,450.0,400.0,350.0,300.0,250.0,200.0,150.0,100.0,50.0,20.0,110.75704956054688,329.3172912597656,555.725830078125,788.1376953125,1026.80908203125,1517.68994140625,2030.35107421875,2570.077880859375,3138.676025390625,3747.157958984375,4395.970703125,5088.78076171875,5833.98486328125,6637.341796875,7514.04296875,8475.26171875,9543.015625,10761.0068359375,12216.4501953125,14039.58984375,16499.26953125,20667.130859375,26468.609375
2024-06-02 12:00:00,292.85075517187494,1005.9718017578125,292.1578063964844,294.477783203125,297.267822265625,296.53778076171875,294.5278015136719,290.30279541015625,286.32281494140625,281.82537841796875,278.67041015625,278.56781005859375,274.5509948730469,270.3970031738281,264.4503173828125,258.00201416015625,249.97650146484375,241.91470336914062,233.6885986328125,225.36419677734375,218.94790649414062,212.06460571289062,204.279296875,211.10830688476562,220.75369262695312,1000.0,975.0,950.0,925.0,900.0,850.0,800.0,750.0,700.0,650.0,600.0,550.0,500.0,450.0,400.0,350.0,300.0,250.0,200.0,150.0,100.0,50.0,20.0,124.3756103515625,342.03228759765625,567.4761962890625,800.86669921875,1039.421630859375,1529.9200439453125,2043.85498046875,2582.52197265625,3149.675048828125,3755.407958984375,4404.072265625,5098.85400390625,5845.0087890625,6651.23388671875,7527.3779296875,8487.9453125,9559.3251953125,10782.685546875,12235.009765625,14054.51953125,16513.7109375,20686.380859375,26476.30078125
2024-06-02 15:00:00,302.5000284155719,1005.923384873817,299.2694091796875,297.1094055175781,295.42938232421875,296.2086181640625,294.9794006347656,290.5419921875,286.34698486328125,281.9019775390625,279.29620361328125,278.53448486328125,275.7135925292969,270.4371032714844,264.5703125,258.11419677734375,250.20648193359375,242.32569885253906,234.39480590820312,225.55870056152344,217.64300537109375,212.56680297851562,203.46299743652344,210.92779541015625,221.14500427246094,1000.0,975.0,950.0,925.0,900.0,850.0,800.0,750.0,700.0,650.0,600.0,550.0,500.0,450.0,400.0,350.0,300.0,250.0,200.0,150.0,100.0,50.0,20.0,119.71839904785156,342.5090026855469,569.0040283203125,799.418212890625,1037.91015625,1530.0699462890625,2044.35888671875,2583.04296875,3150.81005859375,3757.39697265625,4407.1220703125,5103.6259765625,5849.3359375,6655.17822265625,7531.73291015625,8494.001953125,9571.81640625,10798.0693359375,12248.509765625,14059.259765625,16519.80859375,20689.529296875,26476.94921875
2024-06-02 18:00:00,304.7092320973604,1000.0908628660045,303.2835998535156,301.13360595703125,298.95361328125,296.75360107421875,294.5286865234375,289.98358154296875,285.69281005859375,282.51788330078125,280.8103942871094,278.0269775390625,276.46820068359375,270.4143981933594,264.6282043457031,257.97747802734375,251.3905029296875,243.94430541992188,234.61619567871094,226.2917938232422,217.9044952392578,210.51150512695312,204.46080017089844,210.9071044921875,220.93679809570312,1000.0,975.0,950.0,925.0,900.0,850.0,800.0,750.0,700.0,650.0,600.0,550.0,500.0,450.0,400.0,350.0,300.0,250.0,200.0,150.0,100.0,50.0,20.0,98.50149536132812,323.80718994140625,554.8065185546875,787.674072265625,1026.607177734375,1517.51904296875,2030.40283203125,2569.50390625,3139.490966796875,3746.658935546875,4396.9580078125,5093.97607421875,5839.90185546875,6646.6171875,7523.89404296875,8492.88671875,9572.677734375,10800.1650390625,12253.990234375,14053.9599609375,16499.669921875,20676.640625,26447.080078125
2024-06-02 21:00:00,296.04214827988835,1002.0489591914063,300.48651123046875,301.09320068359375,299.41571044921875,297.47161865234375,295.5057067871094,291.3507080078125,286.57568359375,282.29071044921875,280.3507080078125,278.28070068359375,276.29071044921875,270.6210021972656,264.5787048339844,258.2213134765625,252.54989624023438,243.9188995361328,234.94869995117188,225.81869506835938,217.4248046875,209.73049926757812,204.11509704589844,209.23289489746094,222.26649475097656,1000.0,975.0,950.0,925.0,900.0,850.0,800.0,750.0,700.0,650.0,600.0,550.0,500.0,450.0,400.0,350.0,300.0,250.0,200.0,150.0,100.0,50.0,20.0,102.9989013671875,329.3479919433594,557.3787231445312,793.2379150390625,1031.1519775390625,1523.93798828125,2039.60400390625,2578.368896484375,3148.89111328125,3755.116943359375,4406.26708984375,5103.09423828125,5849.5322265625,6655.033203125,7537.375,8507.1484375,9587.6259765625,10813.26171875,12259.759765625,14063.0595703125,16504.30078125,20681.01953125,26459.560546875
2024-06-03 00:00:00,293.37577212769247,1005.7118620234376,296.97821044921875,300.08740234375,299.16571044921875,297.72491455078125,295.7548828125,291.4808044433594,286.83001708984375,281.67340087890625,278.110107421875,276.66351318359375,275.23822021484375,270.3460998535156,263.79132080078125,259.4299011230469,252.8612060546875,244.69090270996094,234.7843017578125,224.13499450683594,216.41079711914062,209.9622039794922,204.55740356445312,209.9958038330078,219.956298828125,1000.0,975.0,950.0,925.0,900.0,850.0,800.0,750.0,700.0,650.0,600.0,550.0,500.0,450.0,400.0,350.0,300.0,250.0,200.0,150.0,100.0,50.0,20.0,128.493896484375,352.6556091308594,580.4935302734375,816.1591186523438,1053.8709716796875,1548.237060546875,2064.47509765625,2603.77587890625,3169.823974609375,3773.611083984375,4421.130859375,5117.1572265625,5862.5,6667.89501953125,7551.1162109375,8524.7998046875,9606.236328125,10829.5224609375,12267.1904296875,14059.9697265625,16515.009765625,20680.0,26464.05078125
2024-06-03 03:00:00,291.86500644892294,1007.1077270507812,295.95489501953125,298.81488037109375,298.9019775390625,297.4620056152344,295.3641052246094,291.2290954589844,286.589111328125,281.5661926269531,276.75830078125,274.40631103515625,274.8212890625,269.76300048828125,264.9066162109375,260.09478759765625,252.90719604492188,244.3527069091797,234.4208984375,224.36920166015625,215.40040588378906,210.2613983154297,204.94020080566406,210.92880249023438,222.3459014892578,1000.0,975.0,950.0,925.0,900.0,850.0,800.0,750.0,700.0,650.0,600.0,550.0,500.0,450.0,400.0,350.0,300.0,250.0,200.0,150.0,100.0,50.0,20.0,145.8372039794922,367.4296875,596.6807861328125,830.7548217773438,1068.84130859375,1562.9549560546875,2077.864013671875,2616.778076171875,3183.344970703125,3781.950927734375,4426.76171875,5120.8359375,5866.033203125,6676.7587890625,7562.0771484375,8533.4169921875,9613.810546875,10836.2900390625,12267.7001953125,14049.2802734375,16515.849609375,20689.16015625,26482.51953125
2024-06-03 06:00:00,294.86334465654573,1007.1838989257812,296.3031005859375,299.1647033691406,299.25469970703125,297.4429931640625,295.3580017089844,291.0980224609375,286.70941162109375,281.57440185546875,277.1459045410156,272.4093933105469,274.3546142578125,269.9024963378906,265.28411865234375,259.535888671875,252.4390869140625,244.22329711914062,234.72500610351562,223.7303009033203,215.9445037841797,209.61480712890625,205.9542999267578,209.9738006591797,221.00999450683594,1000.0,975.0,950.0,925.0,900.0,850.0,800.0,750.0,700.0,650.0,600.0,550.0,500.0,450.0,400.0,350.0,300.0,250.0,200.0,150.0,100.0,50.0,20.0,145.6575927734375,366.7641906738281,595.52001953125,830.0853271484375,1068.6627197265625,1562.7120361328125,2077.49609375,2617.235107421875,3183.56298828125,3782.035888671875,4423.068359375,5117.6162109375,5864.27978515625,6674.09423828125,7557.01220703125,8527.9638671875,9608.7265625,10831.75,12265.5703125,14040.1201171875,16517.4609375,20679.0,26459.529296875
2024-06-03 09:00:00,295.2994483611803,1010.0056427121206,294.75238037109375,294.8724060058594,294.21240234375,294.27581787109375,294.0657958984375,290.5587158203125,286.19158935546875,281.68157958984375,276.5144958496094,272.83868408203125,275.32928466796875,270.3173828125,264.78021240234375,258.8450012207031,252.64779663085938,244.37869262695312,234.65280151367188,224.0894012451172,214.93020629882812,209.4873046875,204.32260131835938,210.5133056640625,220.84359741210938,1000.0,975.0,950.0,925.0,900.0,850.0,800.0,750.0,700.0,650.0,600.0,550.0,500.0,450.0,400.0,350.0,300.0,250.0,200.0,150.0,100.0,50.0,20.0,158.37330627441406,377.07470703125,603.4177856445312,833.5474243164062,1071.712158203125,1562.85302734375,2076.699951171875,2616.4609375,3182.739013671875,3779.6259765625,4423.59765625,5118.921875,5865.0498046875,6673.60498046875,7555.22412109375,8527.599609375,9607.7978515625,10831.2646484375,12261.259765625,14038.7998046875,16505.69921875,20671.2890625,26450.880859375
2024-06-03 12:00:00,294.10054887485205,1012.0799400495982,290.96270751953125,289.07061767578125,291.65679931640625,294.2183837890625,293.1356201171875,289.61968994140625,285.4913024902344,280.9691162109375,277.4241027832031,274.159912109375,275.27178955078125,270.7847900390625,265.1289978027344,258.97021484375,252.35189819335938,244.10870361328125,234.76589965820312,224.06680297851562,214.80250549316406,208.9315948486328,205.41409301757812,211.0041046142578,220.00369262695312,1000.0,975.0,950.0,925.0,900.0,850.0,800.0,750.0,700.0,650.0,600.0,550.0,500.0,450.0,400.0,350.0,300.0,250.0,200.0,150.0,100.0,50.0,20.0,184.5198974609375,399.7413024902344,622.6207885742188,851.3098754882812,1089.0216064453125,1579.3160400390625,2092.3720703125,2630.39306640625,3196.02001953125,3796.5029296875,4439.43896484375,5135.64794921875,5883.61279296875,6691.8798828125,7574.02197265625,8544.513671875,9625.345703125,10849.2568359375,12276.1298828125,14060.7900390625,16516.69921875,20696.05078125,26465.119140625
2024-06-03 15:00:00,293.1467268996512,1014.485057859375,290.2431945800781,288.09271240234375,287.1710205078125,290.22100830078125,291.7409973144531,289.8193054199219,286.406005859375,281.73101806640625,276.77099609375,273.33978271484375,275.785888671875,270.0823974609375,265.0491943359375,259.33050537109375,251.78338623046875,243.77139282226562,234.72189331054688,224.3896026611328,214.83120727539062,208.6387939453125,206.61790466308594,210.0915985107422,220.89340209960938,1000.0,975.0,950.0,925.0,900.0,850.0,800.0,750.0,700.0,650.0,600.0,550.0,500.0,450.0,400.0,350.0,300.0,250.0,200.0,150.0,100.0,50.0,20.0,194.7053985595703,409.9909973144531,628.9747924804688,855.8095092773438,1090.714111328125,1580.56298828125,2094.404052734375,2634.430908203125,3200.347900390625,3799.06689453125,4445.25390625,5141.7001953125,5888.72900390625,6698.2978515625,7579.63818359375,8547.849609375,9627.6259765625,10853.162109375,12282.5302734375,14066.2001953125,16525.5,20704.330078125,26473.990234375
2024-06-03 18:00:00,295.9240794092382,1011.519332139442,292.7454833984375,290.5838928222656,288.655517578125,286.69549560546875,289.96331787109375,289.4033203125,286.22161865234375,282.02618408203125,277.43121337890625,274.2561950683594,275.5780944824219,270.2937927246094,265.35980224609375,258.9805908203125,252.0299072265625,244.29629516601562,234.99459838867188,224.5699005126953,214.06289672851562,209.06190490722656,206.57139587402344,208.8231964111328,220.81939697265625,1000.0,975.0,950.0,925.0,900.0,850.0,800.0,750.0,700.0,650.0,600.0,550.0,500.0,450.0,400.0,350.0,300.0,250.0,200.0,150.0,100.0,50.0,20.0,176.1343994140625,394.5434875488281,616.6458129882812,840.6588745117188,1074.748779296875,1562.0439453125,2075.44189453125,2615.18505859375,3181.945068359375,3781.1669921875,4429.68603515625,5125.48486328125,5873.56103515625,6683.3837890625,7564.0751953125,8534.72265625,9615.767578125,10841.6787109375,12272.2900390625,14053.76953125,16512.69921875,20687.8203125,26446.1796875
2024-06-03 21:00:00,291.5693481433175,1011.4322960066295,291.5919189453125,289.4270935058594,287.47808837890625,286.0126953125,287.773681640625,289.2037048339844,286.7536926269531,282.2987060546875,277.6837158203125,277.4398193359375,275.3065185546875,270.8861999511719,265.80499267578125,258.9342041015625,252.2864990234375,244.4550018310547,235.2602996826172,224.83580017089844,215.3488006591797,207.83470153808594,206.82640075683594,208.2716064453125,221.16189575195312,1000.0,975.0,950.0,925.0,900.0,850.0,800.0,750.0,700.0,650.0,600.0,550.0,500.0,450.0,400.0,350.0,300.0,250.0,200.0,150.0,100.0,50.0,20.0,174.6468963623047,392.03399658203125,613.16162109375,838.1890869140625,1069.3388671875,1555.8360595703125,2069.529052734375,2608.68603515625,3175.990966796875,3778.31201171875,4428.5419921875,5124.47509765625,5874.21923828125,6683.509765625,7565.11181640625,8535.3837890625,9618.15625,10845.078125,12281.009765625,14055.490234375,16521.6796875,20683.5,26449.8203125
2024-06-04 00:00:00,288.9068900627957,1011.4794151472545,288.2183837890625,286.79840087890625,285.8544921875,287.38922119140625,289.6452941894531,289.830078125,286.8818054199219,282.2926025390625,278.2973937988281,279.41650390625,275.830078125,271.56500244140625,265.7548828125,259.00421142578125,252.6427001953125,244.6168975830078,235.0742950439453,225.3961944580078,213.88299560546875,208.1728973388672,206.3134002685547,208.98460388183594,221.8050994873047,1000.0,975.0,950.0,925.0,900.0,850.0,800.0,750.0,700.0,650.0,600.0,550.0,500.0,450.0,400.0,350.0,300.0,250.0,200.0,150.0,100.0,50.0,20.0,175.80799865722656,389.28759765625,608.5090942382812,833.6475219726562,1064.9036865234375,1553.5860595703125,2068.50390625,2607.89111328125,3175.458984375,3781.281005859375,4432.7548828125,5130.39599609375,5880.36181640625,6689.99609375,7572.755859375,8544.15234375,9626.89453125,10855.560546875,12289.26953125,14057.75,16532.62109375,20691.919921875,26459.9609375
2024-06-04 03:00:00,286.0906128309808,1011.160689561317,285.9786071777344,286.07861328125,287.64910888671875,289.6990966796875,290.7183837890625,289.6864013671875,286.65130615234375,282.09930419921875,278.64910888671875,279.78570556640625,275.9971923828125,271.44268798828125,265.9122009277344,259.27349853515625,252.39779663085938,244.404296875,235.5041961669922,225.11520385742188,213.15289306640625,208.8957977294922,204.77699279785156,210.35690307617188,221.84829711914062,1000.0,975.0,950.0,925.0,900.0,850.0,800.0,750.0,700.0,650.0,600.0,550.0,500.0,450.0,400.0,350.0,300.0,250.0,200.0,150.0,100.0,50.0,20.0,168.1793975830078,382.27069091796875,601.049072265625,827.6804809570312,1062.36572265625,1550.7740478515625,2065.135986328125,2604.68701171875,3172.095947265625,3778.715087890625,4430.5830078125,5128.4560546875,5878.615234375,6688.248046875,7571.01416015625,8541.806640625,9625.048828125,10854.2509765625,12286.5703125,14058.9697265625,16534.94140625,20686.330078125,26467.640625
2024-06-04 06:00:00,284.284386388524,1010.622359483192,284.94720458984375,286.29888916015625,288.13720703125,289.69000244140625,290.4689025878906,289.19720458984375,286.30718994140625,281.65069580078125,277.71942138671875,279.63739013671875,276.0549011230469,271.0452880859375,266.2073974609375,259.791015625,252.71749877929688,244.3251953125,235.38929748535156,225.12969970703125,212.71890258789062,210.01510620117188,205.31829833984375,210.69900512695312,221.92880249023438,1000.0,975.0,950.0,925.0,900.0,850.0,800.0,750.0,700.0,650.0,600.0,550.0,500.0,450.0,400.0,350.0,300.0,250.0,200.0,150.0,100.0,50.0,20.0,163.7991943359375,375.75628662109375,596.3712158203125,822.8270874023438,1057.3101806640625,1545.219970703125,2057.962890625,2597.760009765625,3163.260986328125,3769.22412109375,4421.4912109375,5118.75390625,5868.4990234375,6679.93603515625,7563.4931640625,8535.427734375,9616.806640625,10846.5,12276.0302734375,14051.8203125,16525.169921875,20687.869140625,26454.580078125
2024-06-04 09:00:00,283.9325896875,1010.021529405067,284.56610107421875,286.91619873046875,288.9962158203125,290.80621337890625,291.3359069824219,289.55621337890625,286.1558837890625,281.87451171875,278.4359130859375,279.6004943847656,276.1264953613281,271.1224060058594,266.4700012207031,260.1174011230469,252.74819946289062,244.17359924316406,236.33180236816406,225.26510620117188,214.28709411621094,209.52340698242188,205.12579345703125,209.48199462890625,220.060302734375,1000.0,975.0,950.0,925.0,900.0,850.0,800.0,750.0,700.0,650.0,600.0,550.0,500.0,450.0,400.0,350.0,300.0,250.0,200.0,150.0,100.0,50.0,20.0,153.9827880859375,366.20458984375,587.1021118164062,814.8455810546875,1049.61865234375,1538.1219482421875,2051.494140625,2589.952880859375,3157.14306640625,3763.662109375,4416.052734375,5113.0087890625,5863.7890625,6675.76806640625,7560.0,8531.24609375,9615.8837890625,10847.49609375,12280.990234375,14054.2998046875,16521.509765625,20682.890625,26440.76953125
2024-06-04 12:00:00,288.61929372685825,1007.8303648191295,286.4993896484375,287.8374938964844,290.4075012207031,291.6972961425781,291.70751953125,289.6575012207031,286.2257995605469,281.7908020019531,278.57061767578125,279.7908935546875,276.5189208984375,271.2789001464844,266.6231994628906,260.3380126953125,252.7637939453125,245.03289794921875,236.18089294433594,225.4080047607422,214.5236053466797,208.202392578125,204.61520385742188,208.03109741210938,219.29840087890625,1000.0,975.0,950.0,925.0,900.0,850.0,800.0,750.0,700.0,650.0,600.0,550.0,500.0,450.0,400.0,350.0,300.0,250.0,200.0,150.0,100.0,50.0,20.0,162.2152099609375,376.43310546875,596.3698120117188,826.1696166992188,1061.06396484375,1550.9599609375,2064.91796875,2603.2099609375,3170.5,3776.62109375,4430.0458984375,5128.19384765625,5878.4248046875,6691.35986328125,7576.248046875,8548.251953125,9635.01171875,10866.7275390625,12302.51953125,14071.580078125,16539.96875,20693.51953125,26462.91015625
2024-06-04 15:00:00,300.9021579783677,1009.1244596796876,294.1842041015625,292.0133972167969,290.3280944824219,293.10809326171875,292.8634033203125,290.03729248046875,286.0933837890625,281.62841796875,277.63238525390625,279.5814208984375,276.57269287109375,271.2106018066406,266.0966796875,260.21630859375,252.88619995117188,245.8892059326172,236.75320434570312,226.5688018798828,214.28660583496094,208.75039672851562,204.33529663085938,207.53590393066406,221.68499755859375,1000.0,975.0,950.0,925.0,900.0,850.0,800.0,750.0,700.0,650.0,600.0,550.0,500.0,450.0,400.0,350.0,300.0,250.0,200.0,150.0,100.0,50.0,20.0,162.491455078125,382.1329040527344,605.5328369140625,834.8447875976562,1070.279541015625,1561.3330078125,2075.630859375,2613.427978515625,3179.404052734375,3785.306884765625,4437.9052734375,5135.7978515625,5885.53076171875,6698.23291015625,7582.36376953125,8558.5859375,9646.64453125,10883.728515625,12321.509765625,14089.2900390625,16552.23046875,20702.630859375,26467.900390625
2024-06-04 18:00:00,303.2410426736802,1006.9867393660045,298.53662109375,296.35980224609375,294.1582946777344,291.92828369140625,290.4197998046875,290.3291015625,286.0982971191406,281.48828125,278.7131042480469,280.67327880859375,277.00482177734375,271.722412109375,266.5104064941406,259.993408203125,253.9169921875,246.32699584960938,237.40240478515625,226.40020751953125,214.82460021972656,207.12159729003906,204.201904296875,208.47900390625,221.24049377441406,1000.0,975.0,950.0,925.0,900.0,850.0,800.0,750.0,700.0,650.0,600.0,550.0,500.0,450.0,400.0,350.0,300.0,250.0,200.0,150.0,100.0,50.0,20.0,136.188720703125,357.40118408203125,584.3897705078125,813.314208984375,1048.3958740234375,1537.8890380859375,2052.7919921875,2591.34912109375,3158.3330078125,3766.30810546875,4420.8701171875,5119.791015625,5871.10009765625,6683.82177734375,7569.01806640625,8547.4931640625,9638.779296875,10876.90234375,12316.7001953125,14083.0,16541.9609375,20683.619140625,26455.55078125
2024-06-04 21:00:00,294.74245135967067,1005.998091905067,298.30938720703125,297.1260070800781,295.16119384765625,293.1712951660156,291.41058349609375,289.5451965332031,286.5552978515625,281.9197998046875,279.12451171875,280.6597900390625,277.4541015625,272.18768310546875,266.71258544921875,261.01361083984375,254.63018798828125,246.29110717773438,237.8455047607422,227.24969482421875,215.11700439453125,206.2689971923828,203.03480529785156,208.3936004638672,221.7864990234375,1000.0,975.0,950.0,925.0,900.0,850.0,800.0,750.0,700.0,650.0,600.0,550.0,500.0,450.0,400.0,350.0,300.0,250.0,200.0,150.0,100.0,50.0,20.0,130.60052490234375,353.127685546875,579.4595947265625,811.7587280273438,1046.2506103515625,1535.6400146484375,2049.5771484375,2588.343017578125,3155.68701171875,3764.5810546875,4419.85107421875,5120.0390625,5872.0,6686.4970703125,7576.2548828125,8555.0078125,9648.759765625,10889.361328125,12332.7099609375,14099.9501953125,16549.33984375,20691.4609375,26455.009765625
2024-06-05 00:00:00,290.87188335756974,1005.9686279296875,294.289306640625,295.6083984375,295.13970947265625,294.656494140625,293.896484375,290.779296875,286.2808837890625,282.15228271484375,278.9835205078125,279.9631042480469,277.4501953125,272.78369140625,266.93060302734375,261.4685974121094,254.52850341796875,246.64109802246094,237.22470092773438,226.8968048095703,215.2375030517578,207.15390014648438,203.25450134277344,208.1840057373047,221.21189880371094,1000.0,975.0,950.0,925.0,900.0,850.0,800.0,750.0,700.0,650.0,600.0,550.0,500.0,450.0,400.0,350.0,300.0,250.0,200.0,150.0,100.0,50.0,20.0,140.88577270507812,361.4024963378906,587.7166748046875,819.0015258789062,1056.4697265625,1548.8299560546875,2063.744140625,2602.47412109375,3170.7939453125,3777.513916015625,4431.736328125,5133.1611328125,5886.35009765625,6701.18115234375,7591.60693359375,8571.025390625,9663.0,10901.796875,12344.1201171875,14115.5400390625,16558.46875,20696.439453125,26466.470703125
2024-06-05 03:00:00,289.6935917297293,1008.2019743281251,292.7222900390625,295.5391845703125,295.8291931152344,294.59210205078125,293.33160400390625,289.46728515625,285.60540771484375,280.8466796875,279.3096008300781,280.34698486328125,277.84930419921875,273.1983947753906,267.19439697265625,261.7333068847656,254.4141845703125,246.22940063476562,237.26699829101562,226.98219299316406,215.25559997558594,206.8988037109375,204.0699005126953,208.6320037841797,221.2917938232422,1000.0,975.0,950.0,925.0,900.0,850.0,800.0,750.0,700.0,650.0,600.0,550.0,500.0,450.0,400.0,350.0,300.0,250.0,200.0,150.0,100.0,50.0,20.0,148.0601348876953,366.32427978515625,594.404541015625,825.4580078125,1062.667236328125,1553.5169677734375,2065.8759765625,2604.041015625,3170.7548828125,3777.992919921875,4433.263671875,5135.7060546875,5890.06298828125,6705.7919921875,7596.4580078125,8575.3046875,9666.115234375,10904.6162109375,12348.830078125,14117.5,16555.890625,20689.880859375,26461.55078125
2024-06-05 06:00:00,290.10372607031246,1006.4329833984375,292.96551513671875,296.03521728515625,296.3280944824219,295.09808349609375,293.34100341796875,289.23681640625,285.377685546875,281.2606201171875,280.60137939453125,280.7467956542969,278.01019287109375,273.35089111328125,267.19598388671875,261.12298583984375,254.17230224609375,245.89259338378906,237.1613006591797,226.73489379882812,215.14239501953125,207.0778045654297,204.06610107421875,209.54010009765625,221.34979248046875,1000.0,975.0,950.0,925.0,900.0,850.0,800.0,750.0,700.0,650.0,600.0,550.0,500.0,450.0,400.0,350.0,300.0,250.0,200.0,150.0,100.0,50.0,20.0,139.54835510253906,359.2476806640625,586.7515869140625,818.22021484375,1055.8297119140625,1545.4429931640625,2057.491943359375,2595.287109375,3163.548095703125,3773.76904296875,4429.22607421875,5131.39794921875,5885.81982421875,6701.75,7590.12109375,8567.052734375,9656.5341796875,10895.01171875,12337.48046875,14113.169921875,16549.009765625,20684.5390625,26447.529296875
2024-06-05 09:00:00,290.0020403668917,1007.035888671875,292.57440185546875,294.6605224609375,295.4652099609375,294.756103515625,293.26129150390625,289.68780517578125,285.23779296875,281.51898193359375,280.64959716796875,280.27569580078125,277.94439697265625,273.2171936035156,267.4866027832031,261.35101318359375,253.56549072265625,245.82049560546875,236.92799377441406,226.28939819335938,215.28070068359375,208.32980346679688,203.9517059326172,210.71600341796875,222.24490356445312,1000.0,975.0,950.0,925.0,900.0,850.0,800.0,750.0,700.0,650.0,600.0,550.0,500.0,450.0,400.0,350.0,300.0,250.0,200.0,150.0,100.0,50.0,20.0,139.46788024902344,357.0309143066406,584.3541259765625,815.5803833007812,1052.927490234375,1542.81201171875,2055.912109375,2592.510986328125,3161.2880859375,3770.60595703125,4425.296875,5128.625,5882.57080078125,6698.38916015625,7586.9912109375,8562.138671875,9652.4765625,10888.6171875,12328.1796875,14104.5595703125,16541.990234375,20677.9296875,26448.05078125
2024-06-05 12:00:00,294.1613526308593,1007.477703686317,293.28179931640625,295.6470947265625,296.22711181640625,295.297119140625,293.8226013183594,289.68768310546875,285.1726989746094,281.277587890625,279.4736022949219,280.17529296875,278.47509765625,273.2532958984375,268.2528076171875,260.88861083984375,253.99609375,245.95660400390625,236.85549926757812,226.62350463867188,214.82150268554688,207.0281982421875,203.19790649414062,210.58309936523438,220.36749267578125,1000.0,975.0,950.0,925.0,900.0,850.0,800.0,750.0,700.0,650.0,600.0,550.0,500.0,450.0,400.0,350.0,300.0,250.0,200.0,150.0,100.0,50.0,20.0,151.75030517578125,371.214599609375,596.3441162109375,828.2835083007812,1066.2423095703125,1556.0889892578125,2068.7158203125,2605.31689453125,3172.56201171875,3780.47900390625,4436.306640625,5139.18798828125,5895.49609375,6711.47802734375,7598.7919921875,8576.2021484375,9666.54296875,10902.384765625,12343.91015625,14115.48046875,16548.94140625,20682.509765625,26453.0390625
2024-06-05 15:00:00,303.14511348002503,1009.3893272566295,299.7412109375,297.61572265625,295.72119140625,295.2904052734375,294.345703125,290.23541259765625,285.6253967285156,281.3854064941406,279.3648986816406,280.2247009277344,279.17388916015625,273.2633972167969,267.2832946777344,260.9033203125,253.65521240234375,245.5718994140625,237.35670471191406,227.06480407714844,216.0803985595703,206.82159423828125,202.5637969970703,209.9582061767578,220.62879943847656,1000.0,975.0,950.0,925.0,900.0,850.0,800.0,750.0,700.0,650.0,600.0,550.0,500.0,450.0,400.0,350.0,300.0,250.0,200.0,150.0,100.0,50.0,20.0,149.9969024658203,371.39630126953125,598.4176025390625,830.2031860351562,1067.96484375,1558.2540283203125,2072.093994140625,2608.676025390625,3175.60888671875,3783.888916015625,4440.08203125,5144.37890625,5898.1640625,6713.92578125,7600.8349609375,8576.48046875,9666.4990234375,10905.697265625,12351.2099609375,14127.669921875,16555.30078125,20694.640625,26465.580078125
2024-06-05 18:00:00,305.33070081220416,1005.788863389442,303.3417053222656,300.95849609375,298.80499267578125,296.62298583984375,294.29351806640625,289.67181396484375,286.04638671875,282.044677734375,281.14111328125,281.236083984375,278.673583984375,273.6387023925781,267.4376220703125,261.0119934082031,253.83059692382812,245.810302734375,237.34800720214844,227.2657012939453,216.12440490722656,206.55279541015625,202.87969970703125,209.9669952392578,220.05999755859375,1000.0,975.0,950.0,925.0,900.0,850.0,800.0,750.0,700.0,650.0,600.0,550.0,500.0,450.0,400.0,350.0,300.0,250.0,200.0,150.0,100.0,50.0,20.0,117.71200561523438,341.93231201171875,571.7631225585938,805.39208984375,1043.034423828125,1533.0880126953125,2046.81396484375,2584.368896484375,3153.39208984375,3764.87109375,4421.7392578125,5125.6298828125,5880.52880859375,6696.31982421875,7583.453125,8559.8203125,9649.646484375,10889.794921875,12337.98046875,14113.3095703125,16533.94921875,20674.0,26451.58984375
2024-06-05 21:00:00,296.54068663852394,1003.4551481562501,300.43389892578125,301.5391845703125,299.37841796875,297.19378662109375,294.981689453125,290.47308349609375,285.5834045410156,282.1964111328125,283.1427001953125,282.59228515625,278.84130859375,273.81890869140625,267.658203125,261.2799987792969,253.86520385742188,245.76840209960938,237.74429321289062,227.6540069580078,216.4340057373047,205.50439453125,203.3489990234375,209.1905059814453,220.43240356445312,1000.0,975.0,950.0,925.0,900.0,850.0,800.0,750.0,700.0,650.0,600.0,550.0,500.0,450.0,400.0,350.0,300.0,250.0,200.0,150.0,100.0,50.0,20.0,111.35569763183594,334.5606994628906,565.4221801757812,798.090087890625,1036.780517578125,1529.02001953125,2043.0419921875,2580.008056640625,3151.572021484375,3766.80810546875,4425.14599609375,5128.87890625,5885.2587890625,6701.30712890625,7589.66015625,8565.662109375,9657.232421875,10899.25390625,12348.9501953125,14119.740234375,16543.490234375,20677.44921875,26461.509765625
2024-06-06 00:00:00,293.3341038867187,1006.0392296003795,297.1453857421875,300.5072021484375,299.843994140625,297.65509033203125,295.431884765625,290.79351806640625,285.9114074707031,282.5089111328125,284.20330810546875,282.7886962890625,278.8507080078125,273.9515075683594,267.78167724609375,261.352783203125,253.79440307617188,246.56309509277344,238.17750549316406,227.55020141601562,216.21969604492188,204.4311981201172,202.59390258789062,210.94419860839844,218.87649536132812,1000.0,975.0,950.0,925.0,900.0,850.0,800.0,750.0,700.0,650.0,600.0,550.0,500.0,450.0,400.0,350.0,300.0,250.0,200.0,150.0,100.0,50.0,20.0,122.28500366210938,345.84130859375,575.0446166992188,809.0653076171875,1048.133544921875,1541.135986328125,2053.95703125,2592.76904296875,3166.22705078125,3782.10693359375,4440.31591796875,5144.68310546875,5900.9091796875,6717.05615234375,7605.47021484375,8582.44921875,9675.98828125,10919.2685546875,12367.23046875,14134.490234375,16553.66015625,20684.01953125,26464.529296875
2024-06-06 03:00:00,292.29766774309013,1004.0088316160045,295.010009765625,298.114990234375,297.9517822265625,297.00830078125,295.0421142578125,290.64739990234375,285.88250732421875,282.1015930175781,284.66632080078125,282.9376220703125,278.77117919921875,273.90631103515625,268.02020263671875,261.1201171875,253.7908935546875,246.36129760742188,237.6479034423828,227.72999572753906,215.9691925048828,204.91929626464844,202.6020965576172,212.81680297851562,220.22669982910156,1000.0,975.0,950.0,925.0,900.0,850.0,800.0,750.0,700.0,650.0,600.0,550.0,500.0,450.0,400.0,350.0,300.0,250.0,200.0,150.0,100.0,50.0,20.0,129.5012969970703,351.31170654296875,578.799072265625,812.1077270507812,1050.451171875,1543.0479736328125,2056.47509765625,2593.945068359375,3168.087890625,3784.654052734375,4443.3662109375,5147.6611328125,5903.77978515625,6720.3759765625,7608.26416015625,8586.107421875,9678.9296875,10919.51171875,12367.0595703125,14131.1298828125,16555.03125,20691.900390625,26454.080078125
2024-06-06 06:00:00,290.80319389092074,1004.79248046875,293.06732177734375,296.67071533203125,297.252685546875,296.05621337890625,294.3283996582031,290.16888427734375,285.52288818359375,283.3544006347656,285.1618957519531,283.1068115234375,278.8966979980469,274.2327880859375,268.19219970703125,261.359619140625,253.8656005859375,246.42359924316406,237.722900390625,227.63150024414062,216.08279418945312,204.54750061035156,202.60800170898438,211.7415008544922,221.50360107421875,1000.0,975.0,950.0,925.0,900.0,850.0,800.0,750.0,700.0,650.0,600.0,550.0,500.0,450.0,400.0,350.0,300.0,250.0,200.0,150.0,100.0,50.0,20.0,122.84210205078125,342.4294128417969,569.72314453125,802.8442993164062,1041.015625,1531.35302734375,2044.60009765625,2582.967041015625,3158.1259765625,3775.757080078125,4434.453125,5139.5078125,5896.48876953125,6713.412109375,7601.4580078125,8579.466796875,9671.85546875,10913.4912109375,12362.7001953125,14126.66015625,16544.990234375,20683.25,26452.5390625
2024-06-06 09:00:00,289.9275499516155,1003.788982983192,292.081298828125,296.1759033203125,297.009521484375,296.0526123046875,294.08258056640625,289.7904052734375,285.889404296875,283.96112060546875,284.6387023925781,283.09442138671875,278.9320068359375,274.0068054199219,268.05230712890625,261.29669189453125,254.1514892578125,246.41830444335938,237.52090454101562,227.6259002685547,216.33689880371094,204.8654022216797,202.20550537109375,210.96670532226562,222.38490295410156,1000.0,975.0,950.0,925.0,900.0,850.0,800.0,750.0,700.0,650.0,600.0,550.0,500.0,450.0,400.0,350.0,300.0,250.0,200.0,150.0,100.0,50.0,20.0,122.07820129394531,342.0611877441406,568.727783203125,801.2567138671875,1038.8359375,1529.008056640625,2042.125,2581.4169921875,3156.544921875,3772.93994140625,4431.513671875,5136.2099609375,5892.84521484375,6709.47705078125,7598.64111328125,8576.232421875,9668.8046875,10909.8291015625,12359.0,14128.83984375,16534.0703125,20680.4609375,26448.2890625
2024-06-06 12:00:00,293.4601999609375,1008.970748155067,292.55767822265625,295.90179443359375,296.7218017578125,295.76177978515625,293.90679931640625,289.9818115234375,285.8117980957031,283.1242980957031,284.78179931640625,282.83880615234375,278.78179931640625,274.09149169921875,268.12738037109375,261.14178466796875,253.87600708007812,246.07730102539062,237.764892578125,227.6739044189453,216.0377960205078,205.45700073242188,201.56759643554688,209.46060180664062,221.5883026123047,1000.0,975.0,950.0,925.0,900.0,850.0,800.0,750.0,700.0,650.0,600.0,550.0,500.0,450.0,400.0,350.0,300.0,250.0,200.0,150.0,100.0,50.0,20.0,141.13900756835938,360.035400390625,586.6341552734375,819.0963745117188,1056.640869140625,1547.81298828125,2060.0439453125,2598.529052734375,3173.989013671875,3790.200927734375,4448.50390625,5152.98193359375,5909.9990234375,6726.578125,7614.634765625,8591.69921875,9683.291015625,10926.765625,12375.2802734375,14143.0400390625,16552.3203125,20684.009765625,26465.529296875
2024-06-06 15:00:00,302.91030555018966,1008.458541123817,299.13677978515625,296.986083984375,295.3020935058594,295.8460998535156,294.1221008300781,290.06732177734375,285.7781982421875,283.344482421875,284.1257019042969,282.26220703125,278.544677734375,274.08270263671875,268.392578125,261.61077880859375,254.01400756835938,246.389404296875,238.22340393066406,227.76629638671875,216.34109497070312,205.89959716796875,200.20730590820312,210.8592987060547,219.08859252929688,1000.0,975.0,950.0,925.0,900.0,850.0,800.0,750.0,700.0,650.0,600.0,550.0,500.0,450.0,400.0,350.0,300.0,250.0,200.0,150.0,100.0,50.0,20.0,145.14959716796875,366.90679931640625,593.3787841796875,825.719482421875,1063.138916015625,1554.041015625,2066.989990234375,2606.19091796875,3180.327880859375,3795.27197265625,4452.78515625,5156.85693359375,5914.22216796875,6731.578125,7620.82421875,8598.98828125,9692.056640625,10934.755859375,12385.2099609375,14156.6904296875,16566.12890625,20691.630859375,26476.669921875
2024-06-06 18:00:00,305.1820378101032,1002.906658764442,302.64971923828125,300.49700927734375,298.3170166015625,296.10699462890625,293.74859619140625,289.5736083984375,286.2720031738281,283.7120056152344,284.11639404296875,282.9169921875,278.947998046875,274.39898681640625,268.5036926269531,261.3417053222656,254.2373046875,246.78970336914062,238.1802978515625,227.98500061035156,216.3903045654297,205.94830322265625,200.0926971435547,211.19500732421875,217.01539611816406,1000.0,975.0,950.0,925.0,900.0,850.0,800.0,750.0,700.0,650.0,600.0,550.0,500.0,450.0,400.0,350.0,300.0,250.0,200.0,150.0,100.0,50.0,20.0,120.9420166015625,344.90289306640625,574.57421875,808.1124877929688,1045.73974609375,1536.06396484375,2049.4541015625,2588.116943359375,3162.756103515625,3778.591064453125,4437.31298828125,5141.87109375,5900.18896484375,6717.5439453125,7606.373046875,8586.126953125,9679.791015625,10923.8369140625,12374.4501953125,14147.4296875,16554.69921875,20685.23046875,26445.560546875
2024-06-06 21:00:00,296.2479196875,1002.4331480222545,299.86322021484375,300.71771240234375,299.039306640625,297.08770751953125,294.8576965332031,290.44268798828125,285.77581787109375,284.4757995605469,284.8840026855469,282.65411376953125,279.0941162109375,274.57000732421875,268.5587158203125,261.31988525390625,254.61599731445312,247.0290985107422,238.0137939453125,227.96609497070312,216.77040100097656,206.75999450683594,200.10670471191406,210.29989624023438,219.2570037841797,1000.0,975.0,950.0,925.0,900.0,850.0,800.0,750.0,700.0,650.0,600.0,550.0,500.0,450.0,400.0,350.0,300.0,250.0,200.0,150.0,100.0,50.0,20.0,119.14230346679688,342.52099609375,571.6043090820312,806.534423828125,1043.53857421875,1536.5980224609375,2049.634033203125,2588.89501953125,3165.054931640625,3780.84912109375,4439.1689453125,5144.22119140625,5902.578125,6720.1689453125,7609.3251953125,8589.763671875,9684.529296875,10927.08203125,12379.2197265625,14157.7998046875,16566.0,20687.150390625,26426.880859375
2024-06-07 00:00:00,294.08404966601563,1004.5369352656251,296.8211975097656,299.9210205078125,299.001220703125,297.5509948730469,295.5711975097656,291.031005859375,286.12359619140625,284.0723876953125,285.6121826171875,283.21209716796875,279.57220458984375,274.8569030761719,268.865478515625,261.66339111328125,254.50091552734375,246.7406005859375,237.8262939453125,227.9199981689453,216.89199829101562,206.6112060546875,199.7545928955078,210.160400390625,220.72059631347656,1000.0,975.0,950.0,925.0,900.0,850.0,800.0,750.0,700.0,650.0,600.0,550.0,500.0,450.0,400.0,350.0,300.0,250.0,200.0,150.0,100.0,50.0,20.0,129.0963134765625,351.260498046875,581.1146850585938,814.8244018554688,1053.61376953125,1546.18701171875,2060.73193359375,2599.4580078125,3177.06005859375,3794.361083984375,4453.951171875,5160.52685546875,5919.2919921875,6737.65576171875,7627.31494140625,8607.404296875,9700.572265625,10943.43359375,12395.080078125,14173.0,16582.349609375,20695.33984375,26451.91015625
2024-06-07 03:00:00,292.0618870898437,1004.568035717567,294.8554992675781,298.93548583984375,299.2539978027344,297.79400634765625,295.9281005859375,291.4910888671875,286.67462158203125,283.9772033691406,285.2456970214844,283.0341796875,279.34710693359375,274.7167053222656,268.8629150390625,261.79559326171875,254.38079833984375,246.66200256347656,237.74420166015625,227.82749938964844,217.8385009765625,207.31460571289062,199.30499267578125,210.28729248046875,221.24560546875,1000.0,975.0,950.0,925.0,900.0,850.0,800.0,750.0,700.0,650.0,600.0,550.0,500.0,450.0,400.0,350.0,300.0,250.0,200.0,150.0,100.0,50.0,20.0,133.01556396484375,354.8554992675781,583.4415893554688,816.9249877929688,1056.488525390625,1549.7879638671875,2065.23095703125,2605.070068359375,3180.998046875,3797.76806640625,4457.31103515625,5163.30712890625,5921.76708984375,6740.22021484375,7630.384765625,8609.6279296875,9702.978515625,10944.3583984375,12400.01953125,14185.990234375,16589.98046875,20695.01953125,26451.98046875
2024-06-07 06:00:00,290.4436532932645,1004.087566967567,293.28070068359375,297.6224060058594,298.1925048828125,296.98931884765625,295.38427734375,291.20098876953125,286.2778015136719,284.4591979980469,284.9960021972656,282.845703125,279.2355041503906,274.35198974609375,268.5715026855469,261.38751220703125,254.14990234375,246.59129333496094,237.8699951171875,227.9636993408203,218.0489959716797,207.0579071044922,199.81309509277344,210.21209716796875,222.3936004638672,1000.0,975.0,950.0,925.0,900.0,850.0,800.0,750.0,700.0,650.0,600.0,550.0,500.0,450.0,400.0,350.0,300.0,250.0,200.0,150.0,100.0,50.0,20.0,134.12408447265625,355.1877136230469,582.9478759765625,815.5999145507812,1054.344482421875,1546.8900146484375,2061.505859375,2601.4208984375,3177.81005859375,3793.764892578125,4452.8427734375,5158.14501953125,5915.97314453125,6733.4580078125,7622.501953125,8600.7421875,9694.330078125,10936.8115234375,12393.25,14178.2197265625,16585.890625,20687.259765625,26452.140625
2024-06-07 09:00:00,289.88014308803844,1004.170330639442,292.36651611328125,296.9642028808594,298.0341796875,297.0797119140625,295.234619140625,290.8197021484375,286.65740966796875,284.352783203125,284.1506042480469,282.87548828125,279.3905944824219,274.55029296875,268.42828369140625,261.47998046875,254.16790771484375,246.7194061279297,237.72779846191406,228.39840698242188,217.76400756835938,207.3426971435547,199.88999938964844,209.32640075683594,221.52059936523438,1000.0,975.0,950.0,925.0,900.0,850.0,800.0,750.0,700.0,650.0,600.0,550.0,500.0,450.0,400.0,350.0,300.0,250.0,200.0,150.0,100.0,50.0,20.0,134.08428955078125,353.27679443359375,581.1700439453125,813.9215698242188,1052.7216796875,1545.366943359375,2058.988037109375,2599.785888671875,3173.455078125,3789.416015625,4448.6220703125,5153.73193359375,5912.36279296875,6729.8662109375,7618.01318359375,8597.671875,9690.4677734375,10933.9599609375,12390.4697265625,14175.009765625,16585.080078125,20668.490234375,26444.98046875
2024-06-07 12:00:00,293.46991949999995,1010.013716905067,292.8336181640625,296.69970703125,297.5341796875,296.60418701171875,294.7672119140625,290.7579040527344,286.6224060058594,284.10040283203125,285.055419921875,282.9010009765625,279.32537841796875,274.3294982910156,268.29248046875,261.3601989746094,254.2705078125,246.90109252929688,238.02670288085938,228.935302734375,218.01409912109375,207.52040100097656,199.86050415039062,210.2761993408203,221.82179260253906,1000.0,975.0,950.0,925.0,900.0,850.0,800.0,750.0,700.0,650.0,600.0,550.0,500.0,450.0,400.0,350.0,300.0,250.0,200.0,150.0,100.0,50.0,20.0,150.0745849609375,369.20660400390625,596.9976806640625,829.6057739257812,1067.2169189453125,1559.3280029296875,2073.197021484375,2613.0048828125,3188.39501953125,3805.409912109375,4464.587890625,5169.9091796875,5926.7939453125,6743.5361328125,7632.712890625,8612.146484375,9705.388671875,10952.0107421875,12411.4501953125,14200.23046875,16609.19921875,20687.380859375,26458.0703125
2024-06-07 15:00:00,304.07675836088447,1007.4712614375001,299.8132019042969,297.6925048828125,296.0332946777344,296.36248779296875,294.7828063964844,290.67779541015625,286.44281005859375,283.831787109375,284.436279296875,282.6109924316406,279.2003173828125,274.285888671875,268.4544982910156,261.74871826171875,254.69329833984375,246.86749267578125,238.56170654296875,229.423095703125,219.95140075683594,205.64840698242188,198.36749267578125,210.3834991455078,220.11610412597656,1000.0,975.0,950.0,925.0,900.0,850.0,800.0,750.0,700.0,650.0,600.0,550.0,500.0,450.0,400.0,350.0,300.0,250.0,200.0,150.0,100.0,50.0,20.0,153.65679931640625,376.1116943359375,603.1887817382812,836.0336303710938,1073.8734130859375,1565.2640380859375,2079.2470703125,2618.9580078125,3194.0419921875,3809.471923828125,4468.2109375,5172.76904296875,5930.9130859375,6748.0849609375,7638.2119140625,8618.484375,9713.013671875,10962.4677734375,12428.4501953125,14219.6796875,16615.23046875,20700.509765625,26459.91015625
2024-06-07 18:00:00,306.09661910893135,1004.8111051875001,303.58831787109375,301.21832275390625,299.069091796875,296.65911865234375,294.4691162109375,289.87481689453125,286.9097900390625,284.4398193359375,284.5697937011719,283.37420654296875,279.33990478515625,274.2294006347656,268.375,261.65118408203125,254.70669555664062,247.0552978515625,238.86399841308594,229.38319396972656,220.75230407714844,205.1707000732422,198.39089965820312,210.1278076171875,218.40679931640625,1000.0,975.0,950.0,925.0,900.0,850.0,800.0,750.0,700.0,650.0,600.0,550.0,500.0,450.0,400.0,350.0,300.0,250.0,200.0,150.0,100.0,50.0,20.0,128.6510009765625,353.818603515625,583.5911254882812,817.0972290039062,1055.5634765625,1547.135009765625,2061.14208984375,2601.7451171875,3176.531982421875,3793.297119140625,4452.93896484375,5157.65380859375,5914.912109375,6732.990234375,7622.98486328125,8603.595703125,9699.4990234375,10949.6650390625,12422.0498046875,14212.1201171875,16600.0,20685.25,26433.4609375
2024-06-07 21:00:00,297.0406081505385,1003.432537670692,300.4873046875,301.38580322265625,299.75592041015625,297.84588623046875,295.6643981933594,291.22320556640625,286.41290283203125,284.972900390625,285.63031005859375,283.4088134765625,279.26708984375,274.0657958984375,268.3201904296875,261.5068054199219,254.64459228515625,246.97360229492188,239.10020446777344,230.08909606933594,219.5854034423828,206.1136932373047,199.1024932861328,209.98890686035156,218.8583984375,1000.0,975.0,950.0,925.0,900.0,850.0,800.0,750.0,700.0,650.0,600.0,550.0,500.0,450.0,400.0,350.0,300.0,250.0,200.0,150.0,100.0,50.0,20.0,122.31268310546875,346.74639892578125,576.7357177734375,811.4317016601562,1050.038330078125,1543.781005859375,2057.77197265625,2598.14306640625,3174.97509765625,3792.85400390625,4452.4619140625,5157.72412109375,5913.783203125,6731.83984375,7620.7529296875,8601.0771484375,9697.103515625,10948.7568359375,12422.8798828125,14215.919921875,16603.169921875,20689.369140625,26414.9609375
2024-06-08 00:00:00,294.3856101226033,1004.5471616941295,297.1669006347656,300.29998779296875,299.15692138671875,297.9801025390625,296.04010009765625,291.5700988769531,286.72320556640625,285.4931945800781,287.36322021484375,284.201416015625,279.8507995605469,274.33477783203125,268.335205078125,261.2835998535156,254.438720703125,246.6407012939453,238.5908966064453,230.55299377441406,219.18919372558594,205.9416046142578,199.1569061279297,208.7218017578125,221.68429565429688,1000.0,975.0,950.0,925.0,900.0,850.0,800.0,750.0,700.0,650.0,600.0,550.0,500.0,450.0,400.0,350.0,300.0,250.0,200.0,150.0,100.0,50.0,20.0,129.43359375,352.0329895019531,581.2352294921875,815.1998291015625,1055.120361328125,1548.637939453125,2063.64404296875,2604.284912109375,3184.69091796875,3805.2060546875,4466.0283203125,5172.14306640625,5929.8271484375,6745.7919921875,7635.1298828125,8614.19921875,9708.1982421875,10959.8876953125,12431.6904296875,14224.490234375,16607.69140625,20695.44921875,26445.9609375
2024-06-08 03:00:00,292.3956864211203,1004.8965269285045,295.07708740234375,298.6965026855469,299.0469970703125,297.7514953613281,295.92327880859375,291.318603515625,286.71832275390625,285.85040283203125,287.581787109375,284.14862060546875,279.50701904296875,274.102783203125,268.1401062011719,261.25750732421875,254.264404296875,246.35040283203125,238.39939880371094,231.0850067138672,218.59730529785156,206.08779907226562,199.57290649414062,210.00999450683594,220.60940551757812,1000.0,975.0,950.0,925.0,900.0,850.0,800.0,750.0,700.0,650.0,600.0,550.0,500.0,450.0,400.0,350.0,300.0,250.0,200.0,150.0,100.0,50.0,20.0,133.7528076171875,355.0295104980469,583.9036865234375,817.5684204101562,1057.199951171875,1550.18896484375,2064.744140625,2606.02294921875,3186.64892578125,3807.470947265625,4468.3857421875,5173.65185546875,5930.10498046875,6746.26220703125,7635.5029296875,8613.931640625,9706.49609375,10959.3974609375,12428.9599609375,14222.3203125,16605.330078125,20703.029296875,26445.0
2024-06-08 06:00:00,291.1891092442885,1006.315185546875,293.7412109375,297.3609924316406,297.9580993652344,297.0281066894531,295.3280944824219,291.08441162109375,286.47491455078125,285.606689453125,286.95611572265625,283.7864990234375,279.2764892578125,273.80780029296875,267.82989501953125,261.3992004394531,254.18350219726562,246.31919860839844,239.060302734375,231.5247039794922,218.9613037109375,206.19729614257812,200.53399658203125,208.04049682617188,221.06419372558594,1000.0,975.0,950.0,925.0,900.0,850.0,800.0,750.0,700.0,650.0,600.0,550.0,500.0,450.0,400.0,350.0,300.0,250.0,200.0,150.0,100.0,50.0,20.0,132.3634033203125,353.1275939941406,580.51611328125,813.680908203125,1052.843505859375,1545.9139404296875,2060.60205078125,2601.075927734375,3180.9609375,3800.56103515625,4460.35107421875,5164.90087890625,5921.00390625,6737.24609375,7626.4111328125,8603.990234375,9697.966796875,10955.4990234375,12425.2197265625,14218.009765625,16607.0,20689.869140625,26434.279296875
2024-06-08 09:00:00,290.4280195393582,1005.4524626093751,292.61138916015625,296.49139404296875,297.8594970703125,297.076416015625,295.25958251953125,290.9326171875,287.35821533203125,286.03131103515625,287.1734924316406,284.1311950683594,279.4602966308594,273.85400390625,267.81500244140625,261.59039306640625,253.96499633789062,246.4918975830078,239.76980590820312,231.76210021972656,218.7626953125,206.4073028564453,198.1051025390625,209.13180541992188,221.07249450683594,1000.0,975.0,950.0,925.0,900.0,850.0,800.0,750.0,700.0,650.0,600.0,550.0,500.0,450.0,400.0,350.0,300.0,250.0,200.0,150.0,100.0,50.0,20.0,124.4287109375,343.6944885253906,570.5189208984375,805.0712280273438,1043.559326171875,1535.1099853515625,2051.01611328125,2593.39794921875,3172.85693359375,3793.472900390625,4453.64111328125,5158.43798828125,5914.13623046875,6731.26513671875,7619.796875,8597.93359375,9693.998046875,10955.080078125,12424.759765625,14221.740234375,16607.66015625,20673.48046875,26430.55078125
2024-06-08 12:00:00,295.45424472236044,1006.4549040156251,294.38739013671875,296.01861572265625,297.63470458984375,296.84228515625,295.02471923828125,290.6896057128906,286.984619140625,286.6422119140625,287.40087890625,283.9501953125,279.14300537109375,274.0120849609375,268.0025939941406,261.7149963378906,254.1510009765625,246.71839904785156,242.38409423828125,231.48719787597656,219.1519012451172,206.75059509277344,197.89920043945312,209.78619384765625,219.73309326171875,1000.0,975.0,950.0,925.0,900.0,850.0,800.0,750.0,700.0,650.0,600.0,550.0,500.0,450.0,400.0,350.0,300.0,250.0,200.0,150.0,100.0,50.0,20.0,137.12640380859375,356.9599914550781,583.3767700195312,816.5313720703125,1055.6439208984375,1547.470947265625,2062.708984375,2604.506103515625,3185.43701171875,3805.534912109375,4465.701171875,5170.384765625,5926.22607421875,6743.61376953125,7632.7421875,8611.767578125,9712.2587890625,10978.9169921875,12447.580078125,14247.75,16623.3203125,20684.849609375,26445.060546875
2024-06-08 15:00:00,305.83968547836776,1004.307293530067,302.4337158203125,300.06707763671875,297.926513671875,295.76708984375,293.82708740234375,290.86920166015625,287.0413818359375,287.8314208984375,287.2235107421875,284.0592041015625,279.4013977050781,273.91741943359375,268.05511474609375,261.6799011230469,254.3389892578125,246.76499938964844,243.51519775390625,231.48129272460938,219.88600158691406,206.86749267578125,196.2418975830078,208.78289794921875,219.6678924560547,1000.0,975.0,950.0,925.0,900.0,850.0,800.0,750.0,700.0,650.0,600.0,550.0,500.0,450.0,400.0,350.0,300.0,250.0,200.0,150.0,100.0,50.0,20.0,129.72848510742188,354.2123107910156,582.2952880859375,815.0991821289062,1052.83203125,1544.9150390625,2059.369140625,2603.33203125,3184.905029296875,3805.132080078125,4465.8818359375,5170.40380859375,5926.751953125,6744.01220703125,7633.52783203125,8612.2587890625,9717.939453125,10985.5087890625,12454.1904296875,14257.25,16624.990234375,20695.44921875,26452.08984375
2024-06-08 18:00:00,307.46650659345426,1001.97119140625,305.8660888671875,303.2460021972656,301.10601806640625,298.6890869140625,296.5,291.78131103515625,286.8204040527344,287.60040283203125,287.10809326171875,284.2974853515625,279.5339050292969,273.8865051269531,268.248291015625,261.7703857421875,254.6173095703125,247.8220977783203,243.70089721679688,231.35890197753906,220.2758026123047,207.16180419921875,195.70730590820312,210.42959594726562,219.6719970703125,1000.0,975.0,950.0,925.0,900.0,850.0,800.0,750.0,700.0,650.0,600.0,550.0,500.0,450.0,400.0,350.0,300.0,250.0,200.0,150.0,100.0,50.0,20.0,94.414794921875,320.410400390625,552.0023193359375,787.32861328125,1026.599365234375,1520.7900390625,2037.39697265625,2579.589111328125,3160.94189453125,3781.654052734375,4442.35302734375,5147.4150390625,5903.80712890625,6721.47216796875,7611.3701171875,8592.49609375,9702.7587890625,10970.1181640625,12439.5,14241.23046875,16604.19921875,20681.41015625,26425.029296875
2024-06-08 21:00:00,301.4046005679156,998.0371519285045,301.76519775390625,303.89691162109375,302.00689697265625,299.8369140625,297.52191162109375,292.8114929199219,287.8547058105469,288.51348876953125,288.51800537109375,284.9525146484375,279.7760009765625,274.10760498046875,268.2810974121094,262.177490234375,254.4578857421875,247.93069458007812,243.62559509277344,231.47140502929688,220.51499938964844,206.87030029296875,196.4871063232422,210.4250946044922,219.32200622558594,1000.0,975.0,950.0,925.0,900.0,850.0,800.0,750.0,700.0,650.0,600.0,550.0,500.0,450.0,400.0,350.0,300.0,250.0,200.0,150.0,100.0,50.0,20.0,80.49911499023438,306.4179992675781,537.9227294921875,774.17138671875,1014.3651123046875,1510.4000244140625,2028.844970703125,2572.847900390625,3157.027099609375,3779.802001953125,4441.615234375,5146.9921875,5903.69189453125,6721.76806640625,7612.97412109375,8593.4619140625,9702.9501953125,10971.4921875,12441.41015625,14242.2998046875,16605.009765625,20683.0390625,26422.4609375
2024-06-09 00:00:00,299.6027352877009,999.004803295692,301.735107421875,301.36077880859375,299.9608154296875,298.53570556640625,296.845703125,292.8621826171875,288.3914794921875,292.287109375,289.90789794921875,285.30810546875,279.9381103515625,274.4039001464844,268.6328125,261.96868896484375,254.1676025390625,247.62730407714844,243.43060302734375,231.5467987060547,219.8175048828125,206.9842987060547,195.7342987060547,210.6031951904297,220.42970275878906,1000.0,975.0,950.0,925.0,900.0,850.0,800.0,750.0,700.0,650.0,600.0,550.0,500.0,450.0,400.0,350.0,300.0,250.0,200.0,150.0,100.0,50.0,20.0,83.33819580078125,308.15179443359375,538.584716796875,772.7625732421875,1012.922119140625,1508.9329833984375,2027.453125,2576.64990234375,3165.14208984375,3789.763916015625,4451.611328125,5158.06298828125,5915.10205078125,6734.2138671875,7622.86083984375,8603.150390625,9709.9169921875,10977.7255859375,12448.8095703125,14245.7001953125,16603.5,20681.5,26408.0
2024-06-09 03:00:00,299.75616016030415,999.327801342567,300.28961181640625,299.91949462890625,299.52947998046875,298.8494873046875,296.660888671875,292.3074035644531,290.8388977050781,292.4888000488281,289.7252197265625,284.92559814453125,279.56170654296875,274.247802734375,268.5823974609375,261.776611328125,254.119384765625,247.53109741210938,243.14320373535156,231.7082061767578,220.3809051513672,205.92120361328125,197.92840576171875,210.3784942626953,219.93890380859375,1000.0,975.0,950.0,925.0,900.0,850.0,800.0,750.0,700.0,650.0,600.0,550.0,500.0,450.0,400.0,350.0,300.0,250.0,200.0,150.0,100.0,50.0,20.0,81.40280151367188,305.06890869140625,534.3602294921875,769.406005859375,1009.4041748046875,1504.114013671875,2022.30517578125,2575.180908203125,3163.802001953125,3787.635009765625,4449.09375,5154.4501953125,5912.11279296875,6730.494140625,7619.52197265625,8598.998046875,9705.896484375,10974.8115234375,12444.98046875,14240.3896484375,16594.7109375,20676.349609375,26411.48046875
2024-06-09 06:00:00,300.4235839573271,1000.9498291015625,300.49591064453125,299.62689208984375,297.97821044921875,297.0581970214844,296.11688232421875,292.27191162109375,291.93231201171875,292.7039794921875,289.5740051269531,284.85858154296875,279.6831970214844,274.5986022949219,268.65771484375,261.5718994140625,253.6514892578125,247.3690948486328,243.36849975585938,231.80960083007812,220.23199462890625,205.83909606933594,199.97869873046875,210.72300720214844,220.3179931640625,1000.0,975.0,950.0,925.0,900.0,850.0,800.0,750.0,700.0,650.0,600.0,550.0,500.0,450.0,400.0,350.0,300.0,250.0,200.0,150.0,100.0,50.0,20.0,74.22329711914062,296.6886901855469,524.7385864257812,758.551025390625,998.3214111328125,1492.5460205078125,2011.239990234375,2565.56689453125,3153.623046875,3776.946044921875,4438.64306640625,5144.3291015625,5902.31884765625,6720.61279296875,7607.9560546875,8588.2529296875,9692.109375,10959.9833984375,12434.4599609375,14228.4501953125,16585.98046875,20667.880859375,26399.66015625
2024-06-09 09:00:00,297.9443171643582,997.445965405067,298.19818115234375,297.5816955566406,296.6929016113281,296.1575012207031,295.2100830078125,291.99969482421875,293.04681396484375,293.33038330078125,289.961181640625,284.78619384765625,279.78961181640625,274.771484375,268.42401123046875,261.34710693359375,253.252685546875,247.4593048095703,242.66209411621094,231.90480041503906,219.77969360351562,205.8625946044922,198.26559448242188,208.7093963623047,219.9615020751953,1000.0,975.0,950.0,925.0,900.0,850.0,800.0,750.0,700.0,650.0,600.0,550.0,500.0,450.0,400.0,350.0,300.0,250.0,200.0,150.0,100.0,50.0,20.0,67.6488037109375,289.5216979980469,516.97607421875,748.177978515625,987.31591796875,1480.22900390625,2000.553955078125,2555.449951171875,3145.488037109375,3768.72509765625,4430.2783203125,5136.546875,5894.50390625,6711.90478515625,7599.294921875,8576.107421875,9682.05078125,10950.037109375,12421.25,14216.48046875,16573.55078125,20654.080078125,26398.05078125
2024-06-09 12:00:00,296.9266617641155,1002.933638780067,297.235107421875,296.111083984375,296.21209716796875,295.66229248046875,294.5783996582031,291.46820068359375,290.98321533203125,292.86920166015625,289.5994873046875,284.70758056640625,279.981201171875,274.6033935546875,268.2222900390625,261.0216979980469,253.18499755859375,247.31190490722656,241.74099731445312,231.61239624023438,219.97450256347656,205.0458984375,199.98109436035156,209.13330078125,218.25100708007812,1000.0,975.0,950.0,925.0,900.0,850.0,800.0,750.0,700.0,650.0,600.0,550.0,500.0,450.0,400.0,350.0,300.0,250.0,200.0,150.0,100.0,50.0,20.0,88.75338745117188,308.3268127441406,535.503173828125,768.4752807617188,1005.41845703125,1498.071044921875,2016.321044921875,2568.325927734375,3157.720947265625,3781.032958984375,4442.7646484375,5149.078125,5906.3701171875,6722.63818359375,7609.16796875,8587.5400390625,9690.4091796875,10954.2509765625,12426.009765625,14217.9296875,16571.009765625,20656.48046875,26406.109375
2024-06-09 15:00:00,305.3872848451116,1000.8587126093751,303.85968017578125,300.9873046875,298.8433837890625,296.67138671875,294.35638427734375,289.75921630859375,289.41650390625,291.93438720703125,289.05218505859375,284.52252197265625,279.6072998046875,274.38031005859375,268.32989501953125,261.27020263671875,253.74349975585938,247.5001983642578,241.67990112304688,231.14559936523438,219.49229431152344,204.88839721679688,200.94509887695312,210.722900390625,217.16490173339844,1000.0,975.0,950.0,925.0,900.0,850.0,800.0,750.0,700.0,650.0,600.0,550.0,500.0,450.0,400.0,350.0,300.0,250.0,200.0,150.0,100.0,50.0,20.0,84.23870849609375,310.77801513671875,538.9260864257812,772.8115234375,1011.677001953125,1502.06201171875,2016.951171875,2567.466064453125,3155.2451171875,3777.97705078125,4438.7490234375,5144.3662109375,5901.5078125,6718.6298828125,7606.22900390625,8585.47265625,9688.904296875,10951.4541015625,12420.8798828125,14211.7001953125,16569.0,20665.0390625,26389.609375
2024-06-09 18:00:00,307.346542560399,997.0279020625001,306.4183044433594,303.76019287109375,301.3193054199219,298.85931396484375,296.6275939941406,291.8175964355469,288.5043029785156,292.42431640625,289.0693054199219,284.3909912109375,279.181884765625,273.662109375,268.1024169921875,261.3074035644531,253.444580078125,246.9232940673828,241.4237060546875,230.42129516601562,220.25430297851562,205.88400268554688,202.33509826660156,207.94639587402344,218.7384033203125,1000.0,975.0,950.0,925.0,900.0,850.0,800.0,750.0,700.0,650.0,600.0,550.0,500.0,450.0,400.0,350.0,300.0,250.0,200.0,150.0,100.0,50.0,20.0,51.455902099609375,278.1431884765625,508.5582275390625,744.880615234375,984.28564453125,1479.2530517578125,1995.35205078125,2546.840087890625,3134.404052734375,3757.074951171875,4417.7890625,5121.6669921875,5877.3779296875,6694.10205078125,7581.71484375,8558.0771484375,9660.6962890625,10919.36328125,12389.7900390625,14183.3603515625,16552.51953125,20645.5703125,26382.349609375
2024-06-09 21:00:00,303.1560118674832,997.2154020625001,304.2239074707031,304.0452880859375,302.09149169921875,300.11151123046875,297.85791015625,293.13330078125,288.52130126953125,291.41131591796875,288.627685546875,283.7576904296875,278.74798583984375,273.7781982421875,267.99810791015625,261.43280029296875,253.919921875,246.67349243164062,241.75230407714844,230.43130493164062,220.64109802246094,206.24940490722656,201.527099609375,209.07679748535156,217.8677978515625,1000.0,975.0,950.0,925.0,900.0,850.0,800.0,750.0,700.0,650.0,600.0,550.0,500.0,450.0,400.0,350.0,300.0,250.0,200.0,150.0,100.0,50.0,20.0,52.97637939453125,278.49371337890625,511.78118896484375,747.0452270507812,988.456298828125,1484.6390380859375,2003.262939453125,2551.614013671875,3138.4130859375,3759.39111328125,4418.5380859375,5122.5478515625,5878.84521484375,6695.26611328125,7583.89111328125,8560.796875,9663.0009765625,10923.3388671875,12397.7099609375,14191.6201171875,16565.69140625,20649.150390625,26386.640625
2024-06-10 00:00:00,299.2205023443721,998.0105406003795,299.06768798828125,303.12298583984375,301.909912109375,299.9230041503906,297.78662109375,293.4149169921875,288.7919921875,286.91058349609375,286.85888671875,282.6773986816406,277.94061279296875,273.3494873046875,268.1470031738281,261.6597900390625,254.14559936523438,247.3289031982422,242.64840698242188,230.69309997558594,221.16859436035156,205.6800994873047,200.61790466308594,209.2458953857422,216.75230407714844,1000.0,975.0,950.0,925.0,900.0,850.0,800.0,750.0,700.0,650.0,600.0,550.0,500.0,450.0,400.0,350.0,300.0,250.0,200.0,150.0,100.0,50.0,20.0,75.601318359375,300.2969970703125,530.7960815429688,767.2681274414062,1007.9376220703125,1504.718017578125,2023.052978515625,2568.26611328125,3149.090087890625,3767.65087890625,4424.43896484375,5126.51220703125,5882.53076171875,6699.2939453125,7588.73779296875,8567.779296875,9675.2900390625,10939.47265625,12414.4599609375,14210.3896484375,16590.009765625,20657.099609375,26375.91015625
2024-06-10 03:00:00,294.94284488701453,1002.3448936628795,296.1732177734375,301.23309326171875,301.01171875,299.773193359375,298.126708984375,293.6184997558594,288.9884033203125,285.71697998046875,285.413818359375,282.0036926269531,277.8865966796875,273.34991455078125,268.2548828125,261.71478271484375,254.31268310546875,247.10040283203125,241.6717987060547,231.1053009033203,221.3990936279297,205.2783966064453,199.80490112304688,210.14610290527344,218.01119995117188,1000.0,975.0,950.0,925.0,900.0,850.0,800.0,750.0,700.0,650.0,600.0,550.0,500.0,450.0,400.0,350.0,300.0,250.0,200.0,150.0,100.0,50.0,20.0,82.76861572265625,305.0972900390625,536.241455078125,771.3886108398438,1012.736328125,1509.9119873046875,2028.73388671875,2573.485107421875,3151.431884765625,3767.659912109375,4423.5546875,5125.72607421875,5881.27392578125,6699.10791015625,7588.759765625,8567.8349609375,9671.7001953125,10934.486328125,12410.4599609375,14206.3896484375,16586.19140625,20644.099609375,26376.8203125
2024-06-10 06:00:00,293.38162724683315,999.9678434687501,295.1741027832031,299.227783203125,300.50628662109375,299.259521484375,297.7294921875,293.59307861328125,288.95660400390625,285.54351806640625,285.35430908203125,282.04608154296875,277.5570983886719,272.70928955078125,267.8358154296875,261.78668212890625,254.8004150390625,247.98829650878906,241.0247039794922,230.62130737304688,221.67640686035156,205.49349975585938,198.54319763183594,210.7761993408203,218.48489379882812,1000.0,975.0,950.0,925.0,900.0,850.0,800.0,750.0,700.0,650.0,600.0,550.0,500.0,450.0,400.0,350.0,300.0,250.0,200.0,150.0,100.0,50.0,20.0,78.04800415039062,300.1250915527344,530.0316162109375,764.9486083984375,1005.0806884765625,1501.89501953125,2021.43896484375,2564.991943359375,3142.35595703125,3758.4609375,4413.96875,5114.76220703125,5869.44482421875,6686.26220703125,7577.20703125,8558.578125,9663.06640625,10922.849609375,12398.5400390625,14196.2197265625,16570.640625,20637.009765625,26374.4296875
2024-06-10 09:00:00,294.2413006607478,997.581463451942,295.9149169921875,296.968505859375,299.24169921875,298.4985046386719,296.968505859375,292.5769958496094,288.30072021484375,287.76422119140625,286.68951416015625,282.54791259765625,277.647216796875,272.4774169921875,267.43841552734375,261.8931884765625,254.5496826171875,247.17979431152344,240.12350463867188,231.0281982421875,221.1009063720703,205.72000122070312,197.45680236816406,210.6947021484375,218.69239807128906,1000.0,975.0,950.0,925.0,900.0,850.0,800.0,750.0,700.0,650.0,600.0,550.0,500.0,450.0,400.0,350.0,300.0,250.0,200.0,150.0,100.0,50.0,20.0,74.28500366210938,294.7297058105469,523.015869140625,757.3142700195312,997.8336181640625,1492.4659423828125,2009.844970703125,2554.298095703125,3135.597900390625,3753.177978515625,4409.30810546875,5110.2529296875,5863.0927734375,6680.34619140625,7570.19384765625,8550.96484375,9649.5771484375,10907.2578125,12381.73046875,14179.9697265625,16558.19921875,20625.029296875,26361.9609375
2024-06-10 12:00:00,295.46503668749995,1002.5224609375,295.7689208984375,296.57208251953125,298.3388977050781,297.34210205078125,295.6871032714844,291.4158020019531,287.902587890625,287.3529052734375,286.0296936035156,282.43157958984375,277.9667053222656,272.7200012207031,267.0181884765625,260.769287109375,254.46728515625,247.3090057373047,240.11920166015625,229.99850463867188,219.90269470214844,205.939697265625,199.8148956298828,210.55560302734375,218.810302734375,1000.0,975.0,950.0,925.0,900.0,850.0,800.0,750.0,700.0,650.0,600.0,550.0,500.0,450.0,400.0,350.0,300.0,250.0,200.0,150.0,100.0,50.0,20.0,97.85711669921875,318.3634948730469,546.7156982421875,781.0972900390625,1019.7113037109375,1512.4849853515625,2028.0439453125,2571.660888671875,3152.152099609375,3768.2890625,4425.40087890625,5126.6279296875,5879.2412109375,6693.8232421875,7581.65576171875,8562.025390625,9661.4482421875,10916.228515625,12387.08984375,14177.4296875,16573.0703125,20636.259765625,26361.44921875
2024-06-10 15:00:00,304.4404332692354,1002.8790283203125,301.4562072753906,298.9998779296875,297.02459716796875,294.7698974609375,293.4866943359375,290.83038330078125,286.6788024902344,284.75238037109375,284.41461181640625,281.7113952636719,278.03887939453125,272.7814025878906,267.10430908203125,261.0238952636719,254.32489013671875,247.40040588378906,240.33030700683594,231.42919921875,219.4416961669922,206.74200439453125,199.6862030029297,210.506103515625,218.5095977783203,1000.0,975.0,950.0,925.0,900.0,850.0,800.0,750.0,700.0,650.0,600.0,550.0,500.0,450.0,400.0,350.0,300.0,250.0,200.0,150.0,100.0,50.0,20.0,112.00189208984375,337.0220947265625,563.90576171875,796.810302734375,1033.955322265625,1524.862060546875,2039.5908203125,2579.44189453125,3155.242919921875,3769.658935546875,4425.39208984375,5127.28076171875,5880.35595703125,6694.794921875,7583.4931640625,8563.431640625,9664.7958984375,10919.7509765625,12392.919921875,14184.7001953125,16578.76953125,20647.419921875,26377.0390625
2024-06-10 18:00:00,306.1497010563448,998.583904858192,304.66729736328125,302.4656066894531,299.9873046875,297.73919677734375,295.4541015625,290.8109130859375,285.90960693359375,285.86138916015625,285.5335998535156,282.82861328125,278.6947937011719,273.0538024902344,267.15557861328125,260.8204040527344,253.88259887695312,247.1260986328125,239.2050018310547,231.19189453125,219.55029296875,206.5572052001953,199.86839294433594,210.47189331054688,217.1201934814453,1000.0,975.0,950.0,925.0,900.0,850.0,800.0,750.0,700.0,650.0,600.0,550.0,500.0,450.0,400.0,350.0,300.0,250.0,200.0,150.0,100.0,50.0,20.0,84.9989013671875,309.797607421875,540.4699096679688,775.14697265625,1014.073486328125,1506.5159912109375,2020.744140625,2561.10791015625,3138.35205078125,3755.31298828125,4413.4853515625,5116.466796875,5870.119140625,6684.5849609375,7572.25,8550.3408203125,9647.9169921875,10901.484375,12374.75,14168.419921875,16561.80078125,20638.5,26364.05078125
2024-06-10 21:00:00,297.52193753305517,999.93017578125,300.2012939453125,302.49908447265625,300.78131103515625,298.78131103515625,296.62408447265625,291.9815979003906,287.09442138671875,284.30938720703125,286.35760498046875,283.05322265625,278.2066955566406,272.3359069824219,266.2272033691406,260.76141357421875,254.36410522460938,246.99879455566406,239.18710327148438,230.55709838867188,219.85470581054688,206.2559051513672,200.00680541992188,210.07009887695312,215.372802734375,1000.0,975.0,950.0,925.0,900.0,850.0,800.0,750.0,700.0,650.0,600.0,550.0,500.0,450.0,400.0,350.0,300.0,250.0,200.0,150.0,100.0,50.0,20.0,85.122314453125,309.3971862792969,539.5117797851562,775.6356811523438,1014.9921875,1509.2490234375,2025.25390625,2565.304931640625,3143.68603515625,3761.52392578125,4419.8642578125,5120.8837890625,5872.25,6684.65380859375,7573.10986328125,8552.361328125,9649.44140625,10902.5634765625,12375.23046875,14164.509765625,16565.53125,20645.73046875,26374.140625
2024-06-11 00:00:00,295.85691727163226,1000.0227476316295,297.6618957519531,302.71728515625,301.497314453125,299.247314453125,296.977294921875,292.4722900390625,287.58258056640625,283.3076171875,285.6195983886719,283.07537841796875,277.86907958984375,271.9613037109375,266.6951904296875,260.99859619140625,254.14849853515625,246.62489318847656,238.50059509277344,230.14019775390625,220.15060424804688,207.37890625,198.67120361328125,208.51499938964844,215.62319946289062,1000.0,975.0,950.0,925.0,900.0,850.0,800.0,750.0,700.0,650.0,600.0,550.0,500.0,450.0,400.0,350.0,300.0,250.0,200.0,150.0,100.0,50.0,20.0,99.08441162109375,322.7666931152344,554.2767944335938,788.8004150390625,1029.530029296875,1524.4969482421875,2041.15087890625,2581.777099609375,3157.155029296875,3774.60498046875,4431.9267578125,5132.673828125,5883.47509765625,6697.7822265625,7586.02880859375,8564.2080078125,9659.9365234375,10910.736328125,12380.26953125,14178.509765625,16577.859375,20671.529296875,26378.029296875
2024-06-11 03:00:00,296.4359066484375,1000.472332592567,296.7974853515625,301.35748291015625,300.88671875,299.01177978515625,297.1068115234375,292.6011047363281,287.95538330078125,283.3046875,284.8594970703125,283.4393005371094,278.142822265625,272.30120849609375,267.24029541015625,260.935791015625,253.39259338378906,247.0041046142578,238.82550048828125,230.252197265625,220.0966033935547,207.14190673828125,198.8491973876953,208.96600341796875,216.69859313964844,1000.0,975.0,950.0,925.0,900.0,850.0,800.0,750.0,700.0,650.0,600.0,550.0,500.0,450.0,400.0,350.0,300.0,250.0,200.0,150.0,100.0,50.0,20.0,100.48880004882812,323.4753112792969,553.27392578125,789.102294921875,1029.1357421875,1523.73095703125,2042.0419921875,2583.875,3157.007080078125,3775.330078125,4433.4990234375,5134.94921875,5887.06396484375,6702.126953125,7588.35400390625,8566.265625,9661.3857421875,10915.755859375,12386.98046875,14182.5498046875,16575.62109375,20675.01953125,26369.05078125
2024-06-11 06:00:00,294.05397239873326,1001.2949644285045,295.18408203125,298.98822021484375,299.51409912109375,298.2581787109375,296.48822021484375,292.5841064453125,287.9390869140625,282.7745056152344,283.3182067871094,283.37908935546875,278.3143005371094,272.3892822265625,267.2537841796875,260.8684997558594,254.2725830078125,246.81689453125,239.28759765625,230.91949462890625,219.514892578125,207.522705078125,199.0782928466797,206.71859741210938,215.1324005126953,1000.0,975.0,950.0,925.0,900.0,850.0,800.0,750.0,700.0,650.0,600.0,550.0,500.0,450.0,400.0,350.0,300.0,250.0,200.0,150.0,100.0,50.0,20.0,100.16079711914062,321.7898864746094,550.2708740234375,784.7808837890625,1024.516845703125,1519.56396484375,2037.40283203125,2578.343994140625,3150.153076171875,3767.54296875,4425.7919921875,5127.2919921875,5880.130859375,6694.38818359375,7582.5859375,8562.544921875,9658.3212890625,10912.1904296875,12382.75,14177.48046875,16571.0,20658.619140625,26355.439453125
2024-06-11 09:00:00,292.52049779566124,1002.002361889442,294.16058349609375,296.960205078125,298.2305908203125,297.3455810546875,295.6942138671875,291.79022216796875,287.38519287109375,282.344482421875,285.2537841796875,283.3088073730469,278.74090576171875,272.94677734375,267.2642822265625,261.42559814453125,254.57510375976562,247.0937042236328,238.37319946289062,230.40699768066406,219.8677978515625,208.20050048828125,198.22869873046875,207.98719787597656,217.46189880371094,1000.0,975.0,950.0,925.0,900.0,850.0,800.0,750.0,700.0,650.0,600.0,550.0,500.0,450.0,400.0,350.0,300.0,250.0,200.0,150.0,100.0,50.0,20.0,101.29800415039062,321.27191162109375,549.11376953125,782.9705810546875,1022.0806884765625,1515.9210205078125,2031.56201171875,2572.327880859375,3146.037109375,3763.72705078125,4422.73388671875,5124.8740234375,5878.72216796875,6693.60693359375,7583.99609375,8563.7509765625,9659.228515625,10910.2646484375,12379.23046875,14176.2998046875,16574.55859375,20649.369140625,26358.009765625
2024-06-11 12:00:00,296.457881865678,1003.0717273376232,296.3826904296875,296.18267822265625,298.205322265625,297.20269775390625,295.4246826171875,291.40771484375,286.75201416015625,282.58380126953125,283.37701416015625,282.31121826171875,278.47528076171875,272.8052978515625,267.06378173828125,261.294677734375,254.45150756835938,246.9033966064453,238.77439880371094,229.4842987060547,219.18020629882812,206.70840454101562,198.3311004638672,207.69830322265625,218.37939453125,1000.0,975.0,950.0,925.0,900.0,850.0,800.0,750.0,700.0,650.0,600.0,550.0,500.0,450.0,400.0,350.0,300.0,250.0,200.0,150.0,100.0,50.0,20.0,125.580322265625,345.35198974609375,572.9874877929688,806.644287109375,1045.533447265625,1538.9019775390625,2055.0859375,2594.367919921875,3167.056884765625,3781.660888671875,4439.5498046875,5141.5849609375,5895.119140625,6709.2490234375,7599.34716796875,8579.34765625,9674.1904296875,10924.80078125,12389.9404296875,14184.6904296875,16583.0,20667.279296875,26380.119140625
2024-06-11 15:00:00,305.31766417758644,1003.598065014442,302.45977783203125,300.2597961425781,298.039794921875,296.03271484375,294.5097961425781,291.11981201171875,286.58978271484375,282.5548095703125,283.47479248046875,282.25128173828125,278.640380859375,273.24298095703125,267.6597900390625,261.85272216796875,254.38739013671875,246.31640625,238.3927001953125,229.51280212402344,218.2552947998047,207.1761932373047,198.6118927001953,207.3927001953125,218.5778045654297,1000.0,975.0,950.0,925.0,900.0,850.0,800.0,750.0,700.0,650.0,600.0,550.0,500.0,450.0,400.0,350.0,300.0,250.0,200.0,150.0,100.0,50.0,20.0,125.22030639648438,349.6661071777344,579.98388671875,812.3062133789062,1050.8616943359375,1543.5419921875,2058.97900390625,2598.489990234375,3171.37109375,3785.677001953125,4443.8203125,5146.8759765625,5901.125,6717.82080078125,7607.92919921875,8587.2265625,9679.26953125,10929.30859375,12392.2998046875,14181.1904296875,16589.73046875,20679.7109375,26396.9609375
2024-06-11 18:00:00,307.0988370075167,1000.200115795692,305.5,303.0509033203125,300.83001708984375,298.58770751953125,296.30767822265625,291.4176940917969,286.5249938964844,281.47998046875,283.78179931640625,283.114990234375,278.83099365234375,273.17108154296875,267.6708984375,261.632080078125,254.9993896484375,246.58309936523438,238.18490600585938,229.09860229492188,218.1800994873047,207.24549865722656,199.4499969482422,207.66050720214844,216.16690063476562,1000.0,975.0,950.0,925.0,900.0,850.0,800.0,750.0,700.0,650.0,600.0,550.0,500.0,450.0,400.0,350.0,300.0,250.0,200.0,150.0,100.0,50.0,20.0,101.298583984375,327.61029052734375,557.7564697265625,793.914794921875,1032.3082275390625,1527.6400146484375,2042.72509765625,2581.87109375,3153.8779296875,3769.757080078125,4428.8798828125,5131.8828125,5886.43798828125,6703.2451171875,7593.56689453125,8573.98046875,9667.7607421875,10913.1435546875,12374.08984375,14160.3095703125,16570.44140625,20666.810546875,26373.470703125
2024-06-11 21:00:00,299.7753019552259,1000.407391186317,301.631591796875,303.18157958984375,301.21160888671875,298.9588928222656,296.68157958984375,292.0415954589844,287.026611328125,282.36077880859375,284.4208068847656,283.05078125,279.03057861328125,273.4223937988281,268.2247009277344,262.21551513671875,255.231689453125,247.22650146484375,237.54859924316406,228.9503936767578,218.62680053710938,207.16859436035156,199.7593994140625,208.5229034423828,217.1083984375,1000.0,975.0,950.0,925.0,900.0,850.0,800.0,750.0,700.0,650.0,600.0,550.0,500.0,450.0,400.0,350.0,300.0,250.0,200.0,150.0,100.0,50.0,20.0,96.71868896484375,322.9263916015625,552.9832763671875,789.0405883789062,1029.34228515625,1523.48095703125,2040.343994140625,2580.27294921875,3153.51708984375,3769.489990234375,4429.029296875,5132.53076171875,5888.02783203125,6706.22998046875,7599.2451171875,8581.18359375,9673.7412109375,10917.0146484375,12376.0498046875,14168.01953125,16583.46875,20677.9296875,26376.0390625
2024-06-12 00:00:00,296.839968191702,1000.978924389442,298.6719055175781,302.2304992675781,301.00189208984375,299.010498046875,296.7319030761719,292.091796875,287.456787109375,283.41497802734375,284.8518981933594,282.95440673828125,279.15118408203125,273.5191955566406,268.3433837890625,262.71551513671875,255.544677734375,247.1501007080078,237.6136016845703,228.12240600585938,218.506103515625,208.42100524902344,200.39129638671875,208.44659423828125,216.533203125,1000.0,975.0,950.0,925.0,900.0,850.0,800.0,750.0,700.0,650.0,600.0,550.0,500.0,450.0,400.0,350.0,300.0,250.0,200.0,150.0,100.0,50.0,20.0,102.48049926757812,326.5285949707031,556.4332275390625,792.3302001953125,1032.4578857421875,1528.260986328125,2044.77685546875,2586.33203125,3160.68798828125,3777.427001953125,4436.7216796875,5140.7841796875,5896.4990234375,6715.36181640625,7608.96923828125,8592.166015625,9684.177734375,10927.501953125,12384.740234375,14177.9296875,16595.62109375,20677.359375,26381.900390625
2024-06-12 03:00:00,297.1614652460937,1000.905926342567,297.4752197265625,300.53778076171875,299.8153991699219,298.07537841796875,296.0469055175781,291.6669006347656,287.53448486328125,284.24951171875,285.43829345703125,283.3482971191406,279.02740478515625,273.423583984375,268.11041259765625,262.4089050292969,255.50970458984375,246.91529846191406,237.13009643554688,227.3032989501953,218.4044952392578,208.4149932861328,200.0906982421875,209.08810424804688,216.6833038330078,1000.0,975.0,950.0,925.0,900.0,850.0,800.0,750.0,700.0,650.0,600.0,550.0,500.0,450.0,400.0,350.0,300.0,250.0,200.0,150.0,100.0,50.0,20.0,107.19949340820312,329.93231201171875,559.4989013671875,794.055908203125,1033.836181640625,1527.9129638671875,2044.677001953125,2586.423095703125,3162.93310546875,3780.802978515625,4440.1220703125,5143.6259765625,5899.4189453125,6717.3349609375,7610.22607421875,8592.6318359375,9684.0849609375,10922.1083984375,12378.9697265625,14173.5,16592.55078125,20670.490234375,26384.060546875
2024-06-12 06:00:00,296.0340426433175,1000.586834545692,296.885498046875,298.69549560546875,299.7239990234375,298.0968017578125,296.07049560546875,292.06219482421875,288.0422058105469,284.1337890625,283.57177734375,282.54498291015625,278.7913818359375,273.76678466796875,268.89239501953125,263.1356201171875,255.9998779296875,246.92030334472656,237.86000061035156,227.8175048828125,217.71389770507812,208.0998992919922,197.693603515625,208.64019775390625,216.73489379882812,1000.0,975.0,950.0,925.0,900.0,850.0,800.0,750.0,700.0,650.0,600.0,550.0,500.0,450.0,400.0,350.0,300.0,250.0,200.0,150.0,100.0,50.0,20.0,100.9105224609375,322.9508972167969,552.8176879882812,786.69921875,1026.8026123046875,1521.531005859375,2038.9951171875,2581.47607421875,3155.780029296875,3771.27294921875,4429.35888671875,5132.60595703125,5889.875,6710.90283203125,7606.23291015625,8589.1796875,9682.06640625,10924.00390625,12379.0,14167.91015625,16583.330078125,20668.970703125,26370.359375
2024-06-12 09:00:00,293.66416649594584,1000.553143139442,294.39788818359375,296.989501953125,298.7442932128906,297.6257019042969,295.72430419921875,291.6007080078125,287.3406982421875,282.9429016113281,282.8786926269531,282.34368896484375,278.61907958984375,273.94378662109375,269.36688232421875,263.66290283203125,256.068115234375,247.10499572753906,238.36019897460938,228.75289916992188,217.21090698242188,207.66079711914062,198.00950622558594,206.2227020263672,217.9781951904297,1000.0,975.0,950.0,925.0,900.0,850.0,800.0,750.0,700.0,650.0,600.0,550.0,500.0,450.0,400.0,350.0,300.0,250.0,200.0,150.0,100.0,50.0,20.0,100.20648193359375,321.6953125,549.0167236328125,782.3314208984375,1021.852783203125,1515.3929443359375,2031.59716796875,2572.7451171875,3144.64208984375,3759.554931640625,4417.1376953125,5120.5927734375,5878.501953125,6700.89892578125,7597.81689453125,8581.1484375,9676.2587890625,10922.462890625,12377.6396484375,14163.16015625,16573.640625,20656.130859375,26355.470703125
2024-06-12 12:00:00,296.0835895309542,1004.800537109375,295.382080078125,295.97369384765625,297.7738037109375,297.2821044921875,295.53399658203125,291.15069580078125,286.91650390625,282.79400634765625,283.7598876953125,282.7880859375,278.6085205078125,273.2875061035156,268.63250732421875,263.318603515625,256.193603515625,246.912109375,239.4268035888672,228.7884063720703,217.64370727539062,206.41009521484375,198.10360717773438,208.4512939453125,217.23599243164062,1000.0,975.0,950.0,925.0,900.0,850.0,800.0,750.0,700.0,650.0,600.0,550.0,500.0,450.0,400.0,350.0,300.0,250.0,200.0,150.0,100.0,50.0,20.0,119.61688232421875,339.42608642578125,567.017578125,800.5875244140625,1038.314208984375,1532.1390380859375,2047.449951171875,2587.530029296875,3160.0869140625,3775.885009765625,4433.6748046875,5136.8740234375,5892.8662109375,6713.27685546875,7609.66015625,8592.462890625,9690.5986328125,10939.001953125,12396.0703125,14177.2998046875,16591.830078125,20662.19921875,26377.48046875
2024-06-12 15:00:00,306.38895830229075,1004.20361328125,303.2481994628906,300.83038330078125,298.62042236328125,296.400390625,294.390380859375,291.54620361328125,286.9533996582031,283.7196044921875,284.2070007324219,282.80279541015625,278.669677734375,273.243408203125,268.74151611328125,263.5744934082031,256.17822265625,247.668701171875,239.4116973876953,228.67340087890625,218.01229858398438,206.31900024414062,198.32769775390625,208.0489044189453,218.05039978027344,1000.0,975.0,950.0,925.0,900.0,850.0,800.0,750.0,700.0,650.0,600.0,550.0,500.0,450.0,400.0,350.0,300.0,250.0,200.0,150.0,100.0,50.0,20.0,115.6038818359375,340.5658874511719,569.30908203125,802.00390625,1040.837158203125,1532.822021484375,2048.197021484375,2588.243896484375,3162.6689453125,3778.824951171875,4436.7470703125,5139.84423828125,5895.26513671875,6717.166015625,7613.97412109375,8596.830078125,9696.2529296875,10944.732421875,12401.7001953125,14186.5302734375,16598.5,20672.98046875,26382.490234375
2024-06-12 18:00:00,308.4688197340792,998.6072202878795,306.68670654296875,304.0267028808594,301.8466796875,299.39251708984375,297.1625061035156,292.36468505859375,287.4447021484375,284.0108947753906,285.17059326171875,282.9028015136719,278.94989013671875,274.0906066894531,269.60540771484375,264.17431640625,256.3114929199219,248.03631591796875,239.80270385742188,229.18380737304688,218.0321044921875,206.5428009033203,197.97470092773438,208.55760192871094,218.86279296875,1000.0,975.0,950.0,925.0,900.0,850.0,800.0,750.0,700.0,650.0,600.0,550.0,500.0,450.0,400.0,350.0,300.0,250.0,200.0,150.0,100.0,50.0,20.0,81.79840087890625,307.5757141113281,539.0609741210938,774.4022827148438,1015.833984375,1509.781005859375,2025.76904296875,2566.032958984375,3142.241943359375,3759.19091796875,4417.7470703125,5122.25,5880.65087890625,6704.36376953125,7602.041015625,8587.30859375,9688.4814453125,10939.8701171875,12400.0498046875,14182.7099609375,16586.5390625,20654.30078125,26375.490234375
2024-06-12 21:00:00,301.61530949565,997.318035717567,302.1531066894531,304.51312255859375,302.59307861328125,300.1430969238281,297.930908203125,293.1531066894531,288.12811279296875,284.5881042480469,286.0209045410156,283.568115234375,279.7113952636719,274.6199951171875,270.1016845703125,264.4976806640625,256.61480712890625,248.22360229492188,239.52020263671875,229.64340209960938,218.33529663085938,207.1208953857422,197.9053955078125,206.65280151367188,219.2794952392578,1000.0,975.0,950.0,925.0,900.0,850.0,800.0,750.0,700.0,650.0,600.0,550.0,500.0,450.0,400.0,350.0,300.0,250.0,200.0,150.0,100.0,50.0,20.0,68.77951049804688,295.064208984375,527.0090942382812,762.7941284179688,1003.6409912109375,1500.2740478515625,2017.77587890625,2559.39501953125,3136.76806640625,3754.946044921875,4414.802734375,5121.169921875,5880.90380859375,6705.56298828125,7604.55615234375,8590.83984375,9691.642578125,10943.2802734375,12404.98046875,14193.7197265625,16590.109375,20656.5,26384.470703125
2024-06-13 00:00:00,296.4250884567048,1000.9298095703125,298.49609375,301.8560791015625,301.18499755859375,299.49609375,297.5260925292969,292.76611328125,288.0010986328125,285.9710998535156,287.2911071777344,284.268310546875,280.20538330078125,275.18121337890625,270.56158447265625,264.64849853515625,256.6820068359375,248.13031005859375,239.35009765625,229.2884979248047,218.4990997314453,207.5240936279297,196.4801025390625,207.2581024169922,218.3303985595703,1000.0,975.0,950.0,925.0,900.0,850.0,800.0,750.0,700.0,650.0,600.0,550.0,500.0,450.0,400.0,350.0,300.0,250.0,200.0,150.0,100.0,50.0,20.0,76.36898803710938,299.97900390625,529.2310180664062,764.3115234375,1005.427001953125,1500.5760498046875,2017.5341796875,2559.493896484375,3139.131103515625,3759.6220703125,4421.1376953125,5128.623046875,5889.64208984375,6715.30615234375,7614.8017578125,8600.435546875,9700.3994140625,10949.3017578125,12409.5400390625,14196.5498046875,16596.150390625,20651.7890625,26391.919921875
2024-06-13 03:00:00,297.75272221874997,998.535565014442,298.21319580078125,298.57318115234375,300.1531982421875,298.9617004394531,296.6181945800781,292.10137939453125,287.701416015625,288.42138671875,287.36639404296875,284.0614013671875,280.35321044921875,276.017578125,271.5093994140625,265.2554931640625,257.20001220703125,248.82919311523438,239.08999633789062,228.86000061035156,218.10040283203125,207.3101043701172,195.9709014892578,210.268798828125,216.6396942138672,1000.0,975.0,950.0,925.0,900.0,850.0,800.0,750.0,700.0,650.0,600.0,550.0,500.0,450.0,400.0,350.0,300.0,250.0,200.0,150.0,100.0,50.0,20.0,71.25970458984375,294.2174987792969,522.8455200195312,757.2974853515625,996.785400390625,1490.6910400390625,2006.4638671875,2551.291015625,3132.81591796875,3752.70703125,4413.9150390625,5122.6669921875,5886.14208984375,6714.69677734375,7615.43994140625,8604.2509765625,9704.32421875,10953.1025390625,12411.7802734375,14199.7001953125,16589.4296875,20653.41015625,26396.029296875
2024-06-13 06:00:00,299.5373895026925,996.7029234128795,299.6130065917969,299.2160949707031,298.03619384765625,297.711181640625,296.4912109375,292.072998046875,287.03948974609375,286.1260986328125,286.03948974609375,283.82440185546875,280.39990234375,276.34368896484375,271.54400634765625,265.318115234375,257.7850036621094,249.1103973388672,239.3553924560547,229.27149963378906,217.84730529785156,206.32769775390625,196.5847930908203,208.7368927001953,218.16189575195312,1000.0,975.0,950.0,925.0,900.0,850.0,800.0,750.0,700.0,650.0,600.0,550.0,500.0,450.0,400.0,350.0,300.0,250.0,200.0,150.0,100.0,50.0,20.0,64.96879577636719,287.9601135253906,516.6334228515625,749.1710205078125,988.7744140625,1482.968017578125,1999.14111328125,2540.468017578125,3118.660888671875,3737.514892578125,4398.39599609375,5107.5439453125,5871.326171875,6699.68603515625,7601.85400390625,8592.296875,9693.9638671875,10946.005859375,12402.41015625,14187.9599609375,16576.990234375,20641.380859375,26374.419921875
2024-06-13 09:00:00,294.37590812408206,995.331219311317,297.331298828125,297.04949951171875,297.99761962890625,298.03448486328125,296.30450439453125,291.6278076171875,287.8345031738281,285.0227966308594,286.05279541015625,284.67279052734375,280.91571044921875,276.85150146484375,272.11968994140625,265.2095947265625,258.2642822265625,249.4866943359375,239.5133056640625,229.08580017089844,217.1049041748047,207.15220642089844,196.1977996826172,208.09779357910156,219.52099609375,1000.0,975.0,950.0,925.0,900.0,850.0,800.0,750.0,700.0,650.0,600.0,550.0,500.0,450.0,400.0,350.0,300.0,250.0,200.0,150.0,100.0,50.0,20.0,54.918304443359375,276.8055114746094,502.4130859375,737.89111328125,976.44677734375,1469.6259765625,1985.8701171875,2527.412109375,3103.902099609375,3723.56201171875,4385.96875,5096.17919921875,5862.544921875,6691.81298828125,7593.13818359375,8586.0234375,9687.9765625,10939.7841796875,12395.73046875,14180.669921875,16565.94140625,20635.880859375,26365.509765625
2024-06-13 12:00:00,296.60823335141464,998.060223217567,297.03192138671875,296.1286926269531,297.31671142578125,297.48870849609375,296.0021057128906,292.07421875,287.0155029296875,283.33050537109375,286.61029052734375,284.60418701171875,280.8109130859375,276.60638427734375,271.60968017578125,264.8712158203125,258.172119140625,249.72630310058594,239.9499969482422,229.47540283203125,216.7270965576172,206.2602996826172,196.9542999267578,207.16329956054688,218.79049682617188,1000.0,975.0,950.0,925.0,900.0,850.0,800.0,750.0,700.0,650.0,600.0,550.0,500.0,450.0,400.0,350.0,300.0,250.0,200.0,150.0,100.0,50.0,20.0,69.87440490722656,290.1061096191406,516.0479736328125,749.8787841796875,987.794677734375,1482.7320556640625,1998.77099609375,2538.12109375,3114.490966796875,3734.489013671875,4397.162109375,5106.98779296875,5872.4189453125,6700.44189453125,7600.97607421875,8595.3291015625,9699.8759765625,10952.51953125,12406.099609375,14188.66015625,16564.87109375,20653.08984375,26387.859375
2024-06-13 15:00:00,306.96099848017303,997.010418530067,305.3201904296875,302.41021728515625,299.97308349609375,297.52020263671875,295.2769775390625,291.21697998046875,287.66180419921875,284.21319580078125,285.4801940917969,284.4656066894531,280.66571044921875,276.122314453125,271.4956970214844,265.1600036621094,258.3475036621094,250.16329956054688,240.77830505371094,229.53759765625,217.56640625,204.13589477539062,198.018798828125,207.93899536132812,217.8260040283203,1000.0,975.0,950.0,925.0,900.0,850.0,800.0,750.0,700.0,650.0,600.0,550.0,500.0,450.0,400.0,350.0,300.0,250.0,200.0,150.0,100.0,50.0,20.0,59.869598388671875,286.5122985839844,516.8668212890625,751.1063232421875,989.445556640625,1482.2659912109375,1998.212890625,2538.533935546875,3113.93408203125,3732.507080078125,4395.2080078125,5103.51904296875,5867.52099609375,6696.06494140625,7597.22900390625,8591.396484375,9698.69140625,10953.0244140625,12413.759765625,14189.2998046875,16562.009765625,20652.109375,26400.05078125
2024-06-13 18:00:00,308.6197814391574,991.414959545692,307.6536865234375,304.9923095703125,302.56231689453125,300.102294921875,297.622314453125,292.68731689453125,288.14080810546875,287.3201904296875,288.22430419921875,285.28271484375,281.177978515625,276.414794921875,271.40069580078125,265.07061767578125,257.640380859375,249.93179321289062,240.45289611816406,229.14329528808594,217.5930938720703,205.3925018310547,198.60519409179688,207.710205078125,218.4468994140625,1000.0,975.0,950.0,925.0,900.0,850.0,800.0,750.0,700.0,650.0,600.0,550.0,500.0,450.0,400.0,350.0,300.0,250.0,200.0,150.0,100.0,50.0,20.0,19.822402954101562,245.96420288085938,477.8125,713.540771484375,954.352294921875,1450.0830078125,1966.8818359375,2510.98193359375,3093.087890625,3715.326904296875,4378.9619140625,5088.8369140625,5853.2080078125,6680.15185546875,7581.3671875,8573.77734375,9679.251953125,10932.01953125,12394.23046875,14171.1796875,16543.83984375,20648.5390625,26381.919921875
2024-06-13 21:00:00,303.8783687576646,994.6104736328125,305.37091064453125,304.22088623046875,302.2908935546875,300.09088134765625,297.86090087890625,293.0609130859375,288.27587890625,286.09088134765625,288.13092041015625,285.41241455078125,281.49920654296875,276.6748962402344,271.86029052734375,265.13958740234375,257.830078125,249.9340057373047,240.94039916992188,228.97369384765625,217.24440002441406,204.34970092773438,200.74159240722656,206.73330688476562,218.50689697265625,1000.0,975.0,950.0,925.0,900.0,850.0,800.0,750.0,700.0,650.0,600.0,550.0,500.0,450.0,400.0,350.0,300.0,250.0,200.0,150.0,100.0,50.0,20.0,16.02630615234375,239.58319091796875,472.85430908203125,707.9835815429688,949.1834716796875,1445.64697265625,1963.1201171875,2505.84912109375,3087.48193359375,3710.31298828125,4373.8447265625,5084.7958984375,5850.4990234375,6678.11181640625,7580.705078125,8572.6015625,9679.919921875,10934.6884765625,12391.7001953125,14164.0,16543.21875,20650.369140625,26382.580078125
2024-06-14 00:00:00,303.0440380509291,993.0576597410045,304.45648193359375,303.30828857421875,301.3865051269531,299.43658447265625,297.3345031738281,292.91949462890625,288.5195007324219,285.722412109375,286.89739990234375,285.25469970703125,281.4591979980469,276.947998046875,271.66448974609375,265.10009765625,257.84698486328125,250.33309936523438,240.74009704589844,229.03550720214844,217.26300048828125,204.74200439453125,199.71180725097656,207.8874969482422,219.56460571289062,1000.0,975.0,950.0,925.0,900.0,850.0,800.0,750.0,700.0,650.0,600.0,550.0,500.0,450.0,400.0,350.0,300.0,250.0,200.0,150.0,100.0,50.0,20.0,29.6995849609375,254.58309936523438,485.1695556640625,721.581298828125,961.06201171875,1457.0250244140625,1974.94384765625,2518.998046875,3097.885009765625,3719.45703125,4384.0380859375,5095.2880859375,5860.63916015625,6687.83984375,7589.5458984375,8582.9111328125,9692.37109375,10945.3232421875,12403.259765625,14176.73046875,16552.5390625,20665.05078125,26414.75
2024-06-14 03:00:00,302.20743479296874,996.8818359375,303.27728271484375,302.37750244140625,300.460693359375,298.64251708984375,296.66571044921875,292.8952941894531,288.9855041503906,285.70538330078125,285.8839111328125,284.3109130859375,281.31378173828125,277.644287109375,271.74139404296875,265.30889892578125,257.7077941894531,249.61940002441406,240.4300994873047,229.20030212402344,217.9907989501953,205.2050018310547,199.54640197753906,209.71310424804688,219.65029907226562,1000.0,975.0,950.0,925.0,900.0,850.0,800.0,750.0,700.0,650.0,600.0,550.0,500.0,450.0,400.0,350.0,300.0,250.0,200.0,150.0,100.0,50.0,20.0,34.84039306640625,259.230712890625,489.28070068359375,723.19091796875,963.135009765625,1458.9940185546875,1977.73388671875,2522.58203125,3102.174072265625,3721.77197265625,4384.78125,5096.9970703125,5863.39306640625,6691.8369140625,7593.55712890625,8585.23046875,9690.9609375,10943.2158203125,12402.8798828125,14181.740234375,16547.0390625,20666.779296875,26428.01953125
2024-06-14 06:00:00,301.148700279149,992.092205639442,302.1701965332031,301.03411865234375,299.12139892578125,297.056396484375,295.22021484375,292.201416015625,288.69091796875,286.1680908203125,287.86590576171875,285.3905944824219,280.4519958496094,276.5552978515625,271.71929931640625,265.33489990234375,257.7783203125,249.75650024414062,240.39419555664062,229.46690368652344,217.77999877929688,204.83090209960938,199.88369750976562,210.17489624023438,220.04660034179688,1000.0,975.0,950.0,925.0,900.0,850.0,800.0,750.0,700.0,650.0,600.0,550.0,500.0,450.0,400.0,350.0,300.0,250.0,200.0,150.0,100.0,50.0,20.0,30.888504028320312,254.27288818359375,483.3118896484375,718.1707153320312,955.042724609375,1449.6939697265625,1968.1259765625,2512.531005859375,3094.555908203125,3718.612060546875,4381.73388671875,5091.31396484375,5856.9111328125,6684.14697265625,7586.65478515625,8578.001953125,9684.232421875,10937.1083984375,12396.4404296875,14173.9404296875,16544.169921875,20663.66015625,26419.640625
2024-06-14 09:00:00,300.49602083578964,992.344891186317,301.04150390625,300.150390625,298.23040771484375,296.5404052734375,294.58038330078125,291.6871032714844,288.172119140625,285.7672119140625,286.8460998535156,285.32861328125,280.3206787109375,275.77471923828125,271.4664001464844,265.289306640625,257.6619873046875,249.74209594726562,240.6208953857422,229.87969970703125,218.77459716796875,205.84039306640625,199.89849853515625,210.8000946044922,218.27679443359375,1000.0,975.0,950.0,925.0,900.0,850.0,800.0,750.0,700.0,650.0,600.0,550.0,500.0,450.0,400.0,350.0,300.0,250.0,200.0,150.0,100.0,50.0,20.0,33.13160705566406,254.78640747070312,484.10748291015625,717.243896484375,954.4141845703125,1447.6689453125,1965.737060546875,2509.803955078125,3090.5390625,3712.075927734375,4375.376953125,5083.23486328125,5846.97607421875,6675.55419921875,7577.244140625,8568.5087890625,9674.09765625,10929.8583984375,12391.740234375,14178.66015625,16548.009765625,20662.2109375,26411.990234375
2024-06-14 12:00:00,301.29347442909597,997.568603515625,301.4284973144531,300.3778076171875,298.4299011230469,296.4998779296875,295.0415954589844,292.4163818359375,288.54937744140625,284.9132995605469,285.62982177734375,283.52252197265625,279.56109619140625,275.36370849609375,271.36077880859375,265.49359130859375,258.663818359375,250.76939392089844,240.90049743652344,229.8488006591797,218.46420288085938,205.72149658203125,199.68980407714844,212.0012969970703,219.86659240722656,1000.0,975.0,950.0,925.0,900.0,850.0,800.0,750.0,700.0,650.0,600.0,550.0,500.0,450.0,400.0,350.0,300.0,250.0,200.0,150.0,100.0,50.0,20.0,45.570404052734375,270.05938720703125,498.1962890625,732.1318969726562,970.05712890625,1463.760986328125,1983.14111328125,2527.381103515625,3105.137939453125,3724.906982421875,4385.1806640625,5092.23876953125,5854.7490234375,6682.56298828125,7586.98876953125,8582.4296875,9692.2734375,10948.4658203125,12411.3603515625,14194.76953125,16564.53125,20679.470703125,26420.609375
2024-06-14 15:00:00,307.61886841542406,995.9231207043081,305.65087890625,302.9998779296875,300.5585021972656,298.12750244140625,295.9224853515625,291.314208984375,288.2052001953125,285.5802001953125,284.065185546875,283.0003967285156,279.090087890625,275.193603515625,270.852783203125,265.32421875,258.41668701171875,250.59410095214844,241.20779418945312,230.94740295410156,218.2864990234375,204.19239807128906,198.35069274902344,210.44039916992188,219.8697967529297,1000.0,975.0,950.0,925.0,900.0,850.0,800.0,750.0,700.0,650.0,600.0,550.0,500.0,450.0,400.0,350.0,300.0,250.0,200.0,150.0,100.0,50.0,20.0,46.8179931640625,274.46038818359375,503.73822021484375,739.7725219726562,978.81298828125,1472.635986328125,1990.06494140625,2535.26904296875,3112.847900390625,3729.85888671875,4388.3818359375,5095.27490234375,5857.47998046875,6684.619140625,7586.8701171875,8582.1796875,9691.49609375,10951.673828125,12417.6796875,14197.009765625,16569.900390625,20693.55078125,26441.05078125
2024-06-14 18:00:00,308.82186321274276,993.9241422968751,307.7691955566406,305.41162109375,302.95458984375,300.51708984375,298.17950439453125,293.3037109375,288.4237060546875,283.40301513671875,283.857177734375,281.88720703125,278.77349853515625,274.7236022949219,270.768310546875,265.1763000488281,258.4010009765625,250.3343963623047,242.22850036621094,230.9844970703125,218.45120239257812,204.35769653320312,198.29269409179688,209.02850341796875,219.40480041503906,1000.0,975.0,950.0,925.0,900.0,850.0,800.0,750.0,700.0,650.0,600.0,550.0,500.0,450.0,400.0,350.0,300.0,250.0,200.0,150.0,100.0,50.0,20.0,24.638397216796875,251.71551513671875,484.42279052734375,720.9633178710938,963.51416015625,1460.47802734375,1980.175048828125,2522.83203125,3098.083984375,3712.860107421875,4371.2958984375,5076.4931640625,5837.52001953125,6664.14306640625,7567.751953125,8561.5703125,9671.8740234375,10934.9345703125,12400.58984375,14182.3203125,16548.7890625,20682.0,26437.33984375
2024-06-14 21:00:00,304.9212141416908,992.6963316160045,305.3206787109375,304.9635925292969,303.52911376953125,301.55908203125,299.3244934082031,294.5198974609375,289.5845031738281,284.2598876953125,284.1502990722656,282.8403015136719,279.0552978515625,274.5379943847656,270.4425964355469,264.42791748046875,258.072509765625,250.0028076171875,242.2169952392578,230.93089294433594,217.74169921875,205.2209930419922,196.83050537109375,209.9799041748047,218.80279541015625,1000.0,975.0,950.0,925.0,900.0,850.0,800.0,750.0,700.0,650.0,600.0,550.0,500.0,450.0,400.0,350.0,300.0,250.0,200.0,150.0,100.0,50.0,20.0,26.27099609375,252.93951416015625,485.3311767578125,721.621826171875,964.9990234375,1464.905029296875,1985.93896484375,2530.343994140625,3104.8330078125,3723.007080078125,4382.4091796875,5088.041015625,5847.93505859375,6672.81201171875,7574.2421875,8566.9921875,9676.986328125,10940.677734375,12402.490234375,14189.0302734375,16559.849609375,20691.470703125,26458.259765625
2024-06-15 00:00:00,302.7957575637137,996.5722135859376,303.2496032714844,304.302490234375,302.92279052734375,301.21209716796875,299.09710693359375,294.67059326171875,289.61419677734375,285.044189453125,280.94769287109375,281.7611999511719,278.36041259765625,275.0802001953125,270.6416931152344,265.03509521484375,258.0137023925781,249.5926055908203,241.3905029296875,230.67640686035156,218.7303009033203,206.36599731445312,198.79400634765625,208.47520446777344,216.95449829101562,1000.0,975.0,950.0,925.0,900.0,850.0,800.0,750.0,700.0,650.0,600.0,550.0,500.0,450.0,400.0,350.0,300.0,250.0,200.0,150.0,100.0,50.0,20.0,47.08189392089844,273.4809875488281,505.60137939453125,742.6176147460938,984.707275390625,1484.0260009765625,2005.4580078125,2551.215087890625,3125.01708984375,3737.6220703125,4395.3642578125,5100.212890625,5861.4677734375,6688.6171875,7589.751953125,8581.5703125,9688.5048828125,10948.314453125,12411.9599609375,14201.009765625,16578.16015625,20700.990234375,26456.109375
2024-06-15 03:00:00,302.5510577253641,999.203125,303.04278564453125,302.3825988769531,301.03778076171875,299.5626220703125,297.67828369140625,294.0697021484375,289.4661865234375,284.71258544921875,280.80908203125,282.0015869140625,278.5780944824219,274.7041931152344,269.63470458984375,263.99810791015625,257.42291259765625,249.1479034423828,241.3256072998047,230.97740173339844,219.11520385742188,206.3939971923828,199.82760620117188,208.27099609375,218.8701934814453,1000.0,975.0,950.0,925.0,900.0,850.0,800.0,750.0,700.0,650.0,600.0,550.0,500.0,450.0,400.0,350.0,300.0,250.0,200.0,150.0,100.0,50.0,20.0,60.87939453125,286.6294860839844,518.181884765625,752.6915283203125,993.38134765625,1491.1070556640625,2012.302001953125,2558.238037109375,3131.6708984375,3744.302978515625,4402.35009765625,5107.7490234375,5866.990234375,6689.7099609375,7588.759765625,8579.091796875,9684.853515625,10947.4384765625,12414.240234375,14203.009765625,16587.16015625,20704.009765625,26457.599609375
2024-06-15 06:00:00,299.9611441763728,999.469482421875,301.3323059082031,301.1365966796875,300.1160888671875,298.73760986328125,297.07562255859375,293.03741455078125,288.3751220703125,284.1882019042969,281.5914001464844,280.01409912109375,277.7034912109375,273.0614929199219,268.66497802734375,263.6488037109375,257.4114990234375,249.43190002441406,241.2884979248047,230.84840393066406,219.61349487304688,206.82159423828125,198.69960021972656,209.91000366210938,221.4595947265625,1000.0,975.0,950.0,925.0,900.0,850.0,800.0,750.0,700.0,650.0,600.0,550.0,500.0,450.0,400.0,350.0,300.0,250.0,200.0,150.0,100.0,50.0,20.0,70.88587951660156,296.5450134277344,526.08251953125,761.6563720703125,1001.48046875,1498.802001953125,2017.990966796875,2561.406982421875,3135.8369140625,3746.27197265625,4401.31396484375,5103.38623046875,5858.93896484375,6680.51123046875,7579.5087890625,8569.2734375,9676.51953125,10938.5048828125,12405.9697265625,14198.7197265625,16586.69140625,20697.94921875,26447.05078125
2024-06-15 09:00:00,300.45593129927175,999.9954833984375,300.9931945800781,299.7943115234375,299.38909912109375,298.1331787109375,296.339111328125,292.16229248046875,287.609619140625,283.66351318359375,279.80670166015625,280.048583984375,278.15667724609375,273.12982177734375,268.6793212890625,264.08050537109375,257.50299072265625,249.27239990234375,241.8074951171875,230.9261932373047,220.05880737304688,206.46530151367188,199.49630737304688,210.16490173339844,222.35260009765625,1000.0,975.0,950.0,925.0,900.0,850.0,800.0,750.0,700.0,650.0,600.0,550.0,500.0,450.0,400.0,350.0,300.0,250.0,200.0,150.0,100.0,50.0,20.0,75.69203186035156,298.2119140625,528.6258544921875,763.0922241210938,1001.837158203125,1498.0360107421875,2015.22802734375,2557.73388671875,3130.364990234375,3739.89697265625,4395.625,5097.38623046875,5853.5732421875,6675.41796875,7575.7412109375,8565.494140625,9673.23828125,10935.1962890625,12404.25,14196.7001953125,16591.3203125,20694.880859375,26460.689453125
2024-06-15 12:00:00,301.0744354432115,1000.299725170692,301.5798034667969,300.11590576171875,298.63641357421875,297.25140380859375,295.7080078125,291.2919921875,287.3630065917969,283.164794921875,279.5548095703125,280.168701171875,278.06951904296875,273.18951416015625,268.33837890625,263.62310791015625,257.2550964355469,249.8336944580078,242.1060028076172,231.07730102539062,219.82310485839844,206.14599609375,197.00860595703125,211.91949462890625,220.595703125,1000.0,975.0,950.0,925.0,900.0,850.0,800.0,750.0,700.0,650.0,600.0,550.0,500.0,450.0,400.0,350.0,300.0,250.0,200.0,150.0,100.0,50.0,20.0,93.04019165039062,317.4627990722656,547.7562255859375,782.1270141601562,1020.7694091796875,1514.761962890625,2031.72509765625,2573.98095703125,3145.364013671875,3754.589111328125,4410.1318359375,5111.9150390625,5867.39599609375,6687.8779296875,7586.36181640625,8577.322265625,9687.4921875,10951.42578125,12422.259765625,14210.990234375,16600.330078125,20706.279296875,26490.220703125
2024-06-15 15:00:00,301.32127726308033,1000.727215405067,301.68841552734375,299.90509033203125,298.2130126953125,296.2041015625,294.6680908203125,290.86968994140625,286.70648193359375,283.14080810546875,280.406494140625,279.1802062988281,276.94921875,272.34368896484375,268.78131103515625,264.22918701171875,257.29669189453125,250.41409301757812,242.28250122070312,231.32020568847656,219.53900146484375,206.13279724121094,196.6894989013672,212.05499267578125,219.78329467773438,1000.0,975.0,950.0,925.0,900.0,850.0,800.0,750.0,700.0,650.0,600.0,550.0,500.0,450.0,400.0,350.0,300.0,250.0,200.0,150.0,100.0,50.0,20.0,101.91952514648438,326.0224914550781,554.0045166015625,788.0335083007812,1026.340576171875,1520.6309814453125,2036.862060546875,2578.35302734375,3150.422119140625,3757.262939453125,4410.97265625,5110.18896484375,5865.39111328125,6687.6669921875,7586.9140625,8578.26171875,9691.466796875,10955.2177734375,12425.25,14212.9404296875,16602.5,20719.01953125,26494.9609375
2024-06-15 18:00:00,302.2528429818303,1002.589400498817,301.5980224609375,300.16839599609375,297.93170166015625,295.67169189453125,293.631103515625,290.71441650390625,286.9127197265625,283.46820068359375,280.3609924316406,277.1730041503906,276.96490478515625,272.66448974609375,268.29888916015625,263.52398681640625,257.0762939453125,250.0697021484375,242.44769287109375,231.26600646972656,219.7445068359375,206.0323028564453,196.7427978515625,212.27130126953125,219.57510375976562,1000.0,975.0,950.0,925.0,900.0,850.0,800.0,750.0,700.0,650.0,600.0,550.0,500.0,450.0,400.0,350.0,300.0,250.0,200.0,150.0,100.0,50.0,20.0,88.88232421875,313.131591796875,541.282958984375,775.5006103515625,1011.9705810546875,1504.6300048828125,2021.23388671875,2563.133056640625,3135.110107421875,3743.35791015625,4394.681640625,5094.97607421875,5850.119140625,6670.39404296875,7567.9541015625,8557.822265625,9671.0341796875,10934.0458984375,12406.6298828125,14194.6904296875,16584.94140625,20702.150390625,26478.009765625
2024-06-15 21:00:00,300.01225662168525,1000.9771208125001,300.54498291015625,300.0700988769531,298.0838928222656,296.0767822265625,294.03680419921875,289.7418212890625,286.32568359375,283.75238037109375,280.14410400390625,279.0184020996094,276.3482971191406,272.6171875,268.21820068359375,263.3605041503906,256.7913818359375,250.01390075683594,241.87660217285156,230.85589599609375,219.3083038330078,206.3459014892578,197.3625030517578,211.87660217285156,220.018798828125,1000.0,975.0,950.0,925.0,900.0,850.0,800.0,750.0,700.0,650.0,600.0,550.0,500.0,450.0,400.0,350.0,300.0,250.0,200.0,150.0,100.0,50.0,20.0,89.60659790039062,313.8075866699219,543.8836059570312,778.0128784179688,1016.412353515625,1507.89794921875,2022.328125,2564.0439453125,3137.35302734375,3745.034912109375,4397.3837890625,5096.26318359375,5850.880859375,6670.76611328125,7567.796875,8556.89453125,9668.0029296875,10930.4619140625,12400.08984375,14188.2197265625,16591.419921875,20713.029296875,26486.4609375
2024-06-16 00:00:00,295.785968347952,1004.4197837995982,297.37408447265625,298.9945068359375,297.4530029296875,295.9440002441406,294.15301513671875,290.6090087890625,286.9440002441406,284.2496032714844,280.89971923828125,276.77801513671875,276.49041748046875,271.9097900390625,268.2296142578125,262.75,256.50250244140625,250.0625,241.697998046875,230.21400451660156,219.70010375976562,205.22320556640625,197.27810668945312,211.61740112304688,219.8800048828125,1000.0,975.0,950.0,925.0,900.0,850.0,800.0,750.0,700.0,650.0,600.0,550.0,500.0,450.0,400.0,350.0,300.0,250.0,200.0,150.0,100.0,50.0,20.0,97.6641845703125,321.7477111816406,549.7225341796875,783.738525390625,1022.0299072265625,1515.302978515625,2031.488037109375,2572.962890625,3147.51611328125,3755.242919921875,4405.490234375,5104.373046875,5857.96923828125,6676.8720703125,7571.81494140625,8561.484375,9672.6953125,10929.1748046875,12403.6796875,14192.5302734375,16591.9609375,20721.009765625,26492.869140625
2024-06-16 03:00:00,296.5237476280189,1002.1738981562501,296.5299072265625,298.0686950683594,297.08868408203125,295.83367919921875,294.2886962890625,290.3786926269531,287.0897216796875,284.150390625,280.6754150390625,277.99951171875,275.4006042480469,271.06170654296875,267.3900146484375,262.12152099609375,256.3502197265625,250.0074005126953,241.46359252929688,231.64939880371094,219.09300231933594,205.63290405273438,197.3406982421875,211.4586944580078,219.47039794921875,1000.0,975.0,950.0,925.0,900.0,850.0,800.0,750.0,700.0,650.0,600.0,550.0,500.0,450.0,400.0,350.0,300.0,250.0,200.0,150.0,100.0,50.0,20.0,101.87789916992188,324.69549560546875,553.37841796875,786.11181640625,1025.115478515625,1517.7769775390625,2033.35986328125,2577.1630859375,3150.4990234375,3759.799072265625,4409.3818359375,5106.06005859375,5857.73876953125,6673.7880859375,7567.94921875,8557.3837890625,9667.484375,10926.279296875,12399.490234375,14185.23046875,16585.51953125,20720.490234375,26483.130859375
2024-06-16 06:00:00,293.45100371875,1001.3740234375,294.82672119140625,296.16259765625,295.6813049316406,294.41241455078125,293.13128662109375,290.21258544921875,287.2962951660156,283.97979736328125,281.38128662109375,277.17431640625,275.52911376953125,271.1942138671875,266.80511474609375,262.1527099609375,255.68829345703125,249.5157928466797,240.7510986328125,231.37030029296875,219.84339904785156,206.3347930908203,197.26809692382812,211.75390625,219.61990356445312,1000.0,975.0,950.0,925.0,900.0,850.0,800.0,750.0,700.0,650.0,600.0,550.0,500.0,450.0,400.0,350.0,300.0,250.0,200.0,150.0,100.0,50.0,20.0,97.57177734375,318.4468078613281,546.1971435546875,778.0020751953125,1016.0662841796875,1507.8780517578125,2023.5849609375,2567.049072265625,3142.06201171875,3750.513916015625,4400.52099609375,5098.65380859375,5850.296875,6666.671875,7559.6162109375,8546.7822265625,9654.1015625,10913.7333984375,12387.990234375,14176.4697265625,16573.259765625,20713.509765625,26478.490234375
2024-06-16 09:00:00,293.694370820904,1002.2730102539062,294.5850830078125,294.867919921875,294.38787841796875,293.3773193359375,292.58331298828125,290.04827880859375,286.7590026855469,283.9486999511719,281.47369384765625,277.673095703125,274.7498779296875,271.24591064453125,266.77630615234375,261.9920959472656,255.67279052734375,248.9532012939453,240.6652069091797,231.9842071533203,219.0424041748047,206.2991943359375,198.47219848632812,211.50379943847656,219.77920532226562,1000.0,975.0,950.0,925.0,900.0,850.0,800.0,750.0,700.0,650.0,600.0,550.0,500.0,450.0,400.0,350.0,300.0,250.0,200.0,150.0,100.0,50.0,20.0,97.9541015625,317.7958068847656,543.5114135742188,775.2769165039062,1012.314453125,1503.0439453125,2018.68505859375,2561.5830078125,3135.501953125,3745.14697265625,4393.744140625,5091.22705078125,5842.73095703125,6658.68994140625,7551.06005859375,8537.015625,9641.306640625,10903.5517578125,12376.080078125,14166.349609375,16570.830078125,20704.640625,26470.4296875
2024-06-16 12:00:00,294.51450447369143,1003.1027221679688,294.99749755859375,294.0115051269531,293.7816162109375,293.02490234375,291.9949035644531,289.58331298828125,286.67340087890625,284.3684997558594,281.7733154296875,278.6134033203125,274.41162109375,270.9042053222656,267.17889404296875,261.48248291015625,255.58819580078125,249.0930938720703,241.15379333496094,232.1573944091797,219.21969604492188,206.10549926757812,197.9532012939453,212.35769653320312,220.9698944091797,1000.0,975.0,950.0,925.0,900.0,850.0,800.0,750.0,700.0,650.0,600.0,550.0,500.0,450.0,400.0,350.0,300.0,250.0,200.0,150.0,100.0,50.0,20.0,106.49688720703125,325.8832092285156,553.147216796875,784.4368286132812,1019.9853515625,1510.72900390625,2025.321044921875,2568.10205078125,3143.8720703125,3754.625,4405.0380859375,5101.15185546875,5853.23681640625,6669.14599609375,7560.748046875,8546.79296875,9653.72265625,10920.0869140625,12392.33984375,14181.7099609375,16584.83984375,20714.609375,26491.169921875
2024-06-16 15:00:00,294.04940459883926,1003.3353271484375,294.90338134765625,293.70428466796875,293.48431396484375,293.2290954589844,292.70611572265625,290.70098876953125,286.9346008300781,284.14990234375,281.45489501953125,278.51678466796875,275.24798583984375,271.05718994140625,267.2023010253906,261.0823974609375,255.54580688476562,249.23069763183594,241.6721954345703,231.6186981201172,219.02769470214844,206.18460083007812,198.5644073486328,212.7886962890625,221.42149353027344,1000.0,975.0,950.0,925.0,900.0,850.0,800.0,750.0,700.0,650.0,600.0,550.0,500.0,450.0,400.0,350.0,300.0,250.0,200.0,150.0,100.0,50.0,20.0,107.77178955078125,327.80670166015625,551.700927734375,783.5947265625,1019.697509765625,1512.4599609375,2028.953125,2571.464111328125,3146.27294921875,3755.868896484375,4407.48291015625,5104.51123046875,5857.88916015625,6673.37109375,7562.9921875,8551.228515625,9658.580078125,10922.4677734375,12394.23046875,14178.9599609375,16590.2109375,20722.19921875,26495.0703125
2024-06-16 18:00:00,298.7994882837945,1002.6459280495983,295.727783203125,293.7891845703125,292.8291931152344,292.0928955078125,291.3328857421875,289.96917724609375,286.847900390625,283.7178955078125,280.80438232421875,278.3475036621094,273.89971923828125,270.7814025878906,267.04791259765625,261.9918212890625,256.714599609375,249.41920471191406,242.17239379882812,231.89939880371094,218.99009704589844,206.71859741210938,197.6522979736328,213.0644073486328,220.02560424804688,1000.0,975.0,950.0,925.0,900.0,850.0,800.0,750.0,700.0,650.0,600.0,550.0,500.0,450.0,400.0,350.0,300.0,250.0,200.0,150.0,100.0,50.0,20.0,94.26959228515625,314.69989013671875,540.9329223632812,771.15478515625,1007.550048828125,1496.7779541015625,2012.531982421875,2555.134033203125,3128.322998046875,3737.784912109375,4387.60302734375,5082.39990234375,5835.23876953125,6651.3671875,7546.01806640625,8535.763671875,9643.4990234375,10908.48828125,12380.9501953125,14170.4697265625,16575.140625,20716.720703125,26480.349609375
2024-06-16 21:00:00,292.7512603037695,1002.1875700312501,293.8760986328125,292.68292236328125,291.95928955078125,291.462890625,290.6929016113281,289.0628967285156,286.41790771484375,283.2611083984375,281.1961975097656,278.2810974121094,274.5587158203125,270.2604064941406,267.632080078125,262.1099853515625,256.8900146484375,249.60350036621094,241.87130737304688,231.55299377441406,219.7342987060547,207.41270446777344,197.51480102539062,212.4925994873047,221.73300170898438,1000.0,975.0,950.0,925.0,900.0,850.0,800.0,750.0,700.0,650.0,600.0,550.0,500.0,450.0,400.0,350.0,300.0,250.0,200.0,150.0,100.0,50.0,20.0,98.330078125,318.1658020019531,541.8433227539062,771.5167846679688,1007.4188232421875,1496.738037109375,2010.755859375,2551.7880859375,3124.573974609375,3734.47607421875,4385.0087890625,5082.5322265625,5832.41796875,6649.93115234375,7543.8662109375,8534.2509765625,9642.255859375,10906.1064453125,12380.0400390625,14173.0,16576.83984375,20723.009765625,26492.009765625
2024-06-17 00:00:00,291.9059671568415,1004.3431846785045,292.8417053222656,292.6317138671875,292.6517028808594,292.3916931152344,291.3616943359375,288.9617004394531,286.7951965332031,283.12518310546875,280.5292053222656,277.190185546875,274.572509765625,271.47119140625,265.25250244140625,261.1600036621094,255.78997802734375,249.33200073242188,241.15469360351562,231.2156982421875,219.8520965576172,207.89990234375,196.66690063476562,211.26010131835938,222.56350708007812,1000.0,975.0,950.0,925.0,900.0,850.0,800.0,750.0,700.0,650.0,600.0,550.0,500.0,450.0,400.0,350.0,300.0,250.0,200.0,150.0,100.0,50.0,20.0,107.78460693359375,327.0777893066406,550.238525390625,781.4274291992188,1016.873291015625,1506.4019775390625,2020.77099609375,2562.31689453125,3134.346923828125,3742.125,4390.431640625,5087.1162109375,5838.23193359375,6651.61279296875,7541.73486328125,8529.822265625,9637.005859375,10898.8037109375,12369.58984375,14161.51953125,16571.69921875,20728.26953125,26482.48046875
2024-06-17 03:00:00,291.8123791177791,1002.2646484375,292.5451965332031,292.5751953125,293.0892028808594,293.0693054199219,292.53070068359375,289.97491455078125,286.55072021484375,284.22491455078125,281.230712890625,276.94970703125,273.2835998535156,269.64752197265625,265.90728759765625,260.12469482421875,254.78997802734375,249.02220153808594,241.460205078125,231.24459838867188,219.82650756835938,207.06350708007812,196.5426025390625,211.76980590820312,221.6999969482422,1000.0,975.0,950.0,925.0,900.0,850.0,800.0,750.0,700.0,650.0,600.0,550.0,500.0,450.0,400.0,350.0,300.0,250.0,200.0,150.0,100.0,50.0,20.0,102.98590087890625,321.72100830078125,546.374267578125,777.0817260742188,1013.068115234375,1504.7840576171875,2019.52392578125,2561.60498046875,3135.841064453125,3744.0859375,4391.16015625,5083.89501953125,5834.81591796875,6646.99609375,7533.2841796875,8518.642578125,9626.4716796875,10888.470703125,12357.8203125,14150.1904296875,16558.0,20704.439453125,26491.970703125
2024-06-17 06:00:00,291.816147162553,1001.3980712890625,292.55181884765625,292.0819091796875,291.836181640625,292.0661926269531,291.01239013671875,289.8251953125,287.01190185546875,283.55230712890625,280.4208984375,277.38800048828125,273.5769958496094,269.0245056152344,265.3192138671875,260.0903015136719,254.349609375,248.65879821777344,241.41050720214844,231.52389526367188,219.539794921875,206.3291015625,198.05149841308594,211.81910705566406,219.514892578125,1000.0,975.0,950.0,925.0,900.0,850.0,800.0,750.0,700.0,650.0,600.0,550.0,500.0,450.0,400.0,350.0,300.0,250.0,200.0,150.0,100.0,50.0,20.0,97.8096923828125,317.3009948730469,540.71826171875,770.2044067382812,1005.9910888671875,1494.3590087890625,2010.81103515625,2552.7080078125,3124.868896484375,3732.428955078125,4380.591796875,5072.77294921875,5819.97802734375,6631.31787109375,7518.98681640625,8502.0087890625,9607.6376953125,10871.771484375,12342.8798828125,14133.2099609375,16545.05859375,20692.05078125,26471.5390625
2024-06-17 09:00:00,292.3674684084989,1000.697021484375,292.960205078125,291.9888000488281,291.2388000488281,290.96881103515625,290.168701171875,289.47882080078125,287.5338134765625,283.93878173828125,280.55731201171875,277.1838073730469,273.2593994140625,269.7703857421875,264.52899169921875,259.4268798828125,254.2611083984375,248.9199981689453,240.69509887695312,231.58909606933594,218.93870544433594,207.34109497070312,198.59640502929688,211.12069702148438,219.64590454101562,1000.0,975.0,950.0,925.0,900.0,850.0,800.0,750.0,700.0,650.0,600.0,550.0,500.0,450.0,400.0,350.0,300.0,250.0,200.0,150.0,100.0,50.0,20.0,86.334716796875,306.1272888183594,529.8464965820312,757.6591796875,993.767822265625,1481.81298828125,1997.97216796875,2540.610107421875,3113.551025390625,3720.501953125,4367.4169921875,5060.3828125,5808.2998046875,6617.369140625,7503.10791015625,8486.7509765625,9590.7802734375,10853.2587890625,12322.3896484375,14109.9501953125,16537.169921875,20680.150390625,26463.419921875
2024-06-17 12:00:00,292.3785424900865,1004.209029405067,292.14862060546875,291.4285888671875,291.1785888671875,290.9085998535156,290.0986022949219,289.2821044921875,287.0740051269531,283.6022033691406,279.9707946777344,276.7958068847656,273.543212890625,268.92999267578125,264.8359069824219,259.75360107421875,253.75531005859375,248.48849487304688,240.4322052001953,231.94459533691406,219.05709838867188,206.52490234375,198.98800659179688,210.9084930419922,219.2718963623047,1000.0,975.0,950.0,925.0,900.0,850.0,800.0,750.0,700.0,650.0,600.0,550.0,500.0,450.0,400.0,350.0,300.0,250.0,200.0,150.0,100.0,50.0,20.0,96.28799438476562,314.4171142578125,538.4631958007812,766.60888671875,1003.086181640625,1489.8489990234375,2004.76611328125,2547.19189453125,3119.97802734375,3726.242919921875,4372.85791015625,5066.97802734375,5812.72119140625,6623.06005859375,7508.40576171875,8491.35546875,9593.1162109375,10856.9814453125,12328.4501953125,14118.259765625,16537.349609375,20689.009765625,26456.869140625
2024-06-17 15:00:00,296.5416246809012,1002.960738389442,294.92999267578125,292.96002197265625,291.71002197265625,290.92999267578125,290.1300048828125,288.44000244140625,286.2349853515625,282.88922119140625,280.37420654296875,277.37420654296875,273.42437744140625,269.6730041503906,264.902587890625,259.5408020019531,254.26950073242188,248.285400390625,240.2209014892578,232.3697052001953,219.01150512695312,206.968994140625,201.12939453125,210.74879455566406,220.35589599609375,1000.0,975.0,950.0,925.0,900.0,850.0,800.0,750.0,700.0,650.0,600.0,550.0,500.0,450.0,400.0,350.0,300.0,250.0,200.0,150.0,100.0,50.0,20.0,93.44847106933594,313.6046142578125,537.6865234375,765.8577270507812,1000.34912109375,1488.1629638671875,2003.15087890625,2543.64404296875,3114.47509765625,3722.93994140625,4370.8330078125,5063.55615234375,5810.43896484375,6619.39697265625,7505.716796875,8489.146484375,9590.732421875,10852.4345703125,12325.73046875,14114.419921875,16543.1796875,20694.44921875,26462.2890625
2024-06-17 18:00:00,295.24953257090397,998.471480576942,295.1192932128906,293.65350341796875,292.40570068359375,291.38568115234375,290.34149169921875,288.5286865234375,286.70867919921875,283.61590576171875,280.61199951171875,277.23779296875,273.6680908203125,270.3671875,264.6600036621094,259.3369140625,254.3260955810547,248.3000030517578,240.1634063720703,232.18690490722656,218.86129760742188,208.67030334472656,199.36819458007812,212.16529846191406,220.9738006591797,1000.0,975.0,950.0,925.0,900.0,850.0,800.0,750.0,700.0,650.0,600.0,550.0,500.0,450.0,400.0,350.0,300.0,250.0,200.0,150.0,100.0,50.0,20.0,65.05137634277344,284.6069030761719,510.0806884765625,739.6337890625,975.473388671875,1462.9830322265625,1977.56787109375,2519.60107421875,3091.905029296875,3699.6630859375,4348.44921875,5042.9521484375,5790.759765625,6598.23486328125,7484.43896484375,8467.2548828125,9568.263671875,10829.7138671875,12302.2099609375,14093.259765625,16541.0390625,20670.609375,26433.099609375
2024-06-17 21:00:00,294.23182329492187,997.31982421875,294.75592041015625,293.54168701171875,292.5579833984375,291.2879943847656,290.25018310546875,288.8201904296875,286.7650146484375,283.69219970703125,280.44720458984375,276.47808837890625,275.2579040527344,270.6719970703125,264.14569091796875,258.4193115234375,254.54440307617188,248.33070373535156,242.88710021972656,232.34750366210938,219.0157012939453,207.9716033935547,200.59210205078125,212.0500946044922,221.74249267578125,1000.0,975.0,950.0,925.0,900.0,850.0,800.0,750.0,700.0,650.0,600.0,550.0,500.0,450.0,400.0,350.0,300.0,250.0,200.0,150.0,100.0,50.0,20.0,63.915313720703125,284.6481018066406,509.275390625,737.9569091796875,972.92431640625,1461.615966796875,1976.2841796875,2518.306884765625,3091.493896484375,3698.2451171875,4346.47802734375,5043.6572265625,5790.287109375,6595.7880859375,7478.9541015625,8462.6611328125,9570.34765625,10838.86328125,12310.58984375,14100.5498046875,16538.75,20672.359375,26440.9296875
2024-06-18 00:00:00,294.01107475571143,998.9715055781251,293.819091796875,292.6091003417969,292.11907958984375,292.1091003417969,291.944091796875,290.14910888671875,286.72412109375,283.6575927734375,281.7991027832031,279.1325988769531,275.26611328125,269.40380859375,263.594482421875,257.1890869140625,254.2410888671875,249.49000549316406,241.21600341796875,231.7012939453125,219.31649780273438,209.0635986328125,199.781005859375,213.1580047607422,223.21539306640625,1000.0,975.0,950.0,925.0,900.0,850.0,800.0,750.0,700.0,650.0,600.0,550.0,500.0,450.0,400.0,350.0,300.0,250.0,200.0,150.0,100.0,50.0,20.0,73.21630859375,293.4248046875,517.534912109375,747.6890258789062,982.1083984375,1472.6519775390625,1989.14892578125,2529.925048828125,3101.783935546875,3712.6259765625,4362.4921875,5056.38623046875,5800.01904296875,6603.501953125,7482.60693359375,8468.1953125,9575.294921875,10838.1396484375,12309.509765625,14101.1904296875,16538.19921875,20678.33984375,26461.890625
2024-06-18 03:00:00,293.21744335773303,998.4942106562501,293.0711975097656,292.3612060546875,292.38238525390625,292.8734130859375,293.2095947265625,291.30181884765625,287.506591796875,283.32879638671875,279.10009765625,279.398193359375,274.56158447265625,268.6665954589844,263.9757080078125,259.0369873046875,253.80050659179688,247.0330047607422,241.34429931640625,231.2299041748047,218.53269958496094,209.4055938720703,199.7220001220703,213.96279907226562,220.33380126953125,1000.0,975.0,950.0,925.0,900.0,850.0,800.0,750.0,700.0,650.0,600.0,550.0,500.0,450.0,400.0,350.0,300.0,250.0,200.0,150.0,100.0,50.0,20.0,68.41676330566406,288.0867004394531,511.6158447265625,743.201904296875,979.03125,1472.366943359375,1988.5830078125,2532.010009765625,3102.447021484375,3711.31494140625,4360.47412109375,5052.47705078125,5795.89599609375,6601.037109375,7485.60791015625,8463.740234375,9565.5068359375,10827.73828125,12296.2001953125,14085.7802734375,16527.0390625,20673.140625,26462.880859375
2024-06-18 06:00:00,291.9387743046875,998.2909635859376,293.05999755859375,292.3601989746094,292.39019775390625,293.01409912109375,292.8591003417969,291.34588623046875,287.2037048339844,283.4176025390625,279.22412109375,279.0278015136719,274.31781005859375,269.4335021972656,264.93511962890625,259.0758972167969,253.089111328125,246.27879333496094,240.9945068359375,231.11329650878906,218.5941925048828,207.55209350585938,200.03709411621094,213.34359741210938,220.41600036621094,1000.0,975.0,950.0,925.0,900.0,850.0,800.0,750.0,700.0,650.0,600.0,550.0,500.0,450.0,400.0,350.0,300.0,250.0,200.0,150.0,100.0,50.0,20.0,67.922607421875,286.0929870605469,510.110107421875,740.1290283203125,977.379638671875,1470.4239501953125,1987.18896484375,2528.989013671875,3100.60400390625,3708.1298828125,4356.27099609375,5048.8232421875,5795.19189453125,6602.48388671875,7486.134765625,8461.53125,9559.984375,10821.521484375,12289.8095703125,14078.6796875,16510.83984375,20670.470703125,26436.970703125
2024-06-18 09:00:00,292.52327860922713,998.6590055781251,292.918701171875,292.04278564453125,291.7711181640625,292.06878662109375,292.268798828125,290.418701171875,287.17010498046875,283.40399169921875,279.230712890625,278.7393798828125,274.3276062011719,270.73028564453125,264.73919677734375,259.0048828125,252.69879150390625,245.4716033935547,240.8721923828125,230.88150024414062,218.71420288085938,207.1352996826172,200.1595001220703,213.01890563964844,218.68609619140625,1000.0,975.0,950.0,925.0,900.0,850.0,800.0,750.0,700.0,650.0,600.0,550.0,500.0,450.0,400.0,350.0,300.0,250.0,200.0,150.0,100.0,50.0,20.0,65.468505859375,284.26141357421875,508.8670654296875,737.4437255859375,974.2188720703125,1466.2230224609375,1981.801025390625,2524.24609375,3095.324951171875,3701.528076171875,4350.0478515625,5044.22998046875,5791.35595703125,6598.55810546875,7480.45703125,8453.84765625,9551.84765625,10811.3564453125,12279.7099609375,14065.4501953125,16505.859375,20676.41015625,26426.060546875
2024-06-18 12:00:00,294.8610969941406,998.8098844843751,293.8865966796875,292.4232177734375,292.47320556640625,293.0343017578125,292.97320556640625,291.1231994628906,287.48577880859375,283.0972900390625,279.42291259765625,277.40667724609375,274.55670166015625,270.3002014160156,263.9031982421875,258.6781005859375,252.07000732421875,245.36410522460938,241.0507049560547,230.95120239257812,218.20660400390625,208.77420043945312,200.56849670410156,212.39639282226562,220.7624969482422,1000.0,975.0,950.0,925.0,900.0,850.0,800.0,750.0,700.0,650.0,600.0,550.0,500.0,450.0,400.0,350.0,300.0,250.0,200.0,150.0,100.0,50.0,20.0,75.7803955078125,294.51239013671875,519.0731201171875,747.5999145507812,986.32177734375,1478.20703125,1994.68017578125,2537.006103515625,3106.94189453125,3713.739013671875,4361.5546875,5055.38720703125,5801.14501953125,6607.0341796875,7486.9921875,8458.4150390625,9556.98828125,10817.84765625,12284.009765625,14073.330078125,16510.900390625,20672.119140625,26419.939453125
2024-06-18 15:00:00,301.54350643448095,996.239666576942,298.4671936035156,296.02239990234375,293.80889892578125,292.80889892578125,294.29058837890625,292.15240478515625,287.89410400390625,283.8660888671875,279.4237060546875,276.82110595703125,275.3511962890625,270.234619140625,263.5819091796875,257.89068603515625,251.76458740234375,245.22940063476562,240.82119750976562,230.7205047607422,218.37229919433594,209.40269470214844,200.86669921875,209.6446990966797,220.33450317382812,1000.0,975.0,950.0,925.0,900.0,850.0,800.0,750.0,700.0,650.0,600.0,550.0,500.0,450.0,400.0,350.0,300.0,250.0,200.0,150.0,100.0,50.0,20.0,67.20860290527344,288.9432067871094,514.5147705078125,746.06787109375,981.863037109375,1476.9320068359375,1994.697021484375,2537.428955078125,3108.93505859375,3714.820068359375,4364.00390625,5059.30908203125,5804.259765625,6608.5361328125,7486.90576171875,8456.892578125,9555.7861328125,10814.9677734375,12280.900390625,14079.5,16518.150390625,20660.1796875,26432.919921875
2024-06-18 18:00:00,297.74529122682753,992.964520092567,300.097900390625,298.88787841796875,297.40789794921875,296.15081787109375,294.86749267578125,292.2066955566406,288.04132080078125,283.47540283203125,280.6311950683594,276.927001953125,276.2691955566406,270.59100341796875,263.501708984375,257.568603515625,251.57220458984375,245.93240356445312,240.20050048828125,230.48519897460938,220.04330444335938,210.13609313964844,200.35719299316406,210.71530151367188,220.70809936523438,1000.0,975.0,950.0,925.0,900.0,850.0,800.0,750.0,700.0,650.0,600.0,550.0,500.0,450.0,400.0,350.0,300.0,250.0,200.0,150.0,100.0,50.0,20.0,36.3240966796875,259.99468994140625,487.552734375,721.1550903320312,959.022216796875,1454.3890380859375,1971.654052734375,2515.131103515625,3087.133056640625,3695.6240234375,4346.7578125,5044.115234375,5789.34814453125,6592.5068359375,7470.40478515625,8441.986328125,9540.9619140625,10797.0126953125,12265.1904296875,14070.009765625,16501.509765625,20641.9609375,26414.880859375
2024-06-18 21:00:00,296.69311987198097,994.637939453125,297.95989990234375,299.0050048828125,299.0281066894531,297.7680969238281,296.60308837890625,292.6947937011719,288.1531066894531,283.34808349609375,280.1298828125,278.63812255859375,276.3240966796875,270.4326171875,263.5697937011719,256.64752197265625,252.31930541992188,246.1060028076172,240.12069702148438,230.52670288085938,219.70419311523438,210.34669494628906,202.47239685058594,212.02760314941406,220.1096954345703,1000.0,975.0,950.0,925.0,900.0,850.0,800.0,750.0,700.0,650.0,600.0,550.0,500.0,450.0,400.0,350.0,300.0,250.0,200.0,150.0,100.0,50.0,20.0,33.59770202636719,257.1856994628906,486.6417236328125,720.1253051757812,959.872314453125,1456.0279541015625,1975.06005859375,2518.285888671875,3090.52099609375,3698.62890625,4351.05908203125,5048.4658203125,5794.2568359375,6596.23876953125,7473.865234375,8447.263671875,9545.734375,10802.7783203125,12270.3095703125,14072.4697265625,16508.009765625,20651.4609375,26424.140625
2024-06-19 00:00:00,297.1907203057379,995.6497802734375,297.0316162109375,298.5780029296875,300.1015930175781,299.60308837890625,298.07159423828125,293.80810546875,288.89990234375,283.8565979003906,279.7781066894531,275.8381042480469,276.08099365234375,270.3302001953125,263.2991943359375,258.8314208984375,251.7205810546875,245.70339965820312,240.08120727539062,230.15170288085938,219.1302032470703,210.16799926757812,202.26820373535156,211.48280334472656,218.8916015625,1000.0,975.0,950.0,925.0,900.0,850.0,800.0,750.0,700.0,650.0,600.0,550.0,500.0,450.0,400.0,350.0,300.0,250.0,200.0,150.0,100.0,50.0,20.0,42.16310119628906,262.8656921386719,492.414794921875,728.9940185546875,969.8251953125,1468.0269775390625,1988.0361328125,2532.154052734375,3103.14111328125,3709.1669921875,4358.552734375,5056.115234375,5801.09423828125,6606.2060546875,7486.06689453125,8456.84765625,9554.6259765625,10809.6240234375,12274.5498046875,14078.5,16519.2890625,20661.2109375,26419.029296875
2024-06-19 03:00:00,298.12213301339136,996.162841796875,296.985595703125,299.17059326171875,299.57049560546875,298.4591064453125,297.1838073730469,293.55059814453125,289.2973937988281,284.27239990234375,279.952392578125,275.66571044921875,275.3984069824219,269.44097900390625,266.37451171875,258.5623779296875,251.65521240234375,246.76040649414062,240.44549560546875,230.16799926757812,218.8863983154297,209.63890075683594,200.6522979736328,213.2519989013672,220.51669311523438,1000.0,975.0,950.0,925.0,900.0,850.0,800.0,750.0,700.0,650.0,600.0,550.0,500.0,450.0,400.0,350.0,300.0,250.0,200.0,150.0,100.0,50.0,20.0,45.605804443359375,269.15008544921875,497.5487060546875,732.9185791015625,972.52197265625,1470.208984375,1989.546875,2534.862060546875,3107.908935546875,3712.2529296875,4361.06201171875,5054.9521484375,5802.4072265625,6611.7587890625,7490.48291015625,8463.8984375,9564.43359375,10820.2890625,12283.4599609375,14087.48046875,16510.21875,20657.0390625,26424.4296875
2024-06-19 06:00:00,297.3534163964843,996.8656005859375,298.43951416015625,298.7626953125,299.0596008300781,298.07958984375,296.82281494140625,293.7164001464844,289.37139892578125,284.50140380859375,278.8464050292969,279.6882019042969,276.6746826171875,270.66058349609375,264.505615234375,258.18121337890625,251.36880493164062,245.38900756835938,239.7541046142578,229.83009338378906,219.70579528808594,209.25059509277344,200.54660034179688,212.45970153808594,219.82020568847656,1000.0,975.0,950.0,925.0,900.0,850.0,800.0,750.0,700.0,650.0,600.0,550.0,500.0,450.0,400.0,350.0,300.0,250.0,200.0,150.0,100.0,50.0,20.0,45.9927978515625,267.477294921875,496.75872802734375,731.9736938476562,971.3577880859375,1468.4849853515625,1988.052978515625,2533.340087890625,3105.06494140625,3711.570068359375,4363.4140625,5060.47216796875,5807.3740234375,6613.70703125,7491.22509765625,8461.970703125,9556.927734375,10810.4970703125,12274.73046875,14079.2802734375,16503.83984375,20646.6796875,26410.08984375
2024-06-19 09:00:00,294.81075883037386,997.459228515625,294.67828369140625,298.26849365234375,298.07830810546875,297.24041748046875,296.13531494140625,293.0751037597656,288.5133056640625,283.4494934082031,280.5946960449219,280.29949951171875,275.95050048828125,270.3203125,263.94921875,257.693603515625,250.83050537109375,245.35960388183594,239.72109985351562,229.28900146484375,221.0102996826172,208.92320251464844,200.26849365234375,209.94790649414062,219.7631072998047,1000.0,975.0,950.0,925.0,900.0,850.0,800.0,750.0,700.0,650.0,600.0,550.0,500.0,450.0,400.0,350.0,300.0,250.0,200.0,150.0,100.0,50.0,20.0,51.9810791015625,272.4955139160156,500.72601318359375,734.85107421875,974.0546875,1469.6209716796875,1989.30810546875,2532.342041015625,3103.445068359375,3712.6689453125,4365.25390625,5061.01416015625,5805.8828125,6610.60400390625,7487.0908203125,8456.23828125,9549.3515625,10801.720703125,12268.2900390625,14076.7099609375,16500.23046875,20651.119140625,26417.890625
2024-06-19 12:00:00,297.1078201135769,999.6898893671876,296.1358947753906,298.9927978515625,298.56280517578125,297.36279296875,296.14208984375,292.2239074707031,287.68890380859375,283.27398681640625,279.6953125,279.8651123046875,275.3765869140625,269.9727783203125,263.47479248046875,257.4812927246094,251.53489685058594,245.2606964111328,239.11219787597656,228.66510009765625,221.595703125,209.38479614257812,200.41580200195312,211.62570190429688,219.98159790039062,1000.0,975.0,950.0,925.0,900.0,850.0,800.0,750.0,700.0,650.0,600.0,550.0,500.0,450.0,400.0,350.0,300.0,250.0,200.0,150.0,100.0,50.0,20.0,75.029296875,297.03350830078125,525.7316284179688,759.2833862304688,998.878173828125,1494.1209716796875,2011.31494140625,2553.697998046875,3124.93310546875,3733.18505859375,4384.244140625,5078.94921875,5822.3701171875,6625.59912109375,7503.5869140625,8474.865234375,9565.517578125,10815.251953125,12281.7802734375,14096.9697265625,16523.44140625,20653.830078125,26416.490234375
2024-06-19 15:00:00,298.0631058255803,1002.308394639442,297.66058349609375,297.5010986328125,298.07098388671875,297.361083984375,296.1309814453125,291.94610595703125,287.64788818359375,283.452880859375,279.09539794921875,279.69830322265625,275.2102966308594,269.8908996582031,263.28887939453125,257.49249267578125,252.23489379882812,245.42120361328125,239.4846954345703,228.70509338378906,221.5529022216797,209.39720153808594,201.0500030517578,211.86219787597656,218.28579711914062,1000.0,975.0,950.0,925.0,900.0,850.0,800.0,750.0,700.0,650.0,600.0,550.0,500.0,450.0,400.0,350.0,300.0,250.0,200.0,150.0,100.0,50.0,20.0,82.77749633789062,305.0884094238281,533.1185913085938,767.0369873046875,1007.0418701171875,1502.18994140625,2019.423828125,2562.990966796875,3133.092041015625,3741.76708984375,4392.90625,5087.0068359375,5831.005859375,6633.7587890625,7511.27099609375,8485.06640625,9577.34375,10827.1259765625,12292.91015625,14107.6298828125,16541.169921875,20663.529296875,26414.560546875
2024-06-19 18:00:00,300.3882802160267,996.998699780067,298.6942138671875,297.7720031738281,297.322021484375,296.10198974609375,294.72698974609375,291.27398681640625,287.6807861328125,284.4539794921875,279.9539794921875,279.1340026855469,275.20660400390625,269.9727783203125,263.5205078125,257.310302734375,251.6649932861328,245.5511932373047,239.2801971435547,228.67750549316406,221.66050720214844,210.67739868164062,201.0460968017578,210.4333038330078,218.3863067626953,1000.0,975.0,950.0,925.0,900.0,850.0,800.0,750.0,700.0,650.0,600.0,550.0,500.0,450.0,400.0,350.0,300.0,250.0,200.0,150.0,100.0,50.0,20.0,69.62030029296875,291.9966125488281,520.130615234375,754.1950073242188,991.407470703125,1485.0760498046875,2002.072021484375,2545.660888671875,3118.568115234375,3727.028076171875,4377.7080078125,5072.05615234375,5815.81884765625,6618.173828125,7495.75390625,8467.357421875,9561.8310546875,10811.3935546875,12278.2197265625,14096.26953125,16525.740234375,20646.599609375,26383.19921875
2024-06-19 21:00:00,296.18170397895926,999.6933073359376,297.97210693359375,300.0343017578125,299.0859069824219,297.35589599609375,295.47088623046875,291.61090087890625,287.38311767578125,283.51129150390625,281.1062927246094,277.2301025390625,273.96258544921875,269.177490234375,263.4871826171875,257.3731994628906,251.9853973388672,246.94239807128906,239.29649353027344,228.60740661621094,221.285400390625,210.73500061035156,200.5312957763672,210.597900390625,218.28399658203125,1000.0,975.0,950.0,925.0,900.0,850.0,800.0,750.0,700.0,650.0,600.0,550.0,500.0,450.0,400.0,350.0,300.0,250.0,200.0,150.0,100.0,50.0,20.0,74.4591064453125,298.1507873535156,527.6383056640625,761.0706176757812,1000.67724609375,1495.251953125,2012.2841796875,2554.06591796875,3126.345947265625,3735.677001953125,4382.6611328125,5074.98583984375,5818.5,6621.72900390625,7499.69921875,8474.2529296875,9573.1689453125,10819.7822265625,12289.6298828125,14103.2099609375,16532.48046875,20668.419921875,26384.98046875
2024-06-20 00:00:00,294.5803618942048,999.864422436317,296.35369873046875,299.4136047363281,298.9503173828125,297.4503173828125,295.80908203125,292.1890869140625,288.5657043457031,284.2969055175781,279.3623046875,276.91558837890625,274.68389892578125,269.24072265625,262.8380126953125,256.9329833984375,252.48800659179688,247.19630432128906,238.91580200195312,228.49679565429688,220.74380493164062,210.75489807128906,200.89639282226562,211.72760009765625,219.68170166015625,1000.0,975.0,950.0,925.0,900.0,850.0,800.0,750.0,700.0,650.0,600.0,550.0,500.0,450.0,400.0,350.0,300.0,250.0,200.0,150.0,100.0,50.0,20.0,90.09490966796875,313.1702880859375,542.0872802734375,776.9666137695312,1016.0712890625,1511.7220458984375,2029.98095703125,2574.156005859375,3146.9990234375,3751.910888671875,4401.39306640625,5094.5068359375,5836.93310546875,6638.1171875,7516.14794921875,8492.47265625,9590.1533203125,10837.765625,12304.0400390625,14117.0703125,16543.58984375,20670.26953125,26386.51953125
2024-06-20 03:00:00,293.0004968503487,1003.3448936628795,295.11181640625,297.66180419921875,297.55902099609375,296.42559814453125,295.0172119140625,291.6188049316406,287.21221923828125,283.4187927246094,279.7120056152344,276.90582275390625,274.2478942871094,268.9653015136719,262.6942138671875,257.7178039550781,253.38690185546875,247.375,238.6887969970703,228.256103515625,219.92449951171875,210.35169982910156,200.04949951171875,211.32969665527344,222.14340209960938,1000.0,975.0,950.0,925.0,900.0,850.0,800.0,750.0,700.0,650.0,600.0,550.0,500.0,450.0,400.0,350.0,300.0,250.0,200.0,150.0,100.0,50.0,20.0,101.27081298828125,322.2304992675781,551.0306396484375,783.8701171875,1022.944580078125,1516.708984375,2034.27587890625,2575.967041015625,3148.5849609375,3756.3720703125,4403.4091796875,5095.96484375,5838.158203125,6639.8291015625,7521.2060546875,8499.7177734375,9598.548828125,10843.78125,12308.0,14118.2197265625,16540.48046875,20669.060546875,26385.9609375
2024-06-20 06:00:00,292.81369193779574,1000.332928295692,294.02911376953125,296.0623779296875,297.44561767578125,296.81060791015625,295.38568115234375,291.45721435546875,287.522216796875,283.0704040527344,279.9519958496094,276.7073974609375,273.15399169921875,268.24749755859375,263.41448974609375,258.66888427734375,253.22650146484375,246.82749938964844,238.3448028564453,228.2279052734375,220.3043975830078,210.23849487304688,199.79449462890625,207.7165985107422,221.29750061035156,1000.0,975.0,950.0,925.0,900.0,850.0,800.0,750.0,700.0,650.0,600.0,550.0,500.0,450.0,400.0,350.0,300.0,250.0,200.0,150.0,100.0,50.0,20.0,97.91796875,318.8500061035156,546.6738891601562,780.5770263671875,1018.77197265625,1512.9000244140625,2030.0439453125,2571.549072265625,3143.260009765625,3748.93505859375,4396.0927734375,5087.076171875,5829.90283203125,6635.73193359375,7518.2861328125,8496.4453125,9591.982421875,10834.77734375,12303.4296875,14114.4501953125,16534.0703125,20656.7109375,26378.859375
2024-06-20 09:00:00,292.09133711928854,1001.8150114375001,292.60009765625,295.3753967285156,296.6300964355469,295.72509765625,294.668212890625,291.97509765625,287.75921630859375,283.53790283203125,280.89019775390625,277.43011474609375,272.9447937011719,268.4732971191406,264.12042236328125,258.99761962890625,253.58349609375,246.58619689941406,237.88389587402344,228.94949340820312,220.2364044189453,209.26539611816406,201.52940368652344,207.2989044189453,220.73150634765625,1000.0,975.0,950.0,925.0,900.0,850.0,800.0,750.0,700.0,650.0,600.0,550.0,500.0,450.0,400.0,350.0,300.0,250.0,200.0,150.0,100.0,50.0,20.0,92.7955322265625,311.256103515625,538.6677856445312,772.1785278320312,1010.0045166015625,1503.52197265625,2021.22314453125,2563.485107421875,3137.14404296875,3744.5859375,4390.85595703125,5081.60400390625,5824.82177734375,6633.02490234375,7516.92578125,8495.01953125,9588.658203125,10832.833984375,12303.6396484375,14107.759765625,16521.62109375,20648.05078125,26372.470703125
2024-06-20 12:00:00,293.7369775082561,1002.91796875,293.80419921875,295.33367919921875,296.20068359375,295.5537109375,294.74371337890625,291.294189453125,287.5830078125,283.7236022949219,280.0736999511719,276.11798095703125,273.21728515625,269.94110107421875,264.16961669921875,259.2257080078125,253.18649291992188,246.4073944091797,237.6396026611328,230.18209838867188,220.9174041748047,209.7198028564453,199.6553955078125,207.94940185546875,221.3603973388672,1000.0,975.0,950.0,925.0,900.0,850.0,800.0,750.0,700.0,650.0,600.0,550.0,500.0,450.0,400.0,350.0,300.0,250.0,200.0,150.0,100.0,50.0,20.0,108.22247314453125,326.8399963378906,554.4002685546875,787.0640258789062,1025.0582275390625,1518.9010009765625,2034.9619140625,2578.5859375,3150.615966796875,3756.263916015625,4401.306640625,5094.0810546875,5839.248046875,6646.53076171875,7529.3779296875,8507.162109375,9600.5537109375,10847.5302734375,12322.75,14128.6298828125,16537.009765625,20649.9609375,26379.91015625
2024-06-20 15:00:00,300.64483236206746,1000.998211498817,298.4674072265625,296.2474060058594,294.4910888671875,295.9674072265625,295.04241943359375,291.8367004394531,287.76239013671875,284.0352783203125,280.51171875,277.5252990722656,274.142578125,269.72637939453125,264.05889892578125,258.4978942871094,253.59368896484375,246.75840759277344,238.5135040283203,231.56350708007812,219.9033966064453,208.6905059814453,200.3751983642578,208.03619384765625,221.11000061035156,1000.0,975.0,950.0,925.0,900.0,850.0,800.0,750.0,700.0,650.0,600.0,550.0,500.0,450.0,400.0,350.0,300.0,250.0,200.0,150.0,100.0,50.0,20.0,105.2215576171875,327.60028076171875,553.9074096679688,786.3026733398438,1025.0302734375,1519.345947265625,2036.81787109375,2579.8369140625,3153.240966796875,3760.636962890625,4409.0732421875,5102.02001953125,5848.2861328125,6653.02880859375,7536.09423828125,8515.365234375,9608.7626953125,10865.783203125,12337.9599609375,14141.6396484375,16543.83984375,20657.490234375,26379.490234375
2024-06-20 18:00:00,302.25026856972084,999.4185270625001,298.330078125,296.6094055175781,297.10650634765625,295.96148681640625,294.6614990234375,291.34332275390625,287.8887939453125,284.1680908203125,280.64990234375,277.76171875,274.3804931640625,269.9136962890625,264.5357971191406,258.3399963378906,253.775390625,245.99989318847656,239.48800659179688,231.69439697265625,220.360107421875,207.26589965820312,199.78480529785156,208.55819702148438,218.42979431152344,1000.0,975.0,950.0,925.0,900.0,850.0,800.0,750.0,700.0,650.0,600.0,550.0,500.0,450.0,400.0,350.0,300.0,250.0,200.0,150.0,100.0,50.0,20.0,84.16084289550781,306.2460021972656,534.2540283203125,766.3651123046875,1004.79150390625,1499.4530029296875,2017.27490234375,2560.5859375,3134.2490234375,3741.803955078125,4390.5322265625,5083.98486328125,5830.91015625,6636.9599609375,7521.0478515625,8499.298828125,9591.69921875,10849.4765625,12327.5,14126.1904296875,16524.0703125,20650.01953125,26368.51953125
2024-06-20 21:00:00,299.4407893509709,999.0134977656251,297.3739013671875,298.9039001464844,298.6539001464844,297.8809814453125,296.3338928222656,292.27569580078125,287.5806884765625,283.2420959472656,280.73748779296875,277.57550048828125,273.732421875,271.6199951171875,264.505615234375,257.0220947265625,252.83258056640625,245.99119567871094,238.91729736328125,232.6425018310547,219.91690063476562,207.94149780273438,200.98500061035156,208.76719665527344,220.5074005126953,1000.0,975.0,950.0,925.0,900.0,850.0,800.0,750.0,700.0,650.0,600.0,550.0,500.0,450.0,400.0,350.0,300.0,250.0,200.0,150.0,100.0,50.0,20.0,79.73309326171875,303.29290771484375,532.7684936523438,766.3353271484375,1006.184326171875,1501.6929931640625,2019.2900390625,2561.322998046875,3133.6220703125,3743.4169921875,4392.240234375,5088.919921875,5837.7890625,6642.11376953125,7521.7109375,8498.833984375,9591.2490234375,10850.2607421875,12331.240234375,14128.0,16541.509765625,20650.970703125,26354.029296875
2024-06-21 00:00:00,298.240565622899,999.243328686317,297.6195983886719,299.39959716796875,299.656494140625,298.38641357421875,296.71148681640625,292.1533203125,287.34332275390625,283.74810791015625,281.2493896484375,279.656494140625,275.5332946777344,271.2523193359375,264.861083984375,257.8045959472656,252.09579467773438,246.24029541015625,238.5229034423828,232.64129638671875,219.735107421875,207.77810668945312,200.5718994140625,209.51829528808594,219.60910034179688,1000.0,975.0,950.0,925.0,900.0,850.0,800.0,750.0,700.0,650.0,600.0,550.0,500.0,450.0,400.0,350.0,300.0,250.0,200.0,150.0,100.0,50.0,20.0,80.19805908203125,303.57098388671875,532.8564453125,768.2166137695312,1007.87646484375,1503.97998046875,2022.14306640625,2564.72607421875,3137.529052734375,3748.943115234375,4401.10205078125,5098.841796875,5847.8701171875,6654.60205078125,7534.05615234375,8509.75,9602.80859375,10861.4580078125,12339.5,14131.51953125,16545.490234375,20654.41015625,26354.6796875
2024-06-21 03:00:00,297.45119280767574,998.104168530067,297.41741943359375,299.70599365234375,300.2127990722656,299.07098388671875,297.2778015136719,292.85247802734375,288.91741943359375,284.3424987792969,279.4725036621094,280.416015625,276.53729248046875,270.6856994628906,264.0399169921875,257.1575012207031,251.82958984375,246.55740356445312,239.99549865722656,232.7626953125,219.36709594726562,208.2176971435547,200.83230590820312,208.38510131835938,221.4512939453125,1000.0,975.0,950.0,925.0,900.0,850.0,800.0,750.0,700.0,650.0,600.0,550.0,500.0,450.0,400.0,350.0,300.0,250.0,200.0,150.0,100.0,50.0,20.0,78.34169006347656,301.20440673828125,531.95947265625,766.7725830078125,1007.8875732421875,1503.844970703125,2022.8271484375,2568.14306640625,3140.634033203125,3748.8359375,4402.37890625,5100.2490234375,5846.31103515625,6650.7001953125,7528.47900390625,8503.408203125,9601.123046875,10863.7431640625,12340.5498046875,14133.26953125,16548.23046875,20658.1796875,26365.4609375
2024-06-21 06:00:00,297.34944962857975,997.299969311317,297.41668701171875,298.456787109375,299.45849609375,298.94677734375,297.39990234375,293.0885925292969,288.4035949707031,283.57861328125,279.0836181640625,281.07537841796875,276.6390075683594,270.52880859375,264.3385009765625,258.23199462890625,252.26220703125,246.87030029296875,239.277099609375,232.4499053955078,219.3177947998047,208.23219299316406,200.0841064453125,208.26109313964844,220.23919677734375,1000.0,975.0,950.0,925.0,900.0,850.0,800.0,750.0,700.0,650.0,600.0,550.0,500.0,450.0,400.0,350.0,300.0,250.0,200.0,150.0,100.0,50.0,20.0,67.40283203125,290.4472961425781,519.3963623046875,754.4052734375,993.7274169921875,1490.0830078125,2009.47900390625,2552.256103515625,3124.214111328125,3734.72705078125,4389.4482421875,5086.96484375,5833.80908203125,6640.31689453125,7519.27978515625,8496.0078125,9592.513671875,10850.9638671875,12326.01953125,14115.6904296875,16536.640625,20645.369140625,26358.099609375
2024-06-21 09:00:00,295.04955726725166,996.654461498817,296.66278076171875,298.4226989746094,299.1875,298.7919921875,297.36700439453125,293.1875,288.4940185546875,283.53399658203125,279.0399169921875,279.7904052734375,275.83831787109375,270.1033020019531,263.80657958984375,257.6492004394531,252.80990600585938,246.9243927001953,239.10850524902344,232.96749877929688,219.14059448242188,207.12890625,203.7895965576172,207.5847930908203,218.4658966064453,1000.0,975.0,950.0,925.0,900.0,850.0,800.0,750.0,700.0,650.0,600.0,550.0,500.0,450.0,400.0,350.0,300.0,250.0,200.0,150.0,100.0,50.0,20.0,64.45005798339844,287.656494140625,514.77392578125,749.9722290039062,989.4564208984375,1486.18896484375,2004.97314453125,2548.14599609375,3119.550048828125,3728.02099609375,4380.06103515625,5076.27685546875,5821.8779296875,6626.7099609375,7505.5029296875,8483.40234375,9579.7841796875,10840.7392578125,12316.25,14100.490234375,16529.3203125,20640.939453125,26367.5390625
2024-06-21 12:00:00,294.63507182392294,1000.848388671875,293.581787109375,297.6318054199219,298.1730041503906,297.5260009765625,296.1109924316406,292.0548095703125,287.8710021972656,283.2947998046875,281.559814453125,277.9927978515625,273.593994140625,269.0010070800781,263.73931884765625,258.3551940917969,253.19830322265625,246.0572052001953,238.93919372558594,233.09710693359375,219.14410400390625,208.8043975830078,200.13699340820312,208.14630126953125,216.50360107421875,1000.0,975.0,950.0,925.0,900.0,850.0,800.0,750.0,700.0,650.0,600.0,550.0,500.0,450.0,400.0,350.0,300.0,250.0,200.0,150.0,100.0,50.0,20.0,83.07893371582031,303.91339111328125,532.6475830078125,765.4276733398438,1004.51904296875,1500.39794921875,2017.302978515625,2559.533935546875,3132.93798828125,3741.8349609375,4390.34765625,5082.38916015625,5826.27001953125,6631.0908203125,7514.6279296875,8490.7734375,9583.15625,10846.951171875,12323.4697265625,14115.0,16545.4296875,20645.669921875,26352.0
2024-06-21 15:00:00,304.3990488747042,1001.092330186317,302.44818115234375,299.98822021484375,297.7554931640625,296.23822021484375,296.32318115234375,292.9046936035156,288.98199462890625,285.53338623046875,282.93231201171875,278.97882080078125,274.6492919921875,269.31597900390625,263.60821533203125,257.6580810546875,253.8197021484375,245.69979858398438,239.81520080566406,232.80650329589844,219.83360290527344,208.2126007080078,198.639404296875,210.70449829101562,217.23269653320312,1000.0,975.0,950.0,925.0,900.0,850.0,800.0,750.0,700.0,650.0,600.0,550.0,500.0,450.0,400.0,350.0,300.0,250.0,200.0,150.0,100.0,50.0,20.0,70.48240661621094,294.8018798828125,523.027587890625,755.3027954101562,993.854248046875,1489.6429443359375,2008.386962890625,2553.41796875,3129.544921875,3740.160888671875,4390.01171875,5084.06298828125,5828.81201171875,6632.60791015625,7515.3388671875,8492.01171875,9584.2080078125,10850.1064453125,12327.3701171875,14121.91015625,16546.8203125,20657.650390625,26357.4609375
2024-06-21 18:00:00,307.8742039293917,996.10693359375,307.01177978515625,304.79949951171875,302.5617980957031,300.30181884765625,297.8768005371094,293.081787109375,288.53179931640625,286.7091064453125,283.714111328125,280.0473937988281,275.0213928222656,269.3319091796875,264.39849853515625,259.6875,253.54888916015625,245.7675018310547,240.00140380859375,232.40960693359375,219.55250549316406,209.67379760742188,199.62030029296875,210.26800537109375,219.51519775390625,1000.0,975.0,950.0,925.0,900.0,850.0,800.0,750.0,700.0,650.0,600.0,550.0,500.0,450.0,400.0,350.0,300.0,250.0,200.0,150.0,100.0,50.0,20.0,32.6011962890625,260.1627197265625,491.6085205078125,728.1177978515625,968.9141845703125,1466.2130126953125,1984.48388671875,2530.072021484375,3107.798095703125,3720.965087890625,4371.7861328125,5065.8662109375,5810.2041015625,6619.2998046875,7502.669921875,8478.234375,9571.4951171875,10835.478515625,12310.9501953125,14109.8798828125,16532.2890625,20647.640625,26345.080078125
2024-06-21 21:00:00,301.3247129293917,996.5309898542857,302.37860107421875,304.9085998535156,303.4219055175781,301.1585998535156,298.997314453125,294.3258056640625,289.5211181640625,285.69610595703125,283.83612060546875,280.6159973144531,274.60272216796875,268.9602966308594,264.7861022949219,260.26287841796875,253.04910278320312,245.60890197753906,239.5084991455078,232.1298065185547,219.21380615234375,209.0718994140625,200.23680114746094,207.93960571289062,219.09959411621094,1000.0,975.0,950.0,925.0,900.0,850.0,800.0,750.0,700.0,650.0,600.0,550.0,500.0,450.0,400.0,350.0,300.0,250.0,200.0,150.0,100.0,50.0,20.0,35.02024841308594,261.4710998535156,493.81640625,730.2301025390625,971.920654296875,1469.989990234375,1990.02783203125,2535.366943359375,3111.8291015625,3726.113037109375,4377.25390625,5070.048828125,5814.77978515625,6624.18310546875,7509.56005859375,8483.86328125,9577.244140625,10838.9150390625,12314.2099609375,14108.7998046875,16535.98046875,20653.0,26353.029296875
2024-06-22 00:00:00,297.83808956821144,995.350506420692,297.4447021484375,302.48468017578125,302.49542236328125,300.72540283203125,298.69219970703125,294.38751220703125,289.70928955078125,285.6445007324219,284.406494140625,280.5369873046875,274.63818359375,270.118408203125,266.5369873046875,260.0122985839844,253.00848388671875,245.90330505371094,238.4499969482422,231.62989807128906,218.6342010498047,208.23170471191406,201.5590057373047,207.4228057861328,219.9582061767578,1000.0,975.0,950.0,925.0,900.0,850.0,800.0,750.0,700.0,650.0,600.0,550.0,500.0,450.0,400.0,350.0,300.0,250.0,200.0,150.0,100.0,50.0,20.0,45.61181640625,269.1264953613281,499.52740478515625,735.9719848632812,977.7197265625,1475.907958984375,1996.05517578125,2541.531005859375,3119.115966796875,3733.595947265625,4385.3310546875,5078.912109375,5827.71923828125,6640.1708984375,7524.04296875,8499.228515625,9591.2734375,10847.5546875,12319.41015625,14106.9501953125,16535.849609375,20652.369140625,26360.08984375
2024-06-22 03:00:00,299.38946132090393,995.488690014442,299.74859619140625,299.7785949707031,300.0386047363281,299.63739013671875,297.722412109375,294.03240966796875,290.347412109375,286.0162048339844,283.3894958496094,279.76300048828125,274.7702941894531,272.1422119140625,266.4468994140625,259.8651123046875,252.947998046875,245.22979736328125,237.2998046875,230.731201171875,218.46240234375,208.38099670410156,200.8957061767578,206.37879943847656,219.10000610351562,1000.0,975.0,950.0,925.0,900.0,850.0,800.0,750.0,700.0,650.0,600.0,550.0,500.0,450.0,400.0,350.0,300.0,250.0,200.0,150.0,100.0,50.0,20.0,49.40673828125,272.7119140625,501.898193359375,735.1754150390625,976.7498779296875,1473.64794921875,1994.625,2541.98291015625,3119.574951171875,3732.18603515625,4382.8701171875,5079.9111328125,5832.2431640625,6643.4130859375,7527.3291015625,8501.3046875,9589.0869140625,10838.541015625,12306.080078125,14092.009765625,16522.5,20651.830078125,26367.25
2024-06-22 06:00:00,297.690458001183,995.9284147578126,298.3153991699219,298.59808349609375,298.602294921875,298.5805969238281,297.53070068359375,293.83740234375,289.764892578125,285.9259033203125,282.66839599609375,279.14599609375,276.2236022949219,272.83709716796875,266.339599609375,259.9440002441406,252.77200317382812,244.79220581054688,237.35110473632812,230.07000732421875,218.3612060546875,208.64540100097656,201.13929748535156,206.8166046142578,219.8737030029297,1000.0,975.0,950.0,925.0,900.0,850.0,800.0,750.0,700.0,650.0,600.0,550.0,500.0,450.0,400.0,350.0,300.0,250.0,200.0,150.0,100.0,50.0,20.0,44.38055419921875,266.0863037109375,493.7147216796875,727.4268188476562,967.438720703125,1464.2740478515625,1985.21484375,2531.593994140625,3108.26611328125,3719.423095703125,4369.212890625,5069.52587890625,5821.828125,6632.77001953125,7517.1337890625,8489.4580078125,9576.0009765625,10823.0927734375,12287.599609375,14079.51953125,16520.01953125,20637.98046875,26337.51953125
2024-06-22 09:00:00,295.41780345445585,994.9351937068858,297.16748046875,297.447509765625,297.8297119140625,298.05499267578125,297.2550048828125,293.444580078125,289.1356201171875,285.9183044433594,283.29461669921875,278.27960205078125,277.5227966308594,272.4920959472656,266.65960693359375,260.052490234375,252.30999755859375,244.47900390625,237.09849548339844,228.55520629882812,219.25489807128906,210.14520263671875,201.6990966796875,207.2855987548828,220.90029907226562,1000.0,975.0,950.0,925.0,900.0,850.0,800.0,750.0,700.0,650.0,600.0,550.0,500.0,450.0,400.0,350.0,300.0,250.0,200.0,150.0,100.0,50.0,20.0,38.65423583984375,260.06878662109375,487.38751220703125,720.7847290039062,960.486572265625,1457.6510009765625,1977.90185546875,2523.551025390625,3100.4619140625,3711.037109375,4362.5361328125,5063.06298828125,5815.2080078125,6628.14404296875,7511.18115234375,8481.251953125,9567.234375,10808.9345703125,12271.509765625,14079.26953125,16521.8203125,20626.060546875,26341.990234375
2024-06-22 12:00:00,296.2442263091852,996.788738842567,296.95208740234375,296.98138427734375,297.6112976074219,297.8394775390625,296.91448974609375,292.7362976074219,288.91632080078125,286.456298828125,283.8262023925781,279.5111999511719,276.84808349609375,271.5744934082031,266.28192138671875,259.3529968261719,251.88690185546875,245.11940002441406,236.92239379882812,228.24940490722656,220.33299255371094,210.1656036376953,200.47340393066406,205.97030639648438,219.3054962158203,1000.0,975.0,950.0,925.0,900.0,850.0,800.0,750.0,700.0,650.0,600.0,550.0,500.0,450.0,400.0,350.0,300.0,250.0,200.0,150.0,100.0,50.0,20.0,56.9461669921875,278.3831787109375,505.728759765625,739.1356811523438,978.857421875,1474.0970458984375,1992.37890625,2539.10302734375,3117.08203125,3729.18994140625,4381.0361328125,5079.40478515625,5829.666015625,6640.4912109375,7521.05322265625,8491.970703125,9579.4765625,10818.958984375,12282.2900390625,14095.0,16538.2109375,20626.509765625,26355.970703125
2024-06-22 15:00:00,305.5585125934542,996.5459684687501,303.3939208984375,301.17388916015625,298.9313049316406,296.66961669921875,294.74407958984375,292.1878967285156,288.626220703125,287.1643981933594,285.5426940917969,281.22601318359375,276.4705810546875,270.5339050292969,264.69097900390625,258.05621337890625,252.35137939453125,245.08810424804688,235.99290466308594,227.63079833984375,220.9615936279297,212.35899353027344,198.88499450683594,209.11990356445312,220.13800048828125,1000.0,975.0,950.0,925.0,900.0,850.0,800.0,750.0,700.0,650.0,600.0,550.0,500.0,450.0,400.0,350.0,300.0,250.0,200.0,150.0,100.0,50.0,20.0,52.5286865234375,277.73370361328125,506.84259033203125,740.0211181640625,978.501220703125,1472.2330322265625,1990.9951171875,2537.1708984375,3118.56494140625,3734.31201171875,4388.0322265625,5084.65283203125,5831.64697265625,6637.498046875,7517.412109375,8490.041015625,9575.5087890625,10809.078125,12273.91015625,14101.3798828125,16534.55859375,20643.48046875,26366.470703125
2024-06-22 18:00:00,307.137830904149,996.2370760662608,306.3305969238281,304.3601989746094,301.87420654296875,299.61419677734375,297.314208984375,292.3858947753906,287.5859069824219,287.25091552734375,286.2677001953125,282.24261474609375,276.78961181640625,270.67578125,263.849609375,258.972412109375,252.23550415039062,243.48500061035156,235.0081024169922,227.3892059326172,221.18479919433594,212.52769470214844,199.1367950439453,209.46189880371094,219.95799255371094,1000.0,975.0,950.0,925.0,900.0,850.0,800.0,750.0,700.0,650.0,600.0,550.0,500.0,450.0,400.0,350.0,300.0,250.0,200.0,150.0,100.0,50.0,20.0,23.84619140625,250.62820434570312,482.31201171875,718.0576171875,959.0853271484375,1455.876953125,1972.68212890625,2516.83203125,3099.14599609375,3717.2041015625,4372.681640625,5070.85498046875,5816.6767578125,6624.34521484375,7506.05517578125,8474.517578125,9553.359375,10784.5068359375,12250.400390625,14083.1103515625,16524.849609375,20640.400390625,26355.05078125
2024-06-22 21:00:00,301.93847570117185,993.7259296200563,302.69720458984375,302.97711181640625,301.489990234375,299.2274169921875,297.0640869140625,292.51641845703125,287.9664001464844,284.51641845703125,286.40179443359375,281.84912109375,276.9237060546875,272.72369384765625,266.1796875,259.0928039550781,251.1798095703125,242.73260498046875,235.09410095214844,227.80760192871094,222.01609802246094,213.31109619140625,198.33070373535156,209.9040069580078,218.5950927734375,1000.0,975.0,950.0,925.0,900.0,850.0,800.0,750.0,700.0,650.0,600.0,550.0,500.0,450.0,400.0,350.0,300.0,250.0,200.0,150.0,100.0,50.0,20.0,28.58905029296875,253.09149169921875,484.48089599609375,719.9212036132812,960.6453857421875,1456.8179931640625,1974.9638671875,2518.4169921875,3097.992919921875,3715.677978515625,4370.544921875,5071.7568359375,5823.3359375,6633.56396484375,7513.6572265625,8477.85546875,9556.205078125,10790.0029296875,12261.009765625,14091.26953125,16529.0,20639.169921875,26375.630859375
2024-06-23 00:00:00,297.17124770717913,994.768231030067,299.1253967285156,303.162109375,301.9215087890625,300.1588134765625,297.9954833984375,293.68780517578125,289.14251708984375,284.1914978027344,285.3215026855469,281.5661926269531,277.45867919921875,271.88189697265625,265.3607177734375,258.0050048828125,250.79248046875,243.41949462890625,235.46730041503906,227.48809814453125,222.26589965820312,212.80470275878906,197.62289428710938,210.6584930419922,217.96490478515625,1000.0,975.0,950.0,925.0,900.0,850.0,800.0,750.0,700.0,650.0,600.0,550.0,500.0,450.0,400.0,350.0,300.0,250.0,200.0,150.0,100.0,50.0,20.0,41.583251953125,266.220703125,497.7532958984375,734.3496704101562,975.218017578125,1473.677001953125,1994.135986328125,2538.926025390625,3115.843994140625,3731.7919921875,4387.02734375,5086.9990234375,5837.1181640625,6643.97412109375,7521.5,8486.34765625,9568.0703125,10800.68359375,12269.3896484375,14097.98046875,16521.55078125,20659.759765625,26366.7890625
2024-06-23 03:00:00,297.54874820913216,994.106121655067,298.11279296875,301.40240478515625,301.9125061035156,300.52008056640625,298.5950927734375,294.4161071777344,289.6060791015625,286.4044189453125,286.0296936035156,282.6820983886719,276.7952880859375,270.414794921875,264.2711181640625,258.906005859375,252.40948486328125,244.36399841308594,235.65109252929688,225.12249755859375,222.4207000732422,210.7353057861328,197.43319702148438,208.32879638671875,219.8325958251953,1000.0,975.0,950.0,925.0,900.0,850.0,800.0,750.0,700.0,650.0,600.0,550.0,500.0,450.0,400.0,350.0,300.0,250.0,200.0,150.0,100.0,50.0,20.0,42.588043212890625,265.58709716796875,496.49267578125,733.448974609375,974.71435546875,1474.98095703125,1996.294921875,2542.9580078125,3122.83203125,3741.135986328125,4397.2021484375,5093.759765625,5839.419921875,6646.43603515625,7528.4921875,8499.53125,9582.1611328125,10810.2314453125,12272.5400390625,14094.3798828125,16517.94921875,20657.51953125,26361.740234375
2024-06-23 06:00:00,297.643346508404,994.0344663816295,299.3074951171875,299.840087890625,300.3419189453125,299.935791015625,298.76190185546875,294.69232177734375,289.747314453125,285.02728271484375,286.3927001953125,281.59271240234375,277.1116027832031,271.39111328125,264.7463073730469,259.1947937011719,252.66070556640625,244.45550537109375,234.65679931640625,224.6531982421875,221.52029418945312,212.98440551757812,197.06460571289062,207.56069946289062,220.3957977294922,1000.0,975.0,950.0,925.0,900.0,850.0,800.0,750.0,700.0,650.0,600.0,550.0,500.0,450.0,400.0,350.0,300.0,250.0,200.0,150.0,100.0,50.0,20.0,45.02288818359375,267.9024963378906,497.701171875,733.600830078125,974.805908203125,1475.010986328125,1997.35693359375,2543.162109375,3121.80810546875,3738.345947265625,4393.2109375,5092.6728515625,5840.27685546875,6648.716796875,7530.8271484375,8502.72265625,9584.01171875,10808.3349609375,12260.990234375,14089.8701171875,16510.490234375,20643.869140625,26373.98046875
2024-06-23 09:00:00,295.49682237499997,993.993328686317,297.3150939941406,298.80419921875,299.8070068359375,299.03662109375,297.4918212890625,293.55657958984375,288.98687744140625,284.773193359375,285.6430969238281,281.6522216796875,276.58770751953125,271.109619140625,265.66619873046875,260.1625061035156,252.7891845703125,244.29168701171875,234.54220581054688,225.40640258789062,220.2969970703125,211.8970947265625,198.82470703125,208.3675994873047,220.25759887695312,1000.0,975.0,950.0,925.0,900.0,850.0,800.0,750.0,700.0,650.0,600.0,550.0,500.0,450.0,400.0,350.0,300.0,250.0,200.0,150.0,100.0,50.0,20.0,46.380615234375,269.86187744140625,497.25146484375,732.7418823242188,973.517822265625,1471.85595703125,1992.28515625,2537.154052734375,3115.264892578125,3730.826904296875,4385.60791015625,5083.5048828125,5832.6572265625,6643.02978515625,7528.19287109375,8499.3017578125,9581.3408203125,10805.984375,12261.9697265625,14076.75,16509.21875,20633.08984375,26360.009765625
2024-06-23 12:00:00,297.3962337442885,999.1701955263062,296.14251708984375,298.3988037109375,298.66650390625,297.6488952636719,295.85711669921875,291.9373779296875,288.0144958496094,285.81390380859375,286.5773010253906,281.96728515625,275.8818054199219,270.59918212890625,265.393798828125,260.02679443359375,252.84869384765625,244.57339477539062,235.3975067138672,226.89219665527344,219.61500549316406,211.17010498046875,198.8397979736328,208.0625,220.73609924316406,1000.0,975.0,950.0,925.0,900.0,850.0,800.0,750.0,700.0,650.0,600.0,550.0,500.0,450.0,400.0,350.0,300.0,250.0,200.0,150.0,100.0,50.0,20.0,72.46923828125,292.9058837890625,521.23779296875,755.6110229492188,995.28564453125,1491.3170166015625,2009.328125,2553.64599609375,3133.083984375,3750.583984375,4404.27587890625,5099.8681640625,5847.7451171875,6658.5361328125,7543.19091796875,8515.4609375,9599.015625,10829.2119140625,12290.669921875,14097.740234375,16528.7109375,20644.5390625,26371.9609375
2024-06-23 15:00:00,305.4492303318833,999.0228271484375,302.515380859375,300.06219482421875,297.82421875,295.82080078125,294.78741455078125,290.87939453125,287.5910949707031,285.7891845703125,285.064208984375,281.2498779296875,276.0747985839844,270.93292236328125,265.7056884765625,259.9503173828125,252.62261962890625,244.908203125,235.9174041748047,227.9864959716797,219.2646942138672,209.8809051513672,201.23089599609375,207.51950073242188,222.52630615234375,1000.0,975.0,950.0,925.0,900.0,850.0,800.0,750.0,700.0,650.0,600.0,550.0,500.0,450.0,400.0,350.0,300.0,250.0,200.0,150.0,100.0,50.0,20.0,77.55517578125,303.00201416015625,530.3048095703125,763.6561279296875,1003.2498779296875,1496.0849609375,2012.762939453125,2557.64208984375,3136.007080078125,3751.248046875,4403.951171875,5101.7919921875,5848.97998046875,6661.28515625,7545.0322265625,8517.35546875,9602.75390625,10836.2646484375,12301.23046875,14101.2197265625,16533.80859375,20648.900390625,26411.01953125
2024-06-23 18:00:00,306.6405873707979,994.7339292722545,304.49908447265625,302.2991943359375,300.0736999511719,297.82098388671875,295.54498291015625,290.89129638671875,286.3630065917969,284.0682067871094,286.6038818359375,281.56390380859375,276.41961669921875,270.86907958984375,266.15240478515625,260.09332275390625,252.555908203125,245.0574951171875,237.03289794921875,228.27999877929688,219.43499755859375,209.67689514160156,201.16270446777344,209.0323028564453,220.17959594726562,1000.0,975.0,950.0,925.0,900.0,850.0,800.0,750.0,700.0,650.0,600.0,550.0,500.0,450.0,400.0,350.0,300.0,250.0,200.0,150.0,100.0,50.0,20.0,53.67974853515625,278.56451416015625,509.295166015625,746.05126953125,985.046875,1478.637939453125,1995.030029296875,2536.541015625,3115.949951171875,3732.4951171875,4385.70703125,5083.09423828125,5832.14404296875,6644.6748046875,7528.84912109375,8500.5859375,9588.0068359375,10826.353515625,12291.509765625,14092.5498046875,16518.46875,20628.01953125,26403.0390625
2024-06-23 21:00:00,299.6250320850195,994.764080639442,301.998291015625,302.8026123046875,300.580322265625,298.32501220703125,296.3005065917969,292.4141845703125,288.0238037109375,283.4923095703125,280.4176940917969,282.18768310546875,276.8092956542969,271.581787109375,266.00927734375,260.3359069824219,253.03329467773438,245.69400024414062,237.48379516601562,229.61500549316406,219.30499267578125,209.08380126953125,201.08270263671875,209.25,218.17849731445312,1000.0,975.0,950.0,925.0,900.0,850.0,800.0,750.0,700.0,650.0,600.0,550.0,500.0,450.0,400.0,350.0,300.0,250.0,200.0,150.0,100.0,50.0,20.0,52.847412109375,278.9765930175781,510.95318603515625,744.9190063476562,985.1165771484375,1482.0550537109375,1999.72900390625,2542.919921875,3113.9140625,3726.7080078125,4381.67578125,5080.64990234375,5830.830078125,6642.28076171875,7527.22607421875,8502.4951171875,9593.712890625,10837.4912109375,12303.7998046875,14100.3203125,16528.669921875,20638.23046875,26401.009765625
2024-06-24 00:00:00,297.9545098752957,999.889449326942,297.3569030761719,295.6669006347656,295.44671630859375,295.9609069824219,294.8140869140625,293.0626220703125,288.9396057128906,283.669921875,279.11419677734375,278.7221984863281,277.2666931152344,271.41851806640625,265.52020263671875,259.4111022949219,252.70230102539062,247.20570373535156,237.67869567871094,229.85890197753906,218.91709899902344,208.24159240722656,202.306396484375,209.68800354003906,220.26669311523438,1000.0,975.0,950.0,925.0,900.0,850.0,800.0,750.0,700.0,650.0,600.0,550.0,500.0,450.0,400.0,350.0,300.0,250.0,200.0,150.0,100.0,50.0,20.0,79.94158935546875,301.03240966796875,526.9498291015625,759.8463134765625,998.9481201171875,1493.623046875,2013.90087890625,2557.090087890625,3128.430908203125,3735.4619140625,4389.22900390625,5088.00390625,5837.041015625,6646.51318359375,7528.85400390625,8507.0009765625,9602.337890625,10849.474609375,12316.0302734375,14107.9599609375,16525.78125,20653.490234375,26395.580078125
2024-06-24 03:00:00,294.6316052644266,1000.4170622187501,293.18389892578125,291.49920654296875,291.791015625,292.5426940917969,291.78271484375,289.7893981933594,287.0377197265625,283.522705078125,280.9826965332031,277.28741455078125,276.2310791015625,270.7944030761719,264.26519775390625,259.2432861328125,253.4541015625,247.06939697265625,238.69679260253906,230.48410034179688,218.422607421875,208.56959533691406,201.82699584960938,209.9678955078125,221.4447021484375,1000.0,975.0,950.0,925.0,900.0,850.0,800.0,750.0,700.0,650.0,600.0,550.0,500.0,450.0,400.0,350.0,300.0,250.0,200.0,150.0,100.0,50.0,20.0,100.60809326171875,318.3960876464844,542.0045166015625,772.5797729492188,1008.35546875,1499.35400390625,2014.9091796875,2556.85107421875,3129.919921875,3739.64697265625,4387.2529296875,5085.6318359375,5831.923828125,6639.86376953125,7523.5517578125,8501.9560546875,9598.466796875,10849.1689453125,12315.759765625,14107.009765625,16533.0390625,20656.55078125,26405.01953125
2024-06-24 06:00:00,292.1567867106417,1000.4170622187501,291.3372802734375,289.6372985839844,289.6882019042969,290.45648193359375,290.6965026855469,290.08819580078125,287.48040771484375,284.10040283203125,280.44708251953125,277.15399169921875,273.69781494140625,269.66387939453125,265.1116943359375,259.9595031738281,254.322998046875,247.1396942138672,239.48980712890625,230.47560119628906,218.8614044189453,208.3625030517578,201.16189575195312,210.4405975341797,222.58790588378906,1000.0,975.0,950.0,925.0,900.0,850.0,800.0,750.0,700.0,650.0,600.0,550.0,500.0,450.0,400.0,350.0,300.0,250.0,200.0,150.0,100.0,50.0,20.0,98.48471069335938,314.4497985839844,536.228515625,764.95361328125,999.8546142578125,1490.032958984375,2005.7080078125,2549.14208984375,3122.09912109375,3729.719970703125,4376.9638671875,5070.97900390625,5818.07421875,6628.3798828125,7515.65478515625,8496.138671875,9593.37109375,10847.31640625,12313.0595703125,14104.0498046875,16535.640625,20650.009765625,26388.009765625
2024-06-24 09:00:00,290.3701469783677,1002.837691514442,290.209716796875,288.55279541015625,287.35009765625,287.87188720703125,289.10931396484375,288.38580322265625,286.91571044921875,283.41961669921875,280.4024963378906,277.055419921875,273.8638000488281,270.52001953125,265.220703125,259.60369873046875,254.3861083984375,248.04629516601562,240.5072021484375,230.8863983154297,218.9197998046875,208.89869689941406,202.2635955810547,209.0334930419922,224.44529724121094,1000.0,975.0,950.0,925.0,900.0,850.0,800.0,750.0,700.0,650.0,600.0,550.0,500.0,450.0,400.0,350.0,300.0,250.0,200.0,150.0,100.0,50.0,20.0,100.2335205078125,315.56878662109375,535.696044921875,761.7587280273438,994.9873046875,1481.79296875,1997.0009765625,2538.9169921875,3111.251953125,3719.1220703125,4367.9931640625,5063.4658203125,5811.2490234375,6621.09716796875,7507.05078125,8488.904296875,9591.236328125,10851.0576171875,12317.5,14107.7001953125,16532.330078125,20638.580078125,26394.580078125
2024-06-24 12:00:00,289.31737764272594,1003.7107633906251,288.5238952636719,286.8955993652344,285.89971923828125,286.66961669921875,288.294677734375,288.069580078125,286.22198486328125,283.86181640625,280.4653015136719,277.07049560546875,273.1201171875,271.70111083984375,265.51641845703125,259.58758544921875,253.6483154296875,247.6842041015625,240.48829650878906,231.00010681152344,219.46249389648438,207.86770629882812,202.3975067138672,208.0626983642578,222.8404998779297,1000.0,975.0,950.0,925.0,900.0,850.0,800.0,750.0,700.0,650.0,600.0,550.0,500.0,450.0,400.0,350.0,300.0,250.0,200.0,150.0,100.0,50.0,20.0,123.02969360351562,337.2210998535156,556.193359375,781.1072998046875,1013.1767578125,1499.636962890625,2012.510009765625,2555.054931640625,3127.51806640625,3734.864013671875,4382.626953125,5077.89794921875,5827.8818359375,6636.99609375,7522.9150390625,8502.509765625,9604.361328125,10864.0966796875,12333.4404296875,14129.75,16546.2109375,20649.1796875,26416.01953125
2024-06-24 15:00:00,288.59229867998323,1006.230513780067,287.6679992675781,285.99798583984375,285.0579833984375,285.837890625,287.337890625,287.75970458984375,285.9346923828125,283.2113952636719,281.2113952636719,277.96807861328125,273.68609619140625,270.63311767578125,264.9143981933594,259.5158996582031,253.900390625,248.3354034423828,240.3614959716797,230.96180725097656,220.21969604492188,206.87660217285156,199.59039306640625,208.45550537109375,221.90310668945312,1000.0,975.0,950.0,925.0,900.0,850.0,800.0,750.0,700.0,650.0,600.0,550.0,500.0,450.0,400.0,350.0,300.0,250.0,200.0,150.0,100.0,50.0,20.0,137.84100341796875,351.8559875488281,570.5997924804688,794.2827758789062,1025.081298828125,1509.927978515625,2023.037109375,2564.695068359375,3137.083984375,3746.991943359375,4395.80908203125,5090.7451171875,5838.740234375,6647.51123046875,7532.26806640625,8512.8681640625,9617.01953125,10875.736328125,12347.990234375,14139.8798828125,16553.01953125,20656.970703125,26442.140625
2024-06-24 18:00:00,288.4620565259821,1006.0826866316295,288.59100341796875,286.6708984375,285.2218933105469,285.25091552734375,286.50091552734375,287.4219055175781,286.2218933105469,282.7424011230469,280.36749267578125,278.17071533203125,274.08349609375,271.3424987792969,264.9232177734375,259.46832275390625,253.58749389648438,248.1324005126953,240.6678009033203,230.28140258789062,220.16769409179688,206.68800354003906,199.4158935546875,210.0113983154297,220.51370239257812,1000.0,975.0,950.0,925.0,900.0,850.0,800.0,750.0,700.0,650.0,600.0,550.0,500.0,450.0,400.0,350.0,300.0,250.0,200.0,150.0,100.0,50.0,20.0,124.63119506835938,338.75860595703125,557.62890625,781.4428100585938,1011.3779296875,1495.488037109375,2007.89599609375,2548.860107421875,3120.56689453125,3729.821044921875,4380.1337890625,5076.658203125,5824.88916015625,6633.39306640625,7518.2412109375,8498.6015625,9601.232421875,10860.259765625,12325.51953125,14118.9697265625,16535.080078125,20644.560546875,26420.130859375
2024-06-24 21:00:00,286.74813018779577,1005.644332139442,287.3486022949219,285.92327880859375,284.73358154296875,284.76531982421875,286.51708984375,286.43878173828125,284.9804992675781,282.5189208984375,279.88568115234375,277.39239501953125,276.0260009765625,272.09197998046875,266.13189697265625,259.97369384765625,253.44268798828125,248.2469024658203,241.6580047607422,230.11489868164062,220.3126983642578,206.31820678710938,198.77920532226562,211.85699462890625,221.33740234375,1000.0,975.0,950.0,925.0,900.0,850.0,800.0,750.0,700.0,650.0,600.0,550.0,500.0,450.0,400.0,350.0,300.0,250.0,200.0,150.0,100.0,50.0,20.0,132.02810668945312,345.974609375,563.6734619140625,787.2973022460938,1018.0380859375,1500.75,2010.7470703125,2550.251953125,3121.514892578125,3729.048095703125,4377.01806640625,5077.18017578125,5827.47509765625,6639.22021484375,7523.51416015625,8504.2421875,9608.8017578125,10869.4658203125,12333.919921875,14129.23046875,16530.44921875,20665.48046875,26421.939453125
