,datetime,muons,IoTPC,lab_temp,Ps,TMP_MSS
0,2024-09-16 18:00:00,1847.299,1879.4934457429129,293.08166666666665,1008.6048063593752,258.92905574889744
1,2024-09-16 19:00:00,1858.547,1889.5084100461004,293.23,1007.6307167964808,259.0728073275711
2,2024-09-16 20:00:00,1851.6116949152545,1880.664475339678,293.315,1006.6566272335864,259.2165589062448
3,2024-09-16 21:00:00,1864.0785,1891.0921283574576,293.32666666666665,1005.682537670692,259.36031048491844
4,2024-09-16 22:00:00,1843.6545000000003,1873.90259655714,293.245,1007.4648871290252,259.3226166355781
5,2024-09-16 23:00:00,1851.6493220338984,1884.603995536544,292.99666666666667,1009.2472365873588,259.28492278623764
6,2024-09-17 00:00:00,1853.9220000000005,1889.2348212996117,292.7033333333333,1011.029586045692,259.2472289368973
7,2024-09-17 01:00:00,1859.9715000000003,1892.038179840118,292.43833333333333,1010.2262903429612,259.2296169482318
8,2024-09-17 02:00:00,1867.4825000000003,1896.4374889737776,292.195,1009.4229946402306,259.2120049595663
9,2024-09-17 03:00:00,1858.029,1883.588851891722,291.94666666666666,1008.6196989375,259.1943929709008
10,2024-09-17 04:00:00,1869.166,1892.3672321187105,291.74333333333334,1008.0294656328124,259.16973272155644
12,2024-09-17 06:00:00,1874.3572881355933,1892.7287116896775,291.3593220338983,1006.8489990234376,259.12041222286774
13,2024-09-17 07:00:00,1871.5895,1889.6989879666648,291.235,1007.0940091506474,259.1969240506774
14,2024-09-17 08:00:00,1868.8700000000003,1886.6756445474728,291.1033333333333,1007.3390192778572,259.273435878487
15,2024-09-17 09:00:00,1855.957,1873.1989885899425,290.9433333333333,1007.584029405067,259.3499477062967
16,2024-09-17 10:00:00,1865.947,1882.969097867876,290.9,1007.577748119003,259.4111562340501
17,2024-09-17 11:00:00,1863.098,1881.3121915918005,291.11833333333334,1007.571466832939,259.4723647618036
18,2024-09-17 12:00:00,1853.0895000000005,1873.1461649607004,291.46166666666664,1007.565185546875,259.533573289557
19,2024-09-17 13:00:00,1851.781016949153,1872.594318559926,291.8333333333333,1007.0130441770832,259.7541277038594
20,2024-09-17 14:00:00,1861.692,1884.0460800365445,292.31666666666666,1006.4609028072916,259.9746821181617
21,2024-09-17 15:00:00,1855.0135,1878.8101009395336,292.81666666666666,1005.9087614375,260.1952365324641
22,2024-09-17 16:00:00,1848.964,1871.9036188568143,293.22,1004.5658252395832,260.37359643052963
23,2024-09-17 17:00:00,1851.2765,1872.765783159649,293.50333333333333,1003.2228890416666,260.5519563285952
24,2024-09-17 18:00:00,1857.1780000000003,1877.0780888736,293.75666666666666,1001.87995284375,260.73031622666065
25,2024-09-17 19:00:00,1853.210847457628,1871.5679577233093,293.80833333333334,1001.0767210282514,260.7415733309068
26,2024-09-17 20:00:00,1859.7125000000003,1876.8045709844464,293.89,1000.2734892127528,260.75283043515293
27,2024-09-17 21:00:00,1847.397457627119,1862.458054066386,293.86833333333334,999.4702573972544,260.7640875393991
28,2024-09-17 22:00:00,1861.84,1879.1764100538603,293.815,1000.5199084835864,260.6009927659313
29,2024-09-17 23:00:00,1852.997,1872.6342869332032,293.8016666666667,1001.569559569918,260.43789799246355
30,2024-09-18 00:00:00,1850.3115789473688,1872.37113347845,293.8,1002.61921065625,260.27480321899577
31,2024-09-18 01:00:00,1858.7044067796608,1880.1681733001496,293.76,1002.4493294713542,260.3855917989928
32,2024-09-18 02:00:00,1854.8285000000003,1875.4367208855415,293.7,1002.2794482864584,260.49638037898984
33,2024-09-18 03:00:00,1860.2675,1880.1428267807185,293.6433333333333,1002.1095671015626,260.60716895898685
34,2024-09-18 04:00:00,1844.594237288136,1863.376723795632,293.495,1002.0340462682292,260.46618474307644
35,2024-09-18 05:00:00,1839.7695,1857.657376230234,293.36,1001.958525434896,260.3252005271661
36,2024-09-18 06:00:00,1846.7995,1864.2938646626403,293.2916666666667,1001.8830046015626,260.1842163112557
37,2024-09-18 07:00:00,1861.3405,1878.3084016366977,293.2266666666667,1001.7545459427084,260.1797432757069
38,2024-09-18 08:00:00,1850.703,1866.478375916552,293.08666666666664,1001.6260872838542,260.1752702401581
39,2024-09-18 09:00:00,1853.108,1867.8365838713091,292.95166666666665,1001.497628625,260.17079720460936
40,2024-09-18 10:00:00,1857.387457627119,1872.5724664612324,292.9,1001.8427936193972,260.23575104571904
41,2024-09-18 11:00:00,1851.254237288136,1867.342451912189,292.94,1002.1879586137946,260.3007048868288
42,2024-09-18 12:00:00,1855.1245,1873.0757039833477,293.13,1002.533123608192,260.36565872793847
43,2024-09-18 13:00:00,1849.5560000000005,1868.954353312317,293.33666666666664,1002.7195258009004,260.52371115241147
44,2024-09-18 14:00:00,1854.0762711864409,1876.000019631652,293.71,1002.9059279936088,260.68176357688446
45,2024-09-18 15:00:00,1851.0915,1875.709972554677,294.12666666666667,1003.092330186317,260.83981600135746
46,2024-09-18 16:00:00,1839.27,1861.1143976550309,294.49333333333334,1001.0227899727752,261.0399259957296
47,2024-09-18 17:00:00,1851.554,1870.2640766999905,294.74833333333333,998.9532497592336,261.24003599010183
48,2024-09-18 18:00:00,1845.745,1860.187090283368,294.84,996.883709545692,261.440145984474
49,2024-09-18 19:00:00,1832.61,1847.196826360928,294.99666666666667,996.6178810951712,261.5333525122774
50,2024-09-18 20:00:00,1856.4010000000003,1871.45705003472,295.1583333333333,996.3520526446504,261.6265590400808
51,2024-09-18 21:00:00,1857.3686440677968,1869.9192780637932,294.84,996.0862241941296,261.7197655678842
52,2024-09-18 22:00:00,1866.6500000000003,1880.0083248145331,294.66,996.8815214393156,261.6995279114067
53,2024-09-18 23:00:00,1862.3025,1876.4413246984632,294.4916666666667,997.6768186845017,261.6792902549291
54,2024-09-19 00:00:00,1865.087068965517,1880.4012935068613,294.38166666666666,998.4721159296876,261.6590525984515
55,2024-09-19 01:00:00,1861.322,1875.7897115740789,294.31333333333333,998.3066292760416,261.723064224676
56,2024-09-19 02:00:00,1866.3355000000004,1879.693470017482,294.18833333333333,998.1411426223958,261.7870758509005
57,2024-09-19 03:00:00,1869.314,1882.4213316900484,294.2133333333333,997.97565596875,261.851087477125
58,2024-09-19 04:00:00,1879.008,1888.6228192984856,294.0233333333333,996.9022825516888,261.8840339106798
59,2024-09-19 05:00:00,1878.4398305084749,1885.8180809933492,294.05833333333334,995.828909134628,261.91698034423456
60,2024-09-19 06:00:00,1866.169,1871.0304551602892,294.05,994.755535717567,261.94992677778936
61,2024-09-19 07:00:00,1871.9965,1876.5745487534043,294.025,994.6754982826712,261.91374432752474
62,2024-09-19 08:00:00,1863.394,1867.3441084221413,293.94666666666666,994.5954608477754,261.8775618772601
63,2024-09-19 09:00:00,1864.1710000000005,1867.660992260218,293.8933333333333,994.5154234128796,261.8413794269955
64,2024-09-19 10:00:00,1873.0140000000004,1878.3219705751528,293.90166666666664,995.3090523637948,261.873868510887
65,2024-09-19 11:00:00,1878.4774576271188,1885.520870655612,293.8949152542373,996.10268131471,261.90635759477846
67,2024-09-19 13:00:00,1866.5945,1874.354066258429,294.1583333333333,995.8428749996058,262.17240018909706
68,2024-09-19 14:00:00,1864.4425423728808,1870.8559168942304,294.3616666666667,994.7894397335864,262.4059536995242
69,2024-09-19 15:00:00,1872.9585,1878.4384356466016,294.63,993.736004467567,262.6395072099513
70,2024-09-19 16:00:00,1868.3520000000003,1872.403330224301,294.925,992.4025897540254,262.853054769747
71,2024-09-19 17:00:00,1870.7385,1875.5262095847145,295.5883333333333,991.0691750404836,263.0666023295427
72,2024-09-19 18:00:00,1881.302,1886.1776985861316,296.13666666666666,989.735760326942,263.2801498893384
73,2024-09-19 19:00:00,1868.463,1875.067388927041,296.32166666666666,990.068631884628,263.36260454097913
74,2024-09-19 20:00:00,1872.3110000000004,1879.8386503704369,296.36,990.401503442314,263.44505919261985
75,2024-09-19 21:00:00,1881.6720000000005,1889.5740250342812,296.3,990.734375,263.52751384426057
76,2024-09-19 22:00:00,1881.4500000000005,1888.9550129418635,296.26,990.62949009596,263.4252216463001
77,2024-09-19 23:00:00,1864.1895,1870.418795846174,296.08,990.5246051919196,263.32292944833966
78,2024-09-20 00:00:00,1872.1815000000004,1877.2262433486185,295.9,990.4197202878796,263.2206372503792
79,2024-09-20 01:00:00,1872.2555,1881.7466209171264,295.99666666666667,992.1339138217336,263.16626191693194
80,2024-09-20 02:00:00,1869.0735,1882.6560714759344,296.035,993.848107355588,263.11188658348465
81,2024-09-20 03:00:00,1864.1710000000005,1881.3946071954645,296.0,995.562300889442,263.0575112500374
82,2024-09-20 04:00:00,1865.54,1879.1506720567336,296.0,993.8896926420462,262.88593992751566
83,2024-09-20 05:00:00,1877.935,1887.95431785823,295.99333333333334,992.2170843946502,262.7143686049939
84,2024-09-20 06:00:00,1864.1710000000005,1870.2462329087325,295.9483333333333,990.5444761472544,262.5427972824722
85,2024-09-20 07:00:00,1874.2905,1883.9454998054744,295.9433333333333,992.0968708169196,262.41669437598745
86,2024-09-20 08:00:00,1877.121,1890.1240924705248,295.9,993.6492654865848,262.29059146950266
87,2024-09-20 09:00:00,1854.2365,1870.641518154781,295.90166666666664,995.20166015625,262.1644885630179
88,2024-09-20 10:00:00,1857.1965,1874.1529505208605,295.6066666666667,996.0581288125,261.7106424415195
89,2024-09-20 11:00:00,1865.207,1882.569088708469,295.2783333333333,996.91459746875,261.256796320021
90,2024-09-20 12:00:00,1861.7105,1879.644739125768,294.99666666666667,997.771066125,260.8029501985226
91,2024-09-20 13:00:00,1870.5350000000003,1888.406768243727,294.8666666666667,998.0091032343752,260.6940195760175
92,2024-09-20 14:00:00,1858.0475000000004,1876.6064212896229,294.9,998.24714034375,260.5850889535124
93,2024-09-20 15:00:00,1874.309,1893.971827761418,294.955,998.4851774531252,260.4761583310073
94,2024-09-20 16:00:00,1869.9245,1890.345159354855,295.165,998.315898286064,260.54276422725155
95,2024-09-20 17:00:00,1867.9635,1888.382912598263,295.2416666666667,998.146619119003,260.6093701234958
96,2024-09-20 18:00:00,1877.9905000000003,1898.18558825186,295.2583333333333,997.977339951942,260.67597601974
97,2024-09-20 19:00:00,1870.4795,1888.4702803022096,295.13666666666666,997.3264693794196,260.59744198308675
98,2024-09-20 20:00:00,1863.69,1878.236065772663,294.79833333333335,996.6755988068976,260.51890794643344
99,2024-09-20 21:00:00,1872.348,1884.01199272126,294.535,996.0247282343752,260.4403739097802
100,2024-09-20 22:00:00,1866.5945,1882.1652300194849,294.6383333333333,997.5008024531252,260.400167644088
101,2024-09-20 23:00:00,1869.3880000000004,1888.2242419013012,294.62,998.9768766718752,260.35996137839567
102,2024-09-21 00:00:00,1870.3315,1891.916705276546,294.515,1000.4529508906252,260.31975511270343
103,2024-09-21 01:00:00,1862.166101694916,1882.8851061848104,294.44666666666666,1000.2944222447918,260.34132981079443
104,2024-09-21 02:00:00,1864.0785,1884.017046415633,294.37333333333333,1000.1358935989584,260.36290450888544
105,2024-09-21 03:00:00,1867.7415000000003,1886.691333784828,294.26166666666666,999.9773649531252,260.38447920697644
106,2024-09-21 04:00:00,1875.6410000000003,1893.835588300347,294.1766666666667,999.8378792760418,260.41115174952427
107,2024-09-21 05:00:00,1869.8875,1887.48727515199,294.14166666666665,999.6983935989584,260.43782429207204
108,2024-09-21 06:00:00,1874.8652542372884,1891.4911636014244,294.025,999.5589079218752,260.46449683461987
109,2024-09-21 07:00:00,1883.559,1899.483057866397,293.9033333333333,999.5630583125,260.5585733580129
110,2024-09-21 08:00:00,1885.7975000000004,1901.177701266443,293.8183333333333,999.5672087031252,260.65264988140586
111,2024-09-21 09:00:00,1887.4625000000003,1902.1551404535144,293.71,999.57135909375,260.7467264047989
112,2024-09-21 10:00:00,1876.1405,1892.2422343959845,293.6683333333333,1000.3550828563764,260.7809173571298
113,2024-09-21 11:00:00,1877.6496610169493,1895.303259567029,293.6333333333333,1001.138806619003,260.81510830946075
114,2024-09-21 12:00:00,1880.5805000000005,1900.2079761089567,293.6666666666667,1001.9225303816296,260.84929926179166
115,2024-09-21 13:00:00,1880.5657627118649,1900.1627278330172,293.73833333333334,1001.7943158634004,261.0703474210597
116,2024-09-21 14:00:00,1877.602,1897.4917862596135,293.87,1001.6661013451712,261.2913955803277
117,2024-09-21 15:00:00,1892.402,1913.5979068521815,294.14,1001.537886826942,261.5124437395957
120,2024-09-21 18:00:00,1893.3085000000003,1902.39672802108,294.78833333333336,994.76960128125,262.2733421030572
121,2024-09-21 19:00:00,1890.5705000000005,1900.4408466299544,294.98833333333334,994.6087126093752,262.3031184960493
122,2024-09-21 20:00:00,1889.479,1899.9024368131236,295.1483333333333,994.4478239375,262.3328948890415
123,2024-09-21 21:00:00,1874.564237288136,1885.254729686956,295.2733333333333,994.2869352656252,262.3626712820336
124,2024-09-21 22:00:00,1880.303,1892.2795765676483,295.2266666666667,994.9769347083336,262.4012084962274
125,2024-09-21 23:00:00,1871.83,1885.0793044072395,295.1933333333333,995.6669341510416,262.4397457104212
126,2024-09-22 00:00:00,1865.1885,1879.3630165800964,295.1,996.35693359375,262.47828292461503
127,2024-09-22 01:00:00,1870.9975,1884.4792351126705,294.97,996.3582356770834,262.4480839631673
128,2024-09-22 02:00:00,1878.4715,1891.5812112810968,294.8933333333333,996.3595377604166,262.41788500171947
129,2024-09-22 03:00:00,1865.0960000000005,1877.9231966319264,294.8566666666667,996.36083984375,262.3876860402717
130,2024-09-22 04:00:00,1864.0850847457627,1876.3779063157035,294.81,996.2633463541666,262.4382886880697
131,2024-09-22 05:00:00,1874.716,1886.763773417236,294.8,996.1658528645834,262.4888913358676
132,2024-09-22 06:00:00,1878.9895,1890.8077160235127,294.8,996.068359375,262.5394939836656
133,2024-09-22 07:00:00,1879.8035000000004,1891.6562026244692,294.775,996.1070149739584,262.4181890308151
134,2024-09-22 08:00:00,1879.2485000000004,1890.8918363094213,294.71,996.1456705729166,262.29688407796453
135,2024-09-22 09:00:00,1874.605,1885.9946803049927,294.64166666666665,996.184326171875,262.17557912511404
136,2024-09-22 10:00:00,1877.7315000000003,1888.6883830973773,294.6016666666667,996.11972447096,262.2726778314232
137,2024-09-22 11:00:00,1874.346,1885.2426019971117,294.63166666666666,996.0551227700448,262.3697765377324
138,2024-09-22 12:00:00,1871.2565,1882.504431148678,294.7316666666667,995.9905210691296,262.46687524404155
139,2024-09-22 13:00:00,1873.266101694916,1886.4500648093735,294.84833333333336,996.6404242384004,262.76842810487364
140,2024-09-22 14:00:00,1884.965,1901.0755252349336,295.11833333333334,997.2903274076712,263.0699809657058
141,2024-09-22 15:00:00,1885.5325423728816,1904.5367477025231,295.395,997.940230576942,263.37153382653787
142,2024-09-22 16:00:00,1898.4885,1916.184692799464,295.745,996.4504287830656,263.532530690854
143,2024-09-22 17:00:00,1897.8410000000003,1913.7965336010705,296.045,994.9606269891888,263.6935275551702
144,2024-09-22 18:00:00,1879.8035000000004,1893.6061646033736,296.2966666666667,993.4708251953124,263.8545244194863
145,2024-09-22 19:00:00,1878.9895,1894.3751671052864,296.555,993.4855550130208,263.8076890890109
146,2024-09-22 20:00:00,1872.1445,1888.285311599562,296.6816666666667,993.5002848307292,263.7608537585356
147,2024-09-22 21:00:00,1863.5605000000005,1880.37664828044,296.79833333333335,993.5150146484376,263.71401842806017
148,2024-09-22 22:00:00,1852.627,1869.2462408403064,296.8,993.4703917886684,263.7256852622235
149,2024-09-22 23:00:00,1860.0270000000005,1875.8943698008145,296.67833333333334,993.425768928899,263.7373520963868
150,2024-09-23 00:00:00,1864.0850847457627,1879.4206403801152,296.6,993.3811460691296,263.74901893055016
151,2024-09-23 01:00:00,1855.581355932204,1870.1364221973988,296.4533333333333,993.411256746213,263.64530519274683
152,2024-09-23 02:00:00,1847.9465,1862.1879144575332,296.385,993.4413674232962,263.54159145494344
153,2024-09-23 03:00:00,1863.838,1877.6637262465356,296.2683333333333,993.4714781003796,263.4378777171401
154,2024-09-23 04:00:00,1847.980677966102,1861.5328449797532,296.1683333333333,993.622479076942,263.31657566235094
155,2024-09-23 05:00:00,1872.1445,1885.764783949859,296.07666666666665,993.7734800535044,263.1952736075618
156,2024-09-23 06:00:00,1872.8845,1886.2543904079848,295.96,993.924481030067,263.0739715527726
157,2024-09-23 07:00:00,1872.977,1885.9966438983,295.86,993.997234936317,262.97577450826634
158,2024-09-23 08:00:00,1875.5855,1888.4579059609664,295.7916666666667,994.069988842567,262.8775774637601
159,2024-09-23 09:00:00,1874.4755,1887.625018070023,295.8,994.142742748817,262.7793804192538
160,2024-09-23 10:00:00,1865.4475,1880.9781150984627,295.75166666666667,995.392833288274,262.8816471521147
161,2024-09-23 11:00:00,1876.3625,1894.5146512105864,295.715,996.6429238277308,262.9839138849756
162,2024-09-23 12:00:00,1881.3205000000005,1903.294052729546,295.88666666666666,997.8930143671876,263.0861806178365
163,2024-09-23 13:00:00,1867.7045,1889.6234400088008,296.09166666666664,997.4890196692708,263.3447389271307
164,2024-09-23 14:00:00,1863.9120000000005,1876.4525957963945,294.68333333333334,997.0850249713544,263.60329723642496
165,2024-09-23 15:00:00,1899.7095,1890.4710415804127,291.14666666666665,996.6810302734376,263.8618555457192
166,2024-09-23 16:00:00,1921.524827586207,1907.5048242098828,290.74,995.7359619140624,264.0074732475024
167,2024-09-23 17:00:00,1909.4405,1891.726799481468,290.4783333333333,994.7908935546876,264.1530909492856
168,2024-09-23 18:00:00,1902.5017241379312,1883.218413968324,290.58,993.8458251953124,264.2987086510688
169,2024-09-23 19:00:00,1906.7503448275863,1888.775912734928,290.51,994.6290840204388,264.2991182559553
170,2024-09-23 20:00:00,1920.5775,1903.509842395302,290.385,995.4123428455656,264.2995278608417
171,2024-09-23 21:00:00,1899.4357627118643,1884.2559855842317,290.375,996.195601670692,264.29993746572825
173,2024-09-23 23:00:00,1901.4111864406784,1887.2231220331068,290.2525423728813,996.8988894311086,264.1038015152222
174,2024-09-24 00:00:00,1913.6955,1900.506143398957,290.29,997.250533311317,264.0057335399692
175,2024-09-24 01:00:00,1903.2245,1889.7779234428256,290.38166666666666,996.859265603378,263.9873262788838
176,2024-09-24 02:00:00,1902.8915,1888.785130708276,290.4166666666667,996.467997895439,263.96891901779844
177,2024-09-24 03:00:00,1904.723,1889.1374410247884,290.315,996.0767301875,263.95051175671307
178,2024-09-24 04:00:00,1910.3655,1894.025105889104,290.36833333333334,995.5774941402308,263.8083452908407
179,2024-09-24 05:00:00,1902.244,1884.3884731370183,290.27166666666665,995.0782580929612,263.66617882496826
180,2024-09-24 06:00:00,1900.283,1880.152739010702,290.05333333333334,994.579022045692,263.5240123590959
181,2024-09-24 07:00:00,1911.309,1891.813063633268,289.86833333333334,995.352852262232,263.39598568599536
182,2024-09-24 08:00:00,1913.7905084745764,1895.8173976380983,289.8183333333333,996.1266824787724,263.2679590128948
183,2024-09-24 09:00:00,1916.8775000000005,1900.4568500966093,289.7733333333333,996.9005126953124,263.13993233979426
184,2024-09-24 10:00:00,1902.1700000000003,1885.9945078409544,289.59166666666664,997.4582519531248,263.2346985288903
185,2024-09-24 11:00:00,1897.441525423729,1881.7664516767943,289.4683333333333,998.0159912109376,263.3294647179864
186,2024-09-24 12:00:00,1900.653,1886.0771129812788,289.4583333333333,998.57373046875,263.42423090708246
187,2024-09-24 13:00:00,1899.7465,1882.6128560781235,289.4533333333333,997.523817895439,263.6659908551624
188,2024-09-24 14:00:00,1907.7385,1889.1157965408147,289.645,996.473905322128,263.9077508032424
189,2024-09-24 15:00:00,1907.6949152542368,1888.60600725662,289.99833333333333,995.423992748817,264.14951075132234
190,2024-09-24 16:00:00,1906.712068965517,1886.3794364054468,290.17,994.4764016029836,264.3252400045289
191,2024-09-24 17:00:00,1913.8435,1892.25586632204,290.355,993.5288104571504,264.5009692577355
192,2024-09-24 18:00:00,1918.776101694916,1894.6450758382723,290.3183333333333,992.581219311317,264.6766985109421
193,2024-09-24 19:00:00,1927.663,1905.0300594749276,290.4316666666667,992.9677204262948,264.5940569387503
194,2024-09-24 20:00:00,1919.8406896551728,1896.986047903205,290.22,993.3542215412724,264.5114153665585
195,2024-09-24 21:00:00,1927.663,1905.0224094450796,290.11333333333334,993.74072265625,264.4287737943667
196,2024-09-24 22:00:00,1906.9615,1884.49884987191,290.085,993.7416727131472,264.2940996426294
197,2024-09-24 23:00:00,1922.3130508474576,1899.249438285599,289.99666666666667,993.7426227700448,264.1594254908922
198,2024-09-25 00:00:00,1917.34,1894.0250813369669,289.9266666666667,993.743572826942,264.02475133915493
199,2024-09-25 01:00:00,1910.014,1887.11569803392,289.705,994.4479683794198,263.9654490039038
200,2024-09-25 02:00:00,1917.572033898305,1895.236137726935,289.53833333333336,995.1523639318974,263.9061466686527
201,2024-09-25 03:00:00,1916.0481355932209,1894.461261415607,289.385,995.8567594843752,263.8468443334016
202,2024-09-25 04:00:00,1908.1091379310344,1886.319684283344,289.1666666666667,996.2328090933556,263.65193355951305
203,2024-09-25 05:00:00,1909.726779661017,1888.761858714649,289.14166666666665,996.6088587023364,263.45702278562453
204,2024-09-25 06:00:00,1909.8475,1890.7631806542329,289.2933333333333,996.984908311317,263.262112011736
205,2024-09-25 07:00:00,1909.689152542373,1890.411723481888,289.3583333333333,996.6733118273364,263.09140295683943
206,2024-09-25 08:00:00,1907.646,1887.6272018040368,289.32666666666665,996.3617153433556,262.9206939019429
207,2024-09-25 09:00:00,1910.7540000000004,1890.0963939807004,289.32166666666666,996.0501188593752,262.74998484704633
208,2024-09-25 10:00:00,1912.1415,1893.6268460753697,289.2266666666667,997.2876593537724,262.8524403754487
209,2024-09-25 11:00:00,1918.154,1901.541356911109,289.0966666666667,998.5251998481696,262.954895903851
210,2024-09-25 12:00:00,1914.195,1901.1606254867927,289.235,999.762740342567,263.05735143225337
211,2024-09-25 13:00:00,1915.7860000000005,1902.6451922855376,289.5183333333333,999.0206749128796,263.17713479187665
212,2024-09-25 14:00:00,1903.0395000000003,1888.5301130857408,289.57,998.278609483192,263.2969181515
213,2024-09-25 15:00:00,1921.0585000000003,1903.640238975576,289.40166666666664,997.5365440535044,263.4167015111233
214,2024-09-25 16:00:00,1904.2235000000005,1881.5022298457072,289.30333333333334,995.4329462227752,263.6263001042718
215,2024-09-25 17:00:00,1907.3315,1880.322723346892,289.41,993.329348392046,263.8358986974204
216,2024-09-25 18:00:00,1906.24,1875.8733838979292,289.665,991.225750561317,264.04549729056896
217,2024-09-25 19:00:00,1895.732,1866.026332325016,289.805,991.090008373817,264.06862466896246
218,2024-09-25 20:00:00,1915.5455,1884.4452798437128,289.675,990.954266186317,264.0917520473559
219,2024-09-25 21:00:00,1900.1905000000004,1869.1461845089743,289.69666666666666,990.818523998817,264.1148794257494
220,2024-09-25 22:00:00,1893.6415,1869.035992528616,290.20166666666665,992.2526325356696,263.8239112483663
221,2024-09-25 23:00:00,1889.849,1868.18314221516,290.11333333333334,993.6867410725224,263.53294307098315
222,2024-09-26 00:00:00,1882.375,1863.8521051069129,290.055,995.120849609375,263.24197489360006
223,2024-09-26 01:00:00,1883.3555,1866.6265330662843,290.1066666666667,995.6613189166668,262.8264414130365
224,2024-09-26 02:00:00,1883.0965,1867.7973184105813,290.09333333333336,996.2017882239584,262.41090793247287
225,2024-09-26 03:00:00,1879.8775,1865.991919667,290.0733333333333,996.74225753125,261.9953744519093
226,2024-09-26 04:00:00,1885.4645,1873.6945073465731,290.20666666666665,997.299296723564,261.8077019506204
227,2024-09-26 05:00:00,1883.1705,1871.989369092793,290.0683333333333,997.856335915878,261.62002944933147
228,2024-09-26 06:00:00,1881.265,1872.3474169345343,290.2183333333333,998.413375108192,261.4323569480426
242,2024-09-26 20:00:00,1875.0860000000005,1889.9702293821983,290.61,1007.120650498817,258.7111824397236
243,2024-09-26 21:00:00,1867.5195,1883.2018007030624,290.74833333333333,1007.144820420692,258.7194696801544
244,2024-09-26 22:00:00,1859.5645,1876.979247112834,290.825,1007.7272669054612,258.6521571120113
245,2024-09-26 23:00:00,1857.5850000000005,1877.402917365256,291.0083333333333,1008.3097133902306,258.5848445438682
246,2024-09-27 00:00:00,1848.0205000000003,1869.6544532718144,291.1066666666667,1008.892159875,258.51753197572515
247,2024-09-27 01:00:00,1854.2180000000003,1877.9536738205625,291.155,1009.6732387808556,258.5187627647838
248,2024-09-27 02:00:00,1850.8325,1876.659482011294,291.2216666666667,1010.4543176867112,258.5199935538425
249,2024-09-27 03:00:00,1848.298,1876.7197763774236,291.37333333333333,1011.235396592567,258.5212243429011
250,2024-09-27 04:00:00,1855.4120338983053,1881.5899270611733,291.31166666666667,1010.3299785652716,258.4662208014271
251,2024-09-27 05:00:00,1847.0964406779665,1871.7579931292337,291.4116666666667,1009.4245605379764,258.411217259953
252,2024-09-27 06:00:00,1868.5185,1891.934210797086,291.4916666666667,1008.5191425106811,258.3562137184789
253,2024-09-27 07:00:00,1860.17186440678,1885.2125776524288,291.465,1009.3616943270388,258.3658987948983
254,2024-09-27 08:00:00,1852.627,1879.7384227773923,291.515,1010.2042461433966,258.37558387131764
255,2024-09-27 09:00:00,1848.8345,1877.5935877520385,291.485,1011.0467979597544,258.385268947737
256,2024-09-27 10:00:00,1849.0565,1878.2930737702343,291.54833333333335,1011.1183311628796,258.4619799978197
257,2024-09-27 11:00:00,1844.635,1873.934710756086,291.55333333333334,1011.1898643660044,258.53869104790255
258,2024-09-27 12:00:00,1841.0830000000003,1870.497871581764,291.565,1011.2613975691296,258.6154020979853
259,2024-09-27 13:00:00,1847.0215,1876.2484218531856,291.5333333333333,1011.2752013513358,258.7920670191044
260,2024-09-27 14:00:00,1861.4885000000004,1890.218429142459,291.4266666666667,1011.289005133542,258.9687319402236
261,2024-09-27 15:00:00,1864.3484745762712,1891.121149489869,291.1033333333333,1011.3028089157482,259.1453968613428
262,2024-09-27 16:00:00,1868.4445,1890.434486413496,291.07666666666665,1009.2877927641448,259.3314339734408
263,2024-09-27 17:00:00,1866.3540000000005,1883.671371291986,291.08,1007.2727766125412,259.51747108553883
264,2024-09-27 18:00:00,1866.946,1878.131140001536,290.82666666666665,1005.2577604609376,259.70350819763684
265,2024-09-27 19:00:00,1879.008,1889.3493656468884,290.87,1004.7462828528646,259.7283210816537
266,2024-09-27 20:00:00,1880.673,1889.86222852372,290.87166666666667,1004.2348052447916,259.75313396567054
267,2024-09-27 21:00:00,1867.279,1875.1824272493384,290.8616666666667,1003.7233276367188,259.7779468496874
268,2024-09-27 22:00:00,1876.418,1887.6629400106835,291.015,1004.7842844114584,259.7537366630618
269,2024-09-27 23:00:00,1863.0425,1877.7356102045037,291.21,1005.845241186198,259.7295264764361
270,2024-09-28 00:00:00,1866.983,1884.5755401562712,291.29,1006.9061979609376,259.70531628981047
271,2024-09-28 01:00:00,1861.248,1877.9731093166852,291.2783333333333,1006.5596576901042,259.6630673957749
272,2024-09-28 02:00:00,1870.6275,1887.1478607047356,291.3566666666667,1006.2131174192708,259.6208185017392
273,2024-09-28 03:00:00,1867.0755,1883.315096232784,291.44166666666666,1005.8665771484376,259.5785696077036
274,2024-09-28 04:00:00,1859.9715000000003,1875.6575968028983,291.5183333333333,1005.4321522500002,259.53376169848605
275,2024-09-28 05:00:00,1861.6365000000003,1876.7667981723323,291.58166666666665,1004.9977273515626,259.4889537892685
276,2024-09-28 06:00:00,1859.694,1874.258865996452,291.6483333333333,1004.5633024531252,259.44414588005094
277,2024-09-28 07:00:00,1854.038644067797,1869.767193838571,291.735,1004.8563729283856,259.37389414580406
278,2024-09-28 08:00:00,1864.4300000000003,1881.2672137259444,291.78833333333336,1005.149443403646,259.30364241155723
279,2024-09-28 09:00:00,1863.7455,1881.275423462611,291.7866666666667,1005.4425138789064,259.23339067731035
280,2024-09-28 10:00:00,1869.943,1890.314699031083,291.8233333333333,1006.6065070100224,259.3060712541634
281,2024-09-28 11:00:00,1861.0630000000003,1884.0341872864676,291.8466666666667,1007.7705001411384,259.3787518310165
283,2024-09-28 13:00:00,1888.147,1909.4042535087676,291.6816666666667,1007.4055210925668,259.6971939616835
284,2024-09-28 14:00:00,1889.183,1903.4328747614816,291.115,1005.8765489128796,259.9429555154975
286,2024-09-28 16:00:00,1893.6035593220345,1899.7758143272051,290.7916666666667,1003.282106355588,260.3581880192292
287,2024-09-28 17:00:00,1902.8915,1906.218602005738,290.7366666666667,1002.2166359779836,260.52765896914684
288,2024-09-28 18:00:00,1914.712372881356,1914.3871946965985,290.55,1001.1511656003796,260.69712991906454
289,2024-09-28 19:00:00,1906.8505,1906.2436608553655,290.57666666666665,1000.989309525253,260.79584367072937
290,2024-09-28 20:00:00,1906.684,1904.836389176932,290.44166666666666,1000.8274534501264,260.8945574223942
291,2024-09-28 21:00:00,1907.2760000000003,1905.293103117578,290.49333333333334,1000.665597375,260.99327117405903
292,2024-09-28 22:00:00,1897.6375,1897.9326871071328,290.435,1001.8255825308556,261.00846637486643
293,2024-09-28 23:00:00,1911.04372881356,1914.987109189428,290.605,1002.9855676867112,261.02366157567377
294,2024-09-29 00:00:00,1904.2975,1911.272669645477,290.675,1004.145552842567,261.0388567764812
295,2024-09-29 01:00:00,1897.5265,1904.332055854468,290.87,1003.599499978378,261.11956931332406
296,2024-09-29 02:00:00,1900.3391379310344,1905.962349929054,290.8883333333333,1003.053447114189,261.200281850167
297,2024-09-29 03:00:00,1893.8635,1898.880183380891,291.0083333333333,1002.50739425,261.2809943870099
298,2024-09-29 04:00:00,1898.7208474576275,1903.43668324338,291.1033333333333,1002.0983539791666,261.2103752287711
299,2024-09-29 05:00:00,1905.5370000000005,1909.3611133874315,291.09833333333336,1001.6893137083332,261.13975607053226
300,2024-09-29 06:00:00,1902.1515,1905.6448624148245,291.19166666666666,1001.2802734375,261.06913691229346
301,2024-09-29 07:00:00,1907.5165,1911.971549729553,291.2333333333333,1001.605158239189,261.1179387213496
302,2024-09-29 08:00:00,1907.649827586207,1913.057563674051,291.275,1001.930043040878,261.1667405304056
303,2024-09-29 09:00:00,1902.614,1908.700565750392,291.2733333333333,1002.254927842567,261.2155423394617
304,2024-09-29 10:00:00,1897.8225,1903.459496529191,291.2966666666667,1002.026370701942,261.2879449539517
305,2024-09-29 11:00:00,1902.614,1907.7904378928772,291.31333333333333,1001.797813561317,261.36034756844174
306,2024-09-29 12:00:00,1901.43,1904.8745654090096,291.11833333333334,1001.569256420692,261.4327501829317
307,2024-09-29 13:00:00,1902.201355932204,1904.816011587524,290.80333333333334,1002.0824001498588,261.6090382400933
308,2024-09-29 14:00:00,1904.1125,1905.957273574135,290.49833333333333,1002.5955438790252,261.7853262972549
309,2024-09-29 15:00:00,1911.721016949153,1913.521738560016,290.315,1003.108687608192,261.9616143544165
310,2024-09-29 16:00:00,1905.8511864406785,1901.577971312213,290.09166666666664,1001.0927454210864,262.1879904626929
311,2024-09-29 17:00:00,1912.7705000000003,1903.1503608131668,289.99333333333334,999.0768032339809,262.41436657096926
312,2024-09-29 18:00:00,1909.5762711864409,1894.595820252997,289.8833333333333,997.0608610468752,262.6407426792456
313,2024-09-29 19:00:00,1915.0698305084748,1898.4254250111103,289.61833333333334,997.0689176875,262.7408580678643
314,2024-09-29 20:00:00,1920.3564406779665,1903.3636052759216,289.57666666666665,997.0769743281252,262.8409734564829
315,2024-09-29 21:00:00,1916.7295,1899.447205714574,289.53166666666664,997.08503096875,262.9410888451016
316,2024-09-29 22:00:00,1913.529,1897.7057814491252,289.75166666666667,997.1549772578124,262.9760796786377
317,2024-09-29 23:00:00,1906.24,1890.667786113364,289.76166666666666,997.2249235468752,263.0110705121737
318,2024-09-30 00:00:00,1926.0535,1911.1757199087867,289.8833333333333,997.2948698359376,263.0460613457098
319,2024-09-30 01:00:00,1899.755593220339,1887.0224039177876,289.94,998.0266730256474,263.0958728873672
320,2024-09-30 02:00:00,1898.692,1886.9593984818257,289.835,998.7584762153572,263.14568442902464
321,2024-09-30 03:00:00,1904.4455000000005,1894.7444636559328,289.9116666666667,999.490279405067,263.19549597068203
322,2024-09-30 04:00:00,1908.9225,1896.5225385856547,289.875,998.3764775174404,263.1133854773303
323,2024-09-30 05:00:00,1919.782,1905.7891542553232,290.035,997.262675629814,263.0312749839786
324,2024-09-30 06:00:00,1909.8105,1893.6801204601568,290.07666666666665,996.1488737421876,262.9491644906269
325,2024-09-30 07:00:00,1905.6110000000003,1889.3734524932847,290.00166666666667,996.239684895439,262.8219759853078
326,2024-09-30 08:00:00,1900.301186440678,1884.3865772016268,289.99833333333333,996.3304960486904,262.6947874799887
327,2024-09-30 09:00:00,1902.392,1887.4225697193413,290.1116666666667,996.421307201942,262.5675989746696
328,2024-09-30 10:00:00,1902.54,1889.5974192632625,290.1333333333333,997.2882597205656,262.6375718523888
329,2024-09-30 11:00:00,1898.9654237288137,1887.613660001996,290.07666666666665,998.155212239189,262.707544730108
330,2024-09-30 12:00:00,1896.1057627118648,1886.307203412411,290.015,999.0221647578126,262.77751760782724
331,2024-09-30 13:00:00,1911.124,1896.8445056978771,289.7283333333333,997.9036660152308,263.01829971333865
332,2024-09-30 14:00:00,1900.9220338983048,1884.95579317072,289.88666666666666,996.7851672726488,263.2590818188501
333,2024-09-30 15:00:00,1922.8962711864408,1903.7793397913567,289.845,995.666668530067,263.49986392436153
334,2024-09-30 16:00:00,1923.8557627118648,1904.4147414788904,290.36333333333334,994.2673358477754,263.779193095316
336,2024-09-30 18:00:00,1931.644576271187,1908.5037122403205,290.89666666666665,991.468670483192,264.3378514372248
337,2024-09-30 19:00:00,1920.7138983050845,1899.2829983602285,291.0733333333333,991.7179645669196,264.3761807424766
338,2024-09-30 20:00:00,1916.268947368421,1896.2677392372173,291.21666666666664,991.9672586506472,264.4145100477284
339,2024-09-30 21:00:00,1914.731186440678,1895.2319227289304,291.2083333333333,992.216552734375,264.45283935298016
340,2024-09-30 22:00:00,1918.7949152542376,1898.7286402684836,291.19166666666666,992.0317117756472,264.4646089226229
341,2024-09-30 23:00:00,1924.555,1902.4316818848536,290.9266666666667,991.8468708169196,264.4763784922657
342,2024-10-01 00:00:00,1922.1315,1899.835114112952,290.965,991.662029858192,264.4881480619085
343,2024-10-01 01:00:00,1914.768813559322,1891.4627137772577,290.77166666666665,991.6953957436086,264.53280627946395
344,2024-10-01 02:00:00,1904.76,1881.315597085662,290.72,991.7287616290254,264.5774644970194
345,2024-10-01 03:00:00,1921.108983050848,1895.8150591202293,290.43333333333334,991.762127514442,264.62212271457486
346,2024-10-01 04:00:00,1914.37372881356,1888.7337920732004,290.30333333333334,991.847196337753,264.43514757541976
347,2024-10-01 05:00:00,1907.1835000000003,1881.0314093540976,290.1433333333333,991.932265161064,264.2481724362647
348,2024-10-01 06:00:00,1911.3645,1884.8580734853304,290.0366666666667,992.017333984375,264.06119729710963
349,2024-10-01 07:00:00,1914.3430000000003,1888.5843162035485,289.955,992.5228098020832,263.8833425499916
350,2024-10-01 08:00:00,1906.98,1882.233549842486,289.895,993.0282856197916,263.7054878028736
351,2024-10-01 09:00:00,1913.7356896551728,1889.8771823147729,289.845,993.5337614375,263.5276330557556
352,2024-10-01 10:00:00,1905.4445,1882.5612154241985,289.8566666666667,993.8920286454388,263.52817770952794
353,2024-10-01 11:00:00,1908.2216949152544,1886.1883658309516,289.87,994.250295853378,263.5287223633003
354,2024-10-01 12:00:00,1907.0725,1884.4504507114975,289.63,994.608563061317,263.5292670170727
355,2024-10-01 13:00:00,1912.1230000000005,1889.0807650174395,289.61,994.5782754393156,263.7668082161824
356,2024-10-01 14:00:00,1916.78186440678,1894.7458296354705,289.83166666666665,994.547987817314,264.0043494152922
357,2024-10-01 15:00:00,1928.946315789474,1908.3148151796029,290.1333333333333,994.5177001953124,264.24189061440194
358,2024-10-01 16:00:00,1925.4245,1902.4246141289127,290.4766666666667,992.6142313068972,264.4016190152455
359,2024-10-01 17:00:00,1935.6365,1909.3268245323368,290.69,990.710762418482,264.56134741608906
360,2024-10-01 18:00:00,1933.1205,1903.1931282823157,290.8233333333333,988.807293530067,264.7210758169326
361,2024-10-01 19:00:00,1918.4374576271189,1888.9918343825284,291.00166666666667,988.457684155067,264.7288870351209
362,2024-10-01 20:00:00,1936.7430508474577,1903.9745035911728,290.62333333333333,988.108074780067,264.7366982533092
363,2024-10-01 21:00:00,1928.127413793104,1893.511237625244,290.42,987.758465405067,264.74450947149745
364,2024-10-01 22:00:00,1914.75,1883.0480177162149,290.2133333333333,989.4259143429612,264.549990040283
365,2024-10-01 23:00:00,1922.9825000000003,1895.6994575823733,290.3233333333333,991.0933632808556,264.3554706090685
366,2024-10-02 00:00:00,1912.8310169491529,1890.7730269241983,290.525,992.76081221875,264.16095117785403
367,2024-10-02 01:00:00,1920.4881355932207,1899.493675488024,290.735,992.6793679765624,264.0307982779289
368,2024-10-02 02:00:00,1916.142203389831,1894.753587980268,290.675,992.5979237343752,263.90064537800373
369,2024-10-02 03:00:00,1896.472,1875.390733899824,290.705,992.5164794921876,263.7704924780786
370,2024-10-02 04:00:00,1911.1055,1891.576774422774,290.66,993.347101598564,263.6245463101777
371,2024-10-02 05:00:00,1900.6160000000004,1882.4724541296132,290.5416666666667,994.1777237049404,263.4786001422768
372,2024-10-02 06:00:00,1906.647,1889.8463366021567,290.4433333333333,995.008345811317,263.3326539743759
373,2024-10-02 07:00:00,1911.235,1893.7531324230656,290.37666666666667,994.7636438585864,262.91929748339203
374,2024-10-02 08:00:00,1913.418,1895.3043431534047,290.315,994.5189419058556,262.5059409924082
375,2024-10-02 09:00:00,1909.6995,1892.108647594984,290.44,994.2742399531252,262.0925845014244
376,2024-10-02 10:00:00,1904.834,1890.1942135563309,290.29,995.83929509596,261.7347380670317
377,2024-10-02 11:00:00,1907.017,1895.40220079464,290.1616666666667,997.4043502387948,261.37689163263894
378,2024-10-02 12:00:00,1896.6701694915253,1888.8630425604213,290.155,998.9694053816296,261.01904519824626
379,2024-10-02 13:00:00,1899.876,1893.1278568579012,290.01,999.7685997175672,260.8530648498738
380,2024-10-02 14:00:00,1892.661,1888.6020624127564,290.13666666666666,1000.5677940535044,260.68708450150143
381,2024-10-02 15:00:00,1902.2995,1899.925685868801,290.09833333333336,1001.366988389442,260.521104153129
382,2024-10-02 16:00:00,1898.581,1894.4257150683336,289.73833333333334,1001.480691550506,260.4142104552823
383,2024-10-02 17:00:00,1908.83,1902.8779475200035,289.38166666666666,1001.59439471157,260.3073167574356
384,2024-10-02 18:00:00,1923.4003448275864,1919.8907041376967,289.7416666666667,1001.708097872634,260.20042305958884
385,2024-10-02 19:00:00,1911.235,1909.7944492888,289.8016666666667,1002.44002561561,260.1667446962046
386,2024-10-02 20:00:00,1896.61372881356,1898.2011893817075,290.0283333333333,1003.1719533585864,260.1330663328204
387,2024-10-02 21:00:00,1893.993,1898.8517523456744,290.29833333333335,1003.9038811015624,260.0993879694362
388,2024-10-02 22:00:00,1888.6095000000005,1894.3442244867088,290.28333333333336,1004.3097557313764,260.01572714103963
389,2024-10-02 23:00:00,1893.4195,1901.371530492424,290.49,1004.7156303611904,259.9320663126431
390,2024-10-03 00:00:00,1896.3610000000003,1905.6350587246568,290.545,1005.1215049910044,259.84840548424654
391,2024-10-03 01:00:00,1885.4645,1896.9917480612892,290.75166666666667,1005.5708284649628,259.75022983061723
392,2024-10-03 02:00:00,1889.9785,1901.855947054193,290.62166666666667,1006.0201519389212,259.65205417698786
395,2024-10-03 05:00:00,1882.375,1897.1368911560671,290.86,1006.5209890847544,259.1160061836077
396,2024-10-03 06:00:00,1873.9945,1889.1640730453985,290.9033333333333,1006.546745920692,258.8970700137323
397,2024-10-03 07:00:00,1878.5455,1893.5148679445492,290.95166666666665,1006.3115014184822,258.88422685142024
398,2024-10-03 08:00:00,1875.197,1890.2851491906604,291.065,1006.0762569162724,258.87138368910814
399,2024-10-03 09:00:00,1872.9585,1887.3716280213769,291.0416666666667,1005.8410124140626,258.8585405267961
400,2024-10-03 10:00:00,1873.68,1891.0556922557544,291.2316666666667,1006.6934210725224,258.9672380119307
401,2024-10-03 11:00:00,1876.1035,1895.8185144783383,291.31166666666667,1007.5458297309822,259.0759354970653
402,2024-10-03 12:00:00,1872.9215,1894.0252949724904,291.24,1008.398238389442,259.1846329821999
403,2024-10-03 13:00:00,1874.013,1894.4709022178647,291.155,1008.372359483192,259.3187929977374
404,2024-10-03 14:00:00,1874.457,1893.388037133,290.9216666666667,1008.346480576942,259.45295301327485
405,2024-10-03 15:00:00,1886.7225,1904.2467933305136,290.69,1008.320601670692,259.5871130288123
406,2024-10-03 16:00:00,1884.9835000000005,1899.9311612938195,290.67333333333335,1007.2813357201712,259.73062951354405
407,2024-10-03 17:00:00,1895.8430000000003,1906.861514058405,290.41333333333336,1006.2420697696504,259.87414599827576
408,2024-10-03 18:00:00,1897.582,1906.8422708526407,290.53166666666664,1005.2028038191296,260.0176624830075
409,2024-10-03 19:00:00,1883.6885000000004,1894.5988124854523,290.70166666666665,1005.5155886498588,260.00346945603206
410,2024-10-03 20:00:00,1879.3780000000004,1890.8318487184151,290.6766666666667,1005.828373480588,259.98927642905664
411,2024-10-03 21:00:00,1887.592,1900.5435581508812,290.8,1006.141158311317,259.9750834020812
412,2024-10-03 22:00:00,1883.7255,1897.196026479324,290.8833333333333,1006.1771018577977,260.0121957055143
413,2024-10-03 23:00:00,1883.5383050847456,1897.0220791473416,290.87666666666667,1006.2130454042784,260.0493080089473
414,2024-10-04 00:00:00,1873.3285000000003,1887.614440555047,291.01666666666665,1006.248988950759,260.0864203123804
415,2024-10-04 01:00:00,1875.789,1891.1528482030344,291.045,1006.6472088157368,260.09335721463856
416,2024-10-04 02:00:00,1872.644,1889.2456685572472,291.1083333333333,1007.0454286807144,260.10029411689675
417,2024-10-04 03:00:00,1869.9737288135595,1887.8339160540252,291.175,1007.443648545692,260.10723101915494
418,2024-10-04 04:00:00,1866.058,1884.8826821859948,291.2266666666667,1007.7117963321504,259.9753359224737
419,2024-10-04 05:00:00,1865.7435,1885.850701721511,291.32666666666665,1007.9799441186086,259.84344082579247
420,2024-10-04 06:00:00,1872.977,1894.149352978756,291.375,1008.248091905067,259.7115457291112
421,2024-10-04 07:00:00,1866.0395,1887.8139591781649,291.39,1008.5262494571504,259.7571653228912
422,2024-10-04 08:00:00,1866.8165,1889.643425810028,291.46666666666664,1008.8044070092336,259.8027849166711
423,2024-10-04 09:00:00,1871.1825,1894.942258155356,291.515,1009.082564561317,259.8484045104511
424,2024-10-04 10:00:00,1880.791525423729,1905.561536697038,291.57666666666665,1009.3561241316296,259.98131796934194
425,2024-10-04 11:00:00,1868.8885,1894.227688672537,291.6116666666667,1009.629683701942,260.11423142823287
426,2024-10-04 12:00:00,1866.428,1891.9883374855945,291.56666666666666,1009.9032432722544,260.24714488712374
427,2024-10-04 13:00:00,1863.3015000000005,1884.7759148477128,291.46666666666664,1008.4543350330656,260.51539708036216
428,2024-10-04 14:00:00,1876.973,1893.2255865958216,291.1433333333333,1007.0054267938764,260.78364927360064
429,2024-10-04 15:00:00,1888.11,1898.8465140378412,290.78333333333336,1005.5565185546876,261.05190146683907
430,2024-10-04 16:00:00,1883.4665,1890.1270467659492,290.565,1004.3988444010416,261.2599761029092
431,2024-10-04 17:00:00,1886.0935,1890.0485932161848,290.5733333333333,1003.241170247396,261.46805073897934
432,2024-10-04 18:00:00,1885.446,1885.4581057088767,290.37166666666667,1002.08349609375,261.6761253750495
433,2024-10-04 19:00:00,1899.025,1899.675434588984,290.3533333333333,1002.451593786064,261.79398040178853
434,2024-10-04 20:00:00,1889.2576271186445,1889.638629801189,290.1816666666667,1002.819691478378,261.9118354285276
435,2024-10-04 21:00:00,1893.0125000000005,1893.814649566237,290.12666666666667,1003.187789170692,262.02969045526663
436,2024-10-04 22:00:00,1891.366,1892.2669591508609,290.1116666666667,1003.2755170352754,262.04347973084043
437,2024-10-04 23:00:00,1884.225,1885.2216943013927,290.0966666666667,1003.3632448998586,262.0572690064142
438,2024-10-05 00:00:00,1894.7145000000005,1896.877939328041,290.26166666666666,1003.450972764442,262.071058281988
439,2024-10-05 01:00:00,1885.3350000000005,1888.528348248608,290.43333333333334,1003.4530072696504,262.0327481970586
440,2024-10-05 02:00:00,1878.157,1881.146524631036,290.395,1003.4550417748586,261.9944381121293
441,2024-10-05 03:00:00,1886.2415,1890.079747617118,290.5316666666667,1003.457076280067,261.9561280271999
442,2024-10-05 04:00:00,1895.288,1896.9033011837912,290.44166666666666,1002.6658248481696,261.84711681225934
443,2024-10-05 05:00:00,1893.8635,1894.634465815275,290.5883333333333,1001.8745734162724,261.7381055973188
444,2024-10-05 06:00:00,1886.482,1885.696896860814,290.61333333333334,1001.0833219843752,261.62909438237824
445,2024-10-05 07:00:00,1889.331,1891.414854859656,290.7333333333333,1002.0378628042934,261.6102210258292
446,2024-10-05 08:00:00,1879.9885,1884.1604740750988,290.72333333333336,1002.9924036242114,261.59134766928
447,2024-10-05 09:00:00,1897.915,1904.523921533373,290.76,1003.9469444441296,261.57247431273095
448,2024-10-05 10:00:00,1890.6815,1896.5017860287835,290.79833333333335,1003.5374384102754,261.6584263991652
449,2024-10-05 11:00:00,1880.7350847457628,1884.4856824596764,290.61833333333334,1003.1279323764212,261.74437848559944
452,2024-10-05 14:00:00,1869.6285,1885.4482737927,292.55833333333334,1003.6371291654837,262.27525457692525
453,2024-10-05 15:00:00,1889.9045,1889.8423390847192,289.69,1004.096480576942,262.49771657937106
454,2024-10-05 16:00:00,1890.1265,1886.597775032109,289.565,1002.9422650821504,262.6799756420676
455,2024-10-05 17:00:00,1901.8925,1896.264996700956,289.67833333333334,1001.7880495873586,262.8622347047641
456,2024-10-05 18:00:00,1907.054,1899.567329595672,289.83166666666665,1000.633834092567,263.0444937674606
457,2024-10-05 19:00:00,1895.584,1887.1359509401468,289.93833333333333,999.9248173611904,263.09465290670323
458,2024-10-05 20:00:00,1905.3335000000004,1895.0941453438627,289.92,999.215800629814,263.1448120459459
459,2024-10-05 21:00:00,1903.9460000000004,1892.2829482176237,289.955,998.5067838984376,263.19497118518854
460,2024-10-05 22:00:00,1895.8985000000005,1885.062669122944,289.815,999.2106993567708,263.17219817700663
461,2024-10-05 23:00:00,1890.6445,1880.244429842852,289.6116666666667,999.9146148151044,263.14942516882473
462,2024-10-06 00:00:00,1898.3775,1889.3605186615573,289.58166666666665,1000.6185302734376,263.12665216064283
463,2024-10-06 01:00:00,1882.3935,1873.6516233334385,289.7133333333333,1000.3429910725224,263.06139155759206
464,2024-10-06 02:00:00,1885.6830508474577,1875.5499971408904,289.575,1000.0674518716072,262.99613095454134
465,2024-10-06 03:00:00,1897.2675,1887.536950766022,289.75166666666667,999.791912670692,262.93087035149057
466,2024-10-06 04:00:00,1889.0905,1881.7236470760176,289.9533333333333,1000.2534206576712,262.7837683651801
467,2024-10-06 05:00:00,1882.6895,1876.166245427593,289.8983333333333,1000.7149286446504,262.6366663788696
468,2024-10-06 06:00:00,1885.779,1880.913327189822,289.98833333333334,1001.1764366316296,262.48956439255915
469,2024-10-06 07:00:00,1864.0785,1857.391116111189,289.8566666666667,1000.657962498817,262.4453271766001
470,2024-10-06 08:00:00,1870.683,1862.9389668535528,289.87166666666667,1000.1394883660046,262.40108996064095
471,2024-10-06 09:00:00,1876.159,1868.7898559383027,290.1333333333333,999.621014233192,262.3568527446819
472,2024-10-06 10:00:00,1882.0235000000005,1875.3784189473345,289.92833333333334,1000.470063105982,262.29607451211126
473,2024-10-06 11:00:00,1874.677118644068,1869.8779053811052,289.90833333333336,1001.3191119787724,262.2352962795406
474,2024-10-06 12:00:00,1882.6155,1880.6875648257455,290.07,1002.1681608515626,262.17451804697
475,2024-10-06 13:00:00,1876.973,1876.2389648144028,290.2183333333333,1002.3230830881474,262.2067888154529
476,2024-10-06 14:00:00,1874.0315,1873.193921055309,290.145,1002.4780053247322,262.23905958393584
477,2024-10-06 15:00:00,1853.5335,1878.202901435237,294.485,1002.632927561317,262.2713303524188
478,2024-10-06 16:00:00,1828.07593220339,1868.56574782344,297.9083333333333,1001.020689244003,262.36909388739707
479,2024-10-06 17:00:00,1832.1124137931035,1876.2064364996415,299.14166666666665,999.4084509266892,262.46685742237537
480,2024-10-06 18:00:00,1794.315,1839.05982597288,300.045,997.7962126093752,262.56462095735367
481,2024-10-06 19:00:00,1794.0801923076924,1842.9215737696543,300.7966666666667,997.7165006953128,262.60052683409515
482,2024-10-06 20:00:00,1771.6987500000002,1823.6129891559535,301.4816666666667,997.63678878125,262.6364327108367
483,2024-10-06 21:00:00,1769.044,1823.3450291115687,301.95166666666665,997.5570768671876,262.67233858757817
484,2024-10-06 22:00:00,1762.932272727273,1820.386791445056,302.27,998.3015753693974,262.7766021911806
485,2024-10-06 23:00:00,1751.4875000000002,1811.6128249272056,302.53833333333336,999.0460738716072,262.880865794783
486,2024-10-07 00:00:00,1766.9492307692308,1829.504979781827,302.6,999.790572373817,262.9851293983854
487,2024-10-07 01:00:00,1754.1027272727274,1816.2186855867917,302.665,999.6300499128796,262.9914986801926
488,2024-10-07 02:00:00,1756.2420000000002,1818.94834219431,302.8183333333333,999.469527451942,262.99786796199976
489,2024-10-07 03:00:00,1802.9637500000003,1829.8918408566688,296.3666666666667,999.3090049910044,263.0042372438069
490,2024-10-07 04:00:00,1843.5805000000005,1839.9423971393169,291.35,998.3126347440028,263.03413312060616
491,2024-10-07 05:00:00,1846.041,1835.788103746296,290.58,997.3162644970014,263.0640289974054
492,2024-10-07 06:00:00,1852.7195,1837.4662961176184,290.09833333333336,996.31989425,263.0939248742046
493,2024-10-07 07:00:00,1869.0735,1854.070573018539,289.905,996.9841925568973,263.0506972901092
494,2024-10-07 08:00:00,1875.123,1861.190747945584,289.8383333333333,997.6484908637948,263.0074697060138
495,2024-10-07 09:00:00,1878.3235,1866.2049146512877,289.895,998.312789170692,262.9642421219184
496,2024-10-07 10:00:00,1875.2895000000003,1862.3035527085824,289.94,997.849720775253,263.1287149763781
497,2024-10-07 11:00:00,1884.854,1869.6990659853147,289.77666666666664,997.386652379814,263.29318783083795
498,2024-10-07 12:00:00,1875.0675,1858.9902144492,289.8016666666667,996.923583984375,263.4576606852977
499,2024-10-07 13:00:00,1881.7460000000003,1864.9363736870148,289.69666666666666,996.9627428746056,263.6686966863668
500,2024-10-07 14:00:00,1876.3810000000003,1858.1564975547892,289.455,997.0019017648364,263.8797326874357
501,2024-10-07 15:00:00,1891.3845,1874.3075240273947,289.68833333333333,997.041060655067,264.09076868850474
502,2024-10-07 16:00:00,1889.9600000000005,1871.1760571784732,289.99333333333334,995.545170355588,264.3057996436354
503,2024-10-07 17:00:00,1887.592,1866.31245948746,290.16,994.0492800561088,264.520830598766
506,2024-10-07 20:00:00,1899.2655,1871.0438491196735,289.9766666666667,991.4951532138392,264.5669528526105
507,2024-10-07 21:00:00,1900.2275,1870.84331385524,289.9716666666667,990.9660349424438,264.4824985019674
508,2024-10-07 22:00:00,1884.0215,1856.5476464076376,290.12333333333333,991.3302445553792,264.51209029640586
509,2024-10-07 23:00:00,1892.55,1865.7209889572823,290.12,991.6944541683146,264.54168209084423
510,2024-10-08 00:00:00,1899.8205,1872.981248093828,290.0,992.05866378125,264.57127388528266
511,2024-10-08 01:00:00,1887.629,1860.0957650629184,289.80333333333334,992.1431679683556,264.4548995580975
512,2024-10-08 02:00:00,1888.2395,1859.8119890790863,289.6033333333333,992.2276721554612,264.33852523091235
513,2024-10-08 03:00:00,1883.596,1854.6920420262536,289.46166666666664,992.312176342567,264.2221509037272
514,2024-10-08 04:00:00,1898.589152542373,1869.3055173189389,289.39,992.4180784992112,264.17954374473743
515,2024-10-08 05:00:00,1894.2705,1866.5674733176231,289.605,992.5239806558556,264.13693658574766
516,2024-10-08 06:00:00,1903.5945,1877.3945608794504,289.84,992.6298828125,264.0943294267579
517,2024-10-08 07:00:00,1897.6375,1872.422570877018,289.705,993.2406646197916,263.64701333217306
518,2024-10-08 08:00:00,1898.626779661017,1876.0131604300689,289.86333333333334,993.8514464270836,263.19969723758817
519,2024-10-08 09:00:00,1893.6035593220345,1872.583319058965,289.83666666666664,994.4622282343752,262.75238114300333
520,2024-10-08 10:00:00,1891.329,1873.0612494517936,290.1166666666667,994.8984576818974,262.5820730054787
521,2024-10-08 11:00:00,1884.965,1865.870060311728,289.775,995.3346871294198,262.4117648679541
522,2024-10-08 12:00:00,1867.427,1850.2938623818984,289.89666666666665,995.770916576942,262.2414567304295
523,2024-10-08 13:00:00,1880.9505,1863.1389435399003,289.69,996.0586106234226,262.2358404290848
524,2024-10-08 14:00:00,1885.8530000000003,1868.8336773110047,289.72333333333336,996.3463046699034,262.2302241277402
525,2024-10-08 15:00:00,1890.2375,1872.834981451061,289.55333333333334,996.633998716384,262.2246078263955
526,2024-10-08 16:00:00,1890.0525,1870.7498565809683,289.6766666666667,995.5155091330506,262.39446758734687
527,2024-10-08 17:00:00,1891.6435,1868.688625904529,289.50166666666667,994.3970195497174,262.5643273482981
528,2024-10-08 18:00:00,1890.885,1865.57810610044,289.545,993.278529966384,262.7341871092495
529,2024-10-08 19:00:00,1887.4625000000003,1864.6795412568945,289.8283333333333,993.6772381126116,262.8026212902546
530,2024-10-08 20:00:00,1899.2100000000005,1876.3298172829932,289.69166666666666,994.0759462588392,262.87105547125964
531,2024-10-08 21:00:00,1889.7565,1868.6609715518432,289.835,994.474654405067,262.93948965226474
532,2024-10-08 22:00:00,1872.4775,1853.2446443694828,289.81,995.218396462753,262.7019302533069
533,2024-10-08 23:00:00,1883.632372881356,1866.769077173317,289.92333333333335,995.9621385204392,262.4643708543491
534,2024-10-09 00:00:00,1867.9635,1854.254955600729,290.13166666666666,996.7058805781252,262.2268114553913
535,2024-10-09 01:00:00,1871.645,1858.783673492383,290.1816666666667,996.9182015416668,262.067921967619
536,2024-10-09 02:00:00,1867.3715,1854.5372886460752,290.08,997.1305225052084,261.9090324798467
537,2024-10-09 03:00:00,1867.723,1854.5668923930425,289.92333333333335,997.34284346875,261.7501429920744
538,2024-10-09 04:00:00,1871.312,1859.062894928764,289.9583333333333,997.6238900182292,261.6018614544024
539,2024-10-09 05:00:00,1863.838,1852.0292196956464,289.9,997.9049365677084,261.45357991673046
540,2024-10-09 06:00:00,1877.676,1866.9575610866175,289.9766666666667,998.1859831171876,261.3052983790585
541,2024-10-09 07:00:00,1871.571,1862.701720038585,289.84,999.2671515412724,261.0213835553636
542,2024-10-09 08:00:00,1872.4775,1865.0535177388324,289.64,1000.3483199653572,260.7374687316686
543,2024-10-09 09:00:00,1868.389,1863.288090121833,289.5883333333333,1001.429488389442,260.4535539079737
544,2024-10-09 10:00:00,1867.3022033898303,1863.3318906765128,289.7416666666667,1001.554554759628,260.5065144180406
545,2024-10-09 11:00:00,1872.2555,1869.929245518788,289.985,1001.679621129814,260.5594749281074
546,2024-10-09 12:00:00,1882.3195,1878.206202879002,289.64,1001.8046875,260.6124354381743
547,2024-10-09 13:00:00,1877.8055,1875.848779917202,289.86,1002.1966295933556,260.6289256302944
548,2024-10-09 14:00:00,1875.2525000000005,1873.6667026841528,289.775,1002.5885716867114,260.64541582241446
549,2024-10-09 15:00:00,1888.0360000000005,1889.805077387192,290.2,1002.980513780067,260.66190601453457
550,2024-10-09 16:00:00,1869.5360000000005,1870.6757942421052,290.3516666666667,1002.291150369003,260.60225360202384
551,2024-10-09 17:00:00,1876.677,1877.1876036051249,290.5,1001.6017869579392,260.5426011895132
552,2024-10-09 18:00:00,1886.3710000000003,1886.452954315807,290.68333333333334,1000.9124235468752,260.48294877700243
553,2024-10-09 19:00:00,1882.93,1883.1630168598092,290.8283333333333,1000.6048794058556,260.49306646588764
554,2024-10-09 20:00:00,1880.4325,1879.5591299672897,290.7583333333333,1000.2973352648364,260.5031841547729
555,2024-10-09 21:00:00,1869.869,1866.352954010698,290.4216666666667,999.989791123817,260.5133018436581
556,2024-10-09 22:00:00,1879.933,1878.8219463907208,290.5783333333333,1000.6464156684822,260.4596502021792
557,2024-10-09 23:00:00,1871.83,1872.3055814046195,290.59166666666664,1001.3030402131474,260.4059985607004
558,2024-10-10 00:00:00,1879.117118644068,1881.7885041451636,290.7083333333333,1001.9596647578126,260.3523469192215
559,2024-10-10 01:00:00,1862.3210000000004,1865.297139295405,290.66333333333336,1002.1659228958334,260.1718126645005
560,2024-10-10 02:00:00,1878.0460000000005,1881.5445106297611,290.64666666666665,1002.3721810338544,259.9912784097796
561,2024-10-10 03:00:00,1867.4085,1871.9055875888896,290.72,1002.5784391718752,259.8107441550586
562,2024-10-10 04:00:00,1870.3315,1873.9989992649707,290.68666666666667,1002.2636928824182,259.7269507189205
563,2024-10-10 05:00:00,1873.3655,1877.329697184261,290.8466666666667,1001.9489465929612,259.64315728278234
565,2024-10-10 07:00:00,1879.192372881356,1882.6643196925768,290.8050847457627,1001.8148643660044,259.5886536747562
566,2024-10-10 08:00:00,1883.337,1888.1305362707917,290.9633333333333,1001.9955284285044,259.6179435028681
567,2024-10-10 09:00:00,1881.8755000000003,1886.434186858247,290.8583333333333,1002.1761924910044,259.6472333309801
568,2024-10-10 10:00:00,1888.924,1894.2576426002825,290.8533333333333,1002.5443158634002,259.70685507711863
569,2024-10-10 11:00:00,1873.3285000000003,1879.6525339425489,290.89666666666665,1002.912439235796,259.7664768232571
570,2024-10-10 12:00:00,1877.9165,1885.107905939032,290.90833333333336,1003.280562608192,259.82609856939564
571,2024-10-10 13:00:00,1870.8865,1874.522487499191,290.90833333333336,1001.7020298816294,259.8222306728594
572,2024-10-10 14:00:00,1870.0301694915247,1870.1733157682504,290.91333333333336,1000.123497155067,259.8183627763231
573,2024-10-10 15:00:00,1878.8045,1875.0488014665243,290.85,998.5449644285044,259.8144948797869
574,2024-10-10 16:00:00,1869.055,1864.7213030043445,290.81333333333333,998.3773303585864,259.83113016112094
575,2024-10-10 17:00:00,1880.599,1875.968107500238,290.8333333333333,998.209696288668,259.84776544245494
576,2024-10-10 18:00:00,1892.883,1888.517329648722,290.95,998.04206221875,259.864400723789
577,2024-10-10 19:00:00,1874.1795,1870.5046221316863,290.97333333333336,998.2538949010416,259.8099520937427
578,2024-10-10 20:00:00,1867.8155,1864.5764938292848,290.9583333333333,998.4657275833334,259.75550346369647
579,2024-10-10 21:00:00,1870.942,1868.664065435627,291.0366666666667,998.6775602656252,259.7010548336502
580,2024-10-10 22:00:00,1837.4940000000004,1837.6086472008144,291.0183333333333,999.74798650221,259.543154773461
581,2024-10-10 23:00:00,1808.57275862069,1811.1629840985615,291.0283333333333,1000.8184127387948,259.3852547132718
582,2024-10-11 00:00:00,1807.3971428571429,1812.1830510459408,290.98833333333334,1001.8888389753796,259.22735465308267
583,2024-10-11 01:00:00,1806.777272727273,1810.346155761136,291.1016666666667,1001.0292688585864,259.2240350819187
584,2024-10-11 02:00:00,1811.7081355932207,1813.4578301270155,291.1066666666667,1000.1696987417932,259.2207155107547
585,2024-10-11 03:00:00,1817.5373684210529,1817.469148184996,291.11333333333334,999.310128625,259.21739593959074
586,2024-10-11 04:00:00,1814.680677966102,1815.453167865208,291.0366666666667,999.85728928125,259.0909679141625
587,2024-10-11 05:00:00,1825.1175,1827.355782678842,291.0683333333333,1000.4044499375,258.9645398887343
588,2024-10-11 06:00:00,1813.642631578948,1817.2448146295776,291.08666666666664,1000.95161059375,258.83811186330604
589,2024-10-11 07:00:00,1814.7734482758624,1820.1484818717308,291.18333333333334,1001.4775210308557,258.72087084663616
590,2024-10-11 08:00:00,1826.1222413793105,1833.0957664385976,291.2416666666667,1002.0034314679614,258.6036298299663
591,2024-10-11 09:00:00,1817.766101694916,1825.3961466706944,291.14666666666665,1002.529341905067,258.4863888132964
592,2024-10-11 10:00:00,1827.285762711865,1835.6673446852567,291.24333333333334,1002.6356244571504,258.5882500253898
593,2024-10-11 11:00:00,1823.5230508474576,1831.581724150311,291.1616666666667,1002.7419070092336,258.6901112374832
594,2024-10-11 12:00:00,1826.098,1834.6796235650704,291.22333333333336,1002.848189561317,258.7919724495766
595,2024-10-11 13:00:00,1826.0839655172413,1833.9059794712405,291.0883333333333,1002.8687380639212,258.840206408499
596,2024-10-11 14:00:00,1829.4280000000003,1837.7034487495207,291.16333333333336,1002.8892865665254,258.88844036742137
597,2024-10-11 15:00:00,1832.6852542372883,1840.604372082665,291.0966666666667,1002.9098350691296,258.9366743263438
598,2024-10-11 16:00:00,1843.266,1848.263531517856,290.92,1002.0827763455655,259.11324080894155
599,2024-10-11 17:00:00,1842.6792857142864,1846.1770497215575,290.99833333333333,1001.2557176220016,259.2898072915393
600,2024-10-11 18:00:00,1845.008135593221,1846.571159814849,291.0,1000.4286588984376,259.4663737741371
601,2024-10-11 19:00:00,1845.107068965517,1844.7620019658723,291.01,999.571960286064,259.57821350978844
602,2024-10-11 20:00:00,1826.6900000000005,1824.4801132961584,291.0233333333333,998.7152616736904,259.6900532454398
603,2024-10-11 21:00:00,1834.332413793104,1829.5183193598232,290.91,997.858563061317,259.8018929810912
604,2024-10-11 22:00:00,1840.528,1840.40895217466,291.055,999.648155358192,259.8570133905579
605,2024-10-11 23:00:00,1824.396,1827.1408425622287,290.88,1001.437747655067,259.91213380002466
606,2024-10-12 00:00:00,1819.3094736842104,1826.864958358561,291.05,1003.227339951942,259.9672542094914
607,2024-10-12 01:00:00,1825.4941071428573,1832.572829085229,291.06,1002.9365534575446,259.86063671300457
608,2024-10-12 02:00:00,1816.744655172414,1823.752659725407,291.15166666666664,1002.6457669631474,259.7540192165178
609,2024-10-12 03:00:00,1836.278644067797,1842.6848145417923,291.13166666666666,1002.35498046875,259.647401720031
610,2024-10-12 04:00:00,1822.1224137931035,1829.525580903896,291.26166666666666,1002.4617513020834,259.5431924871193
611,2024-10-12 05:00:00,1827.1916949152544,1834.695159453736,291.2216666666667,1002.5685221354166,259.4389832542077
612,2024-10-12 06:00:00,1817.1255,1825.03576122314,291.24666666666667,1002.67529296875,259.334774021296
613,2024-10-12 07:00:00,1815.169830508475,1823.60925277488,291.39,1002.5412332600224,259.3116673750316
614,2024-10-12 08:00:00,1825.0736842105264,1832.826545529696,291.31,1002.4071735512948,259.28856072876715
615,2024-10-12 09:00:00,1820.244210526316,1827.7955552545116,291.32666666666665,1002.273113842567,259.26545408250274
616,2024-10-12 10:00:00,1817.6805,1829.1808319391369,291.39666666666665,1003.9296901889212,259.3317169291837
617,2024-10-12 11:00:00,1839.8250000000005,1854.7704795955285,291.34333333333336,1005.5862665352754,259.39797977586466
618,2024-10-12 12:00:00,1831.5555,1849.9503795938035,291.3283333333333,1007.2428428816296,259.4642426225456
619,2024-10-12 13:00:00,1842.562372881356,1859.837804596877,291.22,1007.0064740665254,259.5732838421016
620,2024-10-12 14:00:00,1832.61,1848.291748546608,291.06333333333333,1006.7701052514212,259.68232506165754
623,2024-10-12 17:00:00,1842.674,1850.195627365152,290.4833333333333,1004.7100226350224,260.163495422665
624,2024-10-12 18:00:00,1851.7575,1856.7957062249695,290.42,1003.7981657343752,260.3495599933908
625,2024-10-12 19:00:00,1853.8295,1858.694943847025,290.445,1003.6840299921876,260.446329914944
626,2024-10-12 20:00:00,1864.7075,1868.337191492428,290.28333333333336,1003.56989425,260.5430998364971
627,2024-10-12 21:00:00,1852.3220689655168,1856.3459659118369,290.4116666666667,1003.4557585078126,260.6398697580503
628,2024-10-12 22:00:00,1844.7460000000003,1848.7475988235296,290.405,1003.4984017369792,260.72541138793594
629,2024-10-12 23:00:00,1843.4654237288137,1848.3491296292784,290.55333333333334,1003.541044966146,260.81095301782165
630,2024-10-13 00:00:00,1840.1025,1845.0479697161916,290.56,1003.5836881953126,260.8964946477073
631,2024-10-13 01:00:00,1833.682372881356,1840.4399109734975,290.59,1004.3084926871056,260.8014198928624
632,2024-10-13 02:00:00,1834.349,1843.8866867124907,290.785,1005.0332971788988,260.70634513801747
633,2024-10-13 03:00:00,1829.0120689655173,1839.7599492825016,290.71166666666664,1005.758101670692,260.6112703831725
634,2024-10-13 04:00:00,1827.6620338983053,1838.9863734856976,290.7866666666667,1005.7890261498586,260.48856482004874
635,2024-10-13 05:00:00,1835.3944067796613,1847.8133555843715,290.94166666666666,1005.8199506290254,260.365859256925
636,2024-10-13 06:00:00,1832.4065,1845.3438370211784,291.0083333333333,1005.850875108192,260.2431536938012
637,2024-10-13 07:00:00,1834.051052631579,1846.50871240114,291.115,1005.322024998817,260.15880184531795
638,2024-10-13 08:00:00,1828.0405000000003,1838.6236283138967,290.9866666666667,1004.793174889442,260.0744499968347
639,2024-10-13 09:00:00,1828.8545,1839.105569220149,291.12,1004.264324780067,259.9900981483515
640,2024-10-13 10:00:00,1845.7960344827588,1859.197495578304,291.0833333333333,1005.7644476759004,260.0667175325927
641,2024-10-13 11:00:00,1835.57,1852.8047929318648,291.19666666666666,1007.2645705717337,260.1433369168339
642,2024-10-13 12:00:00,1833.239,1851.9711445082044,290.895,1008.764693467567,260.2199563010751
643,2024-10-13 13:00:00,1835.018135593221,1852.3606842193265,290.8066666666667,1008.386072048296,260.306278647002
644,2024-10-13 14:00:00,1847.854,1863.2058823666275,290.59833333333336,1008.0074506290252,260.3926009929288
645,2024-10-13 15:00:00,1840.38,1852.694704526812,290.23833333333334,1007.6288292097544,260.4789233388557
646,2024-10-13 16:00:00,1854.0145,1862.0197494090276,289.96,1006.4457727648362,260.6961682541334
647,2024-10-13 17:00:00,1864.245,1869.7105236651169,289.99666666666667,1005.262716319918,260.91341316941106
648,2024-10-13 18:00:00,1867.7045,1869.5967001144436,289.8616666666667,1004.079659875,261.1306580846888
649,2024-10-13 19:00:00,1870.6886440677968,1870.6743169297897,289.68,1003.7428271927084,261.26875696775386
650,2024-10-13 20:00:00,1844.7275,1844.2750617551128,289.75,1003.4059945104168,261.40685585081894
651,2024-10-13 21:00:00,1852.8860000000004,1852.0874078034008,289.83666666666664,1003.0691618281252,261.544954733884
652,2024-10-13 22:00:00,1851.9425000000003,1850.6332434143196,289.7266666666667,1003.1398313798142,261.59201725064605
653,2024-10-13 23:00:00,1856.5784745762712,1855.7441502629133,289.78833333333336,1003.210500931503,261.63907976740813
654,2024-10-14 00:00:00,1840.2859322033896,1840.314557816301,289.9166666666667,1003.281170483192,261.68614228417016
655,2024-10-14 01:00:00,1841.897,1842.502313816689,289.825,1003.7472034054612,261.5770211732329
656,2024-10-14 02:00:00,1845.375,1848.6853030551624,290.1033333333333,1004.2132363277308,261.4679000622956
657,2024-10-14 03:00:00,1842.0732203389832,1846.6443363490969,290.13166666666666,1004.67926925,261.3587789513583
658,2024-10-14 04:00:00,1839.3255,1843.5590816816064,290.06,1004.6905810989584,261.28162752721016
659,2024-10-14 05:00:00,1839.0630508474576,1844.6855904613335,290.28833333333336,1004.7018929479168,261.20447610306206
660,2024-10-14 06:00:00,1851.5725,1856.871302865015,290.21166666666664,1004.7132047968752,261.1273246789139
661,2024-10-14 07:00:00,1848.5385,1856.2308775023355,290.3466666666667,1005.40960759596,261.0119938335027
662,2024-10-14 08:00:00,1851.0096610169487,1859.529973235335,290.20666666666665,1006.1060103950448,260.8966629880915
664,2024-10-14 10:00:00,1848.0205000000003,1857.3382043794245,290.2866666666667,1006.2409296212128,260.8267894075745
665,2024-10-14 11:00:00,1853.4595,1863.6778712268083,290.65833333333336,1005.6794460482964,260.87224667246875
667,2024-10-14 13:00:00,1846.9475,1855.6022317634468,290.77166666666665,1004.8045764523364,261.2124301071182
668,2024-10-14 14:00:00,1831.6480000000004,1838.7703365716588,290.67333333333335,1004.4911904292932,261.50715627687345
669,2024-10-14 15:00:00,1830.766271186441,1837.5879215009977,290.7783333333333,1004.17780440625,261.80188244662867
670,2024-10-14 16:00:00,1841.5825,1845.491233686094,290.69,1003.1060270625,261.9211326947105
671,2024-10-14 17:00:00,1853.7925,1854.5764579487168,290.57,1002.03424971875,262.04038294279223
672,2024-10-14 18:00:00,1862.432,1860.5706296672477,290.53833333333336,1000.962472375,262.15963319087405
673,2024-10-14 19:00:00,1869.2215,1865.477774476158,290.45,1000.3279417313764,262.0919051399405
674,2024-10-14 20:00:00,1873.4395,1866.9964011645704,290.2216666666667,999.693411087753,262.02417708900697
675,2024-10-14 21:00:00,1878.2865,1869.849752394321,290.1166666666667,999.0588804441296,261.9564490380734
676,2024-10-14 22:00:00,1867.279,1865.0417367962089,290.815,1000.0116077023364,261.9683203366817
677,2024-10-14 23:00:00,1850.925,1850.473866219684,290.7583333333333,1000.9643349605432,261.98019163528994
678,2024-10-15 00:00:00,1858.3620000000003,1859.973564931807,290.75166666666667,1001.91706221875,261.99206293389824
681,2024-10-15 03:00:00,1852.701,1855.0068534113468,290.7583333333333,1002.15143721875,261.79455351564013
682,2024-10-15 04:00:00,1861.9325000000003,1862.3989267960949,290.7366666666667,1001.3207395829388,261.6287793239909
683,2024-10-15 05:00:00,1863.949,1863.4049065241156,290.86,1000.490041947128,261.46300513234166
684,2024-10-15 06:00:00,1873.31,1871.1462425932525,290.88,999.659344311317,261.29723094069243
685,2024-10-15 07:00:00,1875.6225,1873.7158721736928,290.89,999.724082267046,261.2191205891391
686,2024-10-15 08:00:00,1872.4775,1870.9692259090612,290.92333333333335,999.7888202227751,261.1410102375858
687,2024-10-15 09:00:00,1876.8065,1874.602382287342,290.77,999.8535581785044,261.0628998860325
688,2024-10-15 10:00:00,1880.6175,1883.2699839769805,290.9483333333333,1001.584678795692,261.150475428232
689,2024-10-15 11:00:00,1886.1860000000004,1891.3704431190024,290.725,1003.3157994128794,261.23805097043146
690,2024-10-15 12:00:00,1869.7395,1878.3672095208012,290.67,1005.046920030067,261.32562651263095
691,2024-10-15 13:00:00,1878.2865,1881.866391734028,290.53,1003.207278905067,261.5078867082872
692,2024-10-15 14:00:00,1877.3060000000005,1876.639707296844,290.5316666666667,1001.367637780067,261.69014690394346
693,2024-10-15 15:00:00,1874.642,1868.8856360220648,290.385,999.527996655067,261.8724070995997
694,2024-10-15 16:00:00,1886.704,1879.6545641888015,289.9833333333333,1000.035606530067,261.93443852102075
695,2024-10-15 17:00:00,1892.6795,1886.078037605388,289.87666666666667,1000.543216405067,261.99646994244176
696,2024-10-15 18:00:00,1902.3735,1894.2268313678787,289.43333333333334,1001.050826280067,262.05850136386283
697,2024-10-15 19:00:00,1887.925,1878.3486637832611,289.4916666666667,1000.2317428169196,262.0548223478662
698,2024-10-15 20:00:00,1894.6590000000003,1885.6138283935368,289.90166666666664,999.4126593537724,262.05114333186964
699,2024-10-15 21:00:00,1897.1195,1884.2876120958176,289.57166666666666,998.5935758906252,262.047464315873
700,2024-10-15 22:00:00,1883.3,1875.3046254503288,290.22333333333336,998.9646197912724,261.8842637166521
701,2024-10-15 23:00:00,1891.329,1884.3599135418967,290.2416666666667,999.3356636919198,261.7210631174311
702,2024-10-16 00:00:00,1883.2075,1876.6632223617328,290.14666666666665,999.706707592567,261.55786251821013
703,2024-10-16 01:00:00,1870.128,1866.795601081446,290.3283333333333,1000.6300972856698,261.4762980454527
704,2024-10-16 02:00:00,1889.035,1887.9821052129164,290.3583333333333,1001.5534869787724,261.3947335726954
705,2024-10-16 03:00:00,1866.576,1867.53371574186,290.3383333333333,1002.4768766718752,261.313169099938
706,2024-10-16 04:00:00,1874.2535000000005,1873.8973552219172,290.44166666666666,1001.5604042964808,261.1373844568668
707,2024-10-16 05:00:00,1877.713,1875.9688305158493,290.53333333333336,1000.6439319210864,260.9615998137957
708,2024-10-16 06:00:00,1888.2580000000005,1884.8363541747244,290.5783333333333,999.727459545692,260.78581517072456
709,2024-10-16 07:00:00,1885.3350000000005,1885.1823745421111,290.7366666666667,1000.736135697128,260.6888157384518
710,2024-10-16 08:00:00,1874.4015,1877.0526089159885,290.8183333333333,1001.744811848564,260.591816306179
711,2024-10-16 09:00:00,1882.079,1886.0925993425856,290.65,1002.753488,260.49481687390625
712,2024-10-16 10:00:00,1890.404,1897.266722380904,290.765,1003.68646306471,260.4345316417196
713,2024-10-16 11:00:00,1880.414,1889.0327566230649,290.705,1004.6194381294196,260.37424640953293
714,2024-10-16 12:00:00,1869.684,1879.9301593804664,290.62666666666667,1005.5524131941296,260.3139611773463
715,2024-10-16 13:00:00,1877.2135000000003,1884.121843517045,290.39166666666665,1004.6932499783782,260.4082337463869
716,2024-10-16 14:00:00,1886.3895,1890.4907244067865,290.25,1003.8340867626266,260.50250631542747
717,2024-10-16 15:00:00,1876.048,1877.947958747861,290.2183333333333,1002.9749235468752,260.59677888446805
718,2024-10-16 16:00:00,1877.4725000000003,1874.3271911730776,289.8516666666667,1001.7309456822918,260.7651351634751
719,2024-10-16 17:00:00,1881.9865,1878.2416597686736,290.24833333333333,1000.4869678177084,260.9334914424822
720,2024-10-16 18:00:00,1892.4945,1884.0572432835024,289.95,999.2429899531252,261.10184772148926
721,2024-10-16 19:00:00,1897.175,1889.8626604618016,290.12166666666667,999.3444710729168,261.226236126571
722,2024-10-16 20:00:00,1907.091,1900.114741074424,290.1616666666667,999.4459521927084,261.3506245316528
723,2024-10-16 21:00:00,1905.5925,1897.8052387617345,290.0,999.5474333125,261.4750129367345
724,2024-10-16 22:00:00,1901.2635,1896.588830122308,290.2333333333333,1000.334452973564,261.55425506192626
725,2024-10-16 23:00:00,1889.183,1884.861367476371,289.99666666666667,1001.121472634628,261.63349718711805
726,2024-10-17 00:00:00,1899.395,1898.0687481806456,290.21666666666664,1001.908492295692,261.7127393123098
727,2024-10-17 01:00:00,1892.5685000000003,1889.4650902291123,290.2416666666667,1001.0387496528572,261.6700410341965
728,2024-10-17 02:00:00,1894.1225,1889.156501310966,290.25333333333333,1000.1690070100224,261.6273427560832
729,2024-10-17 03:00:00,1892.2355,1885.5646756669903,290.29,999.2992643671876,261.5846444779699
730,2024-10-17 04:00:00,1894.6035,1889.109885383788,290.47,999.3273405390626,261.4958516773996
731,2024-10-17 05:00:00,1912.2155,1906.0495417901968,290.3433333333333,999.3554167109376,261.4070588768293
732,2024-10-17 06:00:00,1885.409,1879.944419871768,290.4266666666667,999.3834928828126,261.31826607625896
733,2024-10-17 07:00:00,1894.1410000000003,1888.8850027693588,290.39666666666665,999.53132003125,261.21317892638416
734,2024-10-17 08:00:00,1896.509,1892.343549699925,290.5133333333333,999.6791471796876,261.1080917765093
735,2024-10-17 09:00:00,1895.4175,1891.83181596884,290.5416666666667,999.8269743281252,261.0030046266345
736,2024-10-17 10:00:00,1894.4555000000005,1893.4087977779727,290.61833333333334,1000.7829799917934,261.0990712394523
737,2024-10-17 11:00:00,1889.2008620689653,1889.57427793983,290.5050847457627,1001.7389856554614,261.1951378522701
740,2024-10-17 14:00:00,1885.8715,1878.6516885814735,290.09,999.5275091993378,261.4671407501499
741,2024-10-17 15:00:00,1891.995,1880.5468830782315,289.99,997.943768139442,261.5551088926809
742,2024-10-17 16:00:00,1896.139,1882.0656660283948,289.97,996.9058449623586,261.76304577746936
743,2024-10-17 17:00:00,1902.3735,1884.1540815268024,289.695,995.8679217852754,261.9709826622579
744,2024-10-17 18:00:00,1898.8585000000005,1877.659594859792,289.6033333333333,994.829998608192,262.17891954704635
745,2024-10-17 19:00:00,1896.3425,1876.099920790117,289.53833333333336,995.4652126498588,262.3340478891755
746,2024-10-17 20:00:00,1898.1185000000005,1879.8774694910924,289.66,996.1004266915252,262.4891762313047
747,2024-10-17 21:00:00,1910.2545,1892.921654948309,289.61,996.735640733192,262.6443045734339
748,2024-10-17 22:00:00,1907.868,1889.1731728928207,289.4183333333333,996.583743748817,262.5285695188119
749,2024-10-17 23:00:00,1905.1115,1885.9230347734745,289.37333333333333,996.431846764442,262.4128344641898
750,2024-10-18 00:00:00,1906.5915,1887.9041405060184,289.505,996.279949780067,262.2970994095678
751,2024-10-18 01:00:00,1906.8135,1890.960798367918,289.50333333333333,997.3781034705656,261.79010020825905
752,2024-10-18 02:00:00,1897.101,1883.9408403894515,289.465,998.476257161064,261.2831010069503
753,2024-10-18 03:00:00,1902.126101694916,1892.661594842497,289.615,999.5744108515626,260.7761018056416
754,2024-10-18 04:00:00,1888.6835000000003,1881.7966958235295,289.89166666666665,999.9560433385416,260.7252909340627
755,2024-10-18 05:00:00,1904.02,1897.0930449186117,289.7416666666667,1000.3376758255208,260.67448006248384
756,2024-10-18 06:00:00,1886.1860000000004,1882.0493821373084,290.055,1000.7193083125,260.623669190905
757,2024-10-18 07:00:00,1884.743,1881.8551301917105,290.12833333333333,1001.0066618281252,260.3885459913005
758,2024-10-18 08:00:00,1884.9835000000005,1883.6542172764955,290.255,1001.29401534375,260.153422791696
759,2024-10-18 09:00:00,1883.0595000000003,1882.5680489900049,290.2583333333333,1001.5813688593752,259.91829959209144
760,2024-10-18 10:00:00,1890.5705000000005,1893.12648489518,290.33666666666664,1002.6716925568976,259.74222650284776
761,2024-10-18 11:00:00,1890.848,1896.223235655488,290.375,1003.7620162544196,259.56615341360407
762,2024-10-18 12:00:00,1883.594745762712,1893.3703022225577,290.68666666666667,1004.852339951942,259.3900803243604
763,2024-10-18 13:00:00,1876.936,1886.067462017421,290.5466666666667,1004.941939561317,259.3761591219671
764,2024-10-18 14:00:00,1891.8655000000003,1901.5786429489183,290.5966666666667,1005.031539170692,259.3622379195738
765,2024-10-18 15:00:00,1896.0095,1905.7602783859957,290.56333333333333,1005.121138780067,259.34831671718047
766,2024-10-18 16:00:00,1893.6045,1899.588464119494,290.25333333333333,1004.2845178820238,259.3816564255044
767,2024-10-18 17:00:00,1906.271896551724,1911.8107021166609,290.49666666666667,1003.4478969839809,259.4149961338284
768,2024-10-18 18:00:00,1892.0135000000005,1894.406040745455,290.295,1002.6112760859376,259.4483358421523
769,2024-10-18 19:00:00,1883.726440677966,1886.3569732227224,290.37,1002.5500374791668,259.5215880207862
770,2024-10-18 20:00:00,1898.8585000000005,1900.2827207309497,290.195,1002.488798872396,259.5948401994202
771,2024-10-18 21:00:00,1900.3385000000003,1902.78345160194,290.4,1002.4275602656252,259.6680923780541
772,2024-10-18 22:00:00,1888.9425,1892.4756736468585,290.33,1003.1247361766892,259.7468001329417
773,2024-10-18 23:00:00,1898.1376271186443,1904.3261470484576,290.5183333333333,1003.821912087753,259.82550788782925
774,2024-10-19 00:00:00,1883.596,1891.3095069871424,290.5283333333333,1004.519087998817,259.9042156427168
775,2024-10-19 01:00:00,1885.52,1893.8961982351443,290.68,1004.402388780067,259.8700262058363
776,2024-10-19 02:00:00,1889.5586440677969,1897.635270542808,290.6666666666667,1004.285689561317,259.8358367689558
777,2024-10-19 03:00:00,1887.8325,1896.3510658344408,290.78333333333336,1004.168990342567,259.80164733207533
778,2024-10-19 04:00:00,1897.064,1903.4966991343551,290.78333333333336,1003.1908492622322,259.6752342854828
779,2024-10-19 05:00:00,1891.3475000000003,1896.0351154273012,290.85,1002.2127081818974,259.5488212388902
780,2024-10-19 06:00:00,1885.742,1888.4030524040136,290.8666666666667,1001.2345671015626,259.4224081922976
781,2024-10-19 07:00:00,1885.187,1890.2794921894545,291.0083333333333,1001.9097296662724,259.3144702224051
782,2024-10-19 08:00:00,1885.7605000000003,1891.7016186406609,290.88,1002.5848922309822,259.20653225251255
783,2024-10-19 09:00:00,1904.464,1912.152219266228,290.89166666666665,1003.260054795692,259.09859428262
784,2024-10-19 10:00:00,1875.16,1883.5063718113,291.045,1003.2384890404836,259.1983506376881
785,2024-10-19 11:00:00,1900.9675,1909.157131925624,291.02,1003.2169232852754,259.2981069927562
786,2024-10-19 12:00:00,1894.7885000000003,1902.6315166222068,290.9866666666667,1003.195357530067,259.3978633478243
787,2024-10-19 13:00:00,1890.0155,1897.0741421346563,290.9266666666667,1003.094039170692,259.64361156764846
788,2024-10-19 14:00:00,1896.916,1901.616236030304,290.5933333333333,1002.992720811317,259.8893597874726
789,2024-10-19 15:00:00,1885.3905,1888.576208840634,290.41,1002.891402451942,260.1351080072968
790,2024-10-19 16:00:00,1903.4095,1903.027165173125,290.3333333333333,1001.564782985796,260.3125203649129
791,2024-10-19 17:00:00,1902.503,1897.3995914331133,290.065,1000.2381635196502,260.48993272252903
792,2024-10-19 18:00:00,1909.163,1901.2559831382412,290.125,998.9115440535044,260.6673450801452
793,2024-10-19 19:00:00,1897.291016949153,1888.3652296994412,289.975,998.8592572696502,260.76136300437327
794,2024-10-19 20:00:00,1904.3084745762712,1895.5944596573167,290.04833333333335,998.806970485796,260.8553809286013
795,2024-10-19 21:00:00,1897.064,1887.2962256139049,289.895,998.754683701942,260.94939885282935
798,2024-10-20 00:00:00,1904.316,1895.2874881582472,290.02666666666664,998.8583213972544,261.26611650251016
799,2024-10-20 01:00:00,1907.7015000000004,1899.4006067178589,290.2633333333333,998.5851537179612,261.3141467170448
800,2024-10-20 02:00:00,1892.957,1884.2666318659049,290.2966666666667,998.311986038668,261.36217693157937
801,2024-10-20 03:00:00,1898.8955000000003,1890.1735191498367,290.4066666666667,998.038818359375,261.410207146114
802,2024-10-20 04:00:00,1912.4375,1904.5538864512455,290.445,998.3061673537724,261.3202344214615
803,2024-10-20 05:00:00,1899.7095,1892.4202183140208,290.42333333333335,998.5735163481696,261.230261696809
804,2024-10-20 06:00:00,1909.644,1903.4828905628424,290.50666666666666,998.840865342567,261.1402889721565
805,2024-10-20 07:00:00,1902.8545,1896.45369123566,290.5966666666667,998.4734186919196,261.08812099273825
806,2024-10-20 08:00:00,1900.827966101695,1892.955710940664,290.48,998.1059720412724,261.03595301332
807,2024-10-20 09:00:00,1895.917,1887.9514447189165,290.595,997.738525390625,260.9837850339017
808,2024-10-20 10:00:00,1913.0665,1905.751995143149,290.4533333333333,998.4533924843752,261.06677197869465
809,2024-10-20 11:00:00,1897.73,1892.8195447738156,290.5883333333333,999.1682595781252,261.1497589234875
811,2024-10-20 13:00:00,1903.169,1895.3866666530705,290.1433333333333,999.1887673906252,261.528299249579
812,2024-10-20 14:00:00,1894.9039655172407,1884.3414584487132,289.96666666666664,998.4944081093752,261.8238526308775
813,2024-10-20 15:00:00,1905.6665,1891.5808984793475,289.6816666666667,997.800048828125,262.11940601217606
814,2024-10-20 16:00:00,1918.5240000000003,1901.435536671049,289.45,997.1548085,262.2180315873033
815,2024-10-20 17:00:00,1921.0525423728816,1901.901607701701,289.365,996.509568171875,262.31665716243054
816,2024-10-20 18:00:00,1907.3186440677969,1889.128551372691,289.765,995.86432784375,262.4152827375578
817,2024-10-20 19:00:00,1912.9062711864408,1893.898689977841,289.65833333333336,995.7937712031252,262.38337398076874
818,2024-10-20 20:00:00,1908.2380000000005,1889.4448796348104,289.71,995.7232145625,262.35146522397963
819,2024-10-20 21:00:00,1909.5762711864409,1890.183675668076,289.6333333333333,995.6526579218752,262.3195564671906
820,2024-10-20 22:00:00,1899.7095,1880.480590199801,289.5083333333333,996.0262652990848,262.37860769576145
821,2024-10-20 23:00:00,1899.6725000000004,1882.662689231269,289.75166666666667,996.3998726762946,262.4376589243324
822,2024-10-21 00:00:00,1902.427118644068,1886.482663691654,289.8016666666667,996.7734800535044,262.49671015290323
823,2024-10-21 01:00:00,1899.7465,1884.1892054368643,289.8516666666667,996.7981789467336,262.4745068336278
824,2024-10-21 02:00:00,1895.8060000000005,1879.6510163685157,289.7316666666667,996.8228778399628,262.4523035143524
825,2024-10-21 03:00:00,1894.067,1879.4005209992683,289.9716666666667,996.847576733192,262.43010019507693
826,2024-10-21 04:00:00,1889.9600000000005,1874.3895388522255,289.6983333333333,997.1082640460864,262.327079027902
827,2024-10-21 05:00:00,1902.392,1888.8687453194127,289.95166666666665,997.3689513589808,262.22405786072693
828,2024-10-21 06:00:00,1903.9645,1891.0052968326977,289.93666666666667,997.629638671875,262.121036693552
829,2024-10-21 07:00:00,1897.434,1884.7257195112904,290.05833333333334,997.3865294839808,262.0668952716822
830,2024-10-21 08:00:00,1900.1165,1887.2448723474156,290.12,997.1434202960864,262.0127538498125
831,2024-10-21 09:00:00,1903.687,1890.1164611192369,290.09166666666664,996.900311108192,261.95861242794274
832,2024-10-21 10:00:00,1889.12593220339,1881.001428564428,290.30833333333334,998.7347032097546,262.00176689360546
833,2024-10-21 11:00:00,1896.694,1893.4447473629684,290.445,1000.569095311317,262.04492135926813
834,2024-10-21 12:00:00,1891.9395,1892.792180472144,290.4433333333333,1002.4034874128796,262.08807582493085
835,2024-10-21 13:00:00,1891.8655000000003,1886.5890103386544,289.7216666666667,1001.6052779731696,262.2104458718186
836,2024-10-21 14:00:00,1886.62372881356,1879.102885195837,289.65666666666664,1000.80706853346,262.3328159187063
837,2024-10-21 15:00:00,1900.838,1889.1259690363668,289.275,1000.00885909375,262.455185965594
838,2024-10-21 16:00:00,1891.5905084745764,1881.105829823754,289.595,999.7334601350224,262.5693623540993
839,2024-10-21 17:00:00,1903.2985000000003,1891.867000098679,289.565,999.4580611762948,262.6835387426046
840,2024-10-21 18:00:00,1895.251,1882.17042703987,289.395,999.182662217567,262.7977151311099
841,2024-10-21 19:00:00,1902.483559322034,1890.0215909940496,289.43666666666667,999.3571210391816,262.7560820774977
842,2024-10-21 20:00:00,1907.2205,1896.0365817060765,289.58666666666664,999.5315798607962,262.71444902388555
843,2024-10-21 21:00:00,1908.09,1897.5820108387968,289.63,999.7060386824108,262.6728159702734
844,2024-10-21 22:00:00,1904.9293220338984,1893.1883443164788,289.5466666666667,999.3654006498588,262.6598619549056
845,2024-10-21 23:00:00,1894.4555000000005,1882.7557688504733,289.6716666666667,999.0247626173066,262.6469079395377
846,2024-10-22 00:00:00,1900.394,1887.919769054501,289.675,998.6841245847544,262.63395392417
847,2024-10-22 01:00:00,1888.665,1877.7235730000823,289.56666666666666,999.5950939591924,262.5661885396043
848,2024-10-22 02:00:00,1879.794406779661,1872.14872157232,289.76666666666665,1000.5060633336308,262.4984231550386
849,2024-10-22 03:00:00,1883.9845,1877.291067835475,289.575,1001.4170327080687,262.430657770473
850,2024-10-22 04:00:00,1894.585,1886.7256748301609,289.7083333333333,1000.5257980341516,262.3016584516099
851,2024-10-22 05:00:00,1899.2852542372884,1890.2760763936053,289.84166666666664,999.6345633602342,262.1726591327469
852,2024-10-22 06:00:00,1904.5565,1894.183324934674,289.94,998.743328686317,262.04365981388383
856,2024-10-22 10:00:00,1895.732,1893.6966447412972,289.95,1002.3316250113244,261.84375690477503
857,2024-10-22 11:00:00,1888.9055000000003,1888.701804876621,289.90833333333336,1003.266756651555,261.8925958260081
858,2024-10-22 12:00:00,1893.771,1894.4940039806309,289.7133333333333,1004.2018882917856,261.9414347472412
859,2024-10-22 13:00:00,1884.9280000000003,1885.4352627633448,290.02666666666664,1003.3557459093674,262.14243092660064
860,2024-10-22 14:00:00,1897.9705000000004,1893.717614851789,289.5683333333333,1002.5096035269494,262.3434271059601
861,2024-10-22 15:00:00,1902.1145,1895.888692024561,289.585,1001.6634611445312,262.5444232853195
862,2024-10-22 16:00:00,1891.366,1883.6974424656,289.58666666666664,1001.0270445716144,262.6232737092921
863,2024-10-22 17:00:00,1901.2265,1894.6437853215723,290.03166666666664,1000.390627998698,262.70212413326465
864,2024-10-22 18:00:00,1907.239,1898.7615699656835,289.96833333333336,999.7542114257812,262.78097455723724
865,2024-10-22 19:00:00,1914.713,1905.2576200157544,290.05833333333334,999.1433135455728,262.9024331524141
866,2024-10-22 20:00:00,1900.4680000000003,1888.6180804574988,289.8883333333333,998.5324156653649,263.023891747591
867,2024-10-22 21:00:00,1909.2925,1892.911967905024,289.37833333333333,997.9215177851564,263.14535034276787
868,2024-10-22 22:00:00,1913.9545,1900.125192824951,289.53,998.643804825521,263.0635631385282
869,2024-10-22 23:00:00,1901.0045,1888.886297981667,289.5183333333333,999.3660918658854,262.98177593428846
870,2024-10-23 00:00:00,1907.6949152542368,1896.706422042873,289.43,1000.08837890625,262.8999887300488
871,2024-10-23 01:00:00,1899.1545000000003,1888.3474489027053,289.4,1000.1785481770834,262.7564661512147
872,2024-10-23 02:00:00,1903.2985000000003,1893.306816014428,289.49,1000.2687174479166,262.6129435723806
873,2024-10-23 03:00:00,1892.55,1882.3465532264213,289.39166666666665,1000.35888671875,262.46942099354646
874,2024-10-23 04:00:00,1909.0335,1897.5589495108036,289.34333333333336,999.9176258828126,262.3316490313164
875,2024-10-23 05:00:00,1910.8095000000003,1898.210543981568,289.3066666666667,999.476365046875,262.19387706908634
876,2024-10-23 06:00:00,1913.973,1899.529276974343,289.15,999.0351042109376,262.05610510685625
877,2024-10-23 07:00:00,1904.316,1892.33217117005,289.4866666666667,999.1878043349813,261.97077901529855
878,2024-10-23 08:00:00,1910.4950000000003,1899.343601730844,289.565,999.340504459025,261.8854529237408
879,2024-10-23 09:00:00,1901.8555000000003,1891.3281982841709,289.59333333333336,999.4932045830687,261.8001268321831
880,2024-10-23 10:00:00,1899.321,1888.299207341318,289.74666666666667,998.8987838739952,261.8962149663
881,2024-10-23 11:00:00,1902.8915,1891.4964996387337,289.9266666666667,998.3043631649216,261.9923031004169
882,2024-10-23 12:00:00,1911.476440677966,1897.3046193024863,289.705,997.7099424558482,262.08839123453384
883,2024-10-23 13:00:00,1909.01186440678,1893.092936909979,289.53166666666664,997.4667265174404,262.35343730636384
884,2024-10-23 14:00:00,1899.284,1883.4184769132653,289.6533333333333,997.2235105790328,262.61848337819384
885,2024-10-23 15:00:00,1911.2535,1894.5726099907863,289.65833333333336,996.9802946406252,262.88352945002384
886,2024-10-23 16:00:00,1900.2460000000003,1882.558924219655,290.27666666666664,994.9800104875412,263.2005218343891
887,2024-10-23 17:00:00,1915.231,1894.113487254956,290.525,992.9797263344572,263.5175142187544
888,2024-10-23 18:00:00,1919.9172413793103,1894.07007512862,290.53833333333336,990.9794421813732,263.8345066031197
889,2024-10-23 19:00:00,1922.1372413793104,1898.6611721908384,290.735,991.555076073646,263.91819782550675
890,2024-10-23 20:00:00,1935.8215,1910.9907506819363,290.325,992.1307099659192,264.00188904789377
891,2024-10-23 21:00:00,1926.997,1900.3690347769127,289.7916666666667,992.706343858192,264.08558027028084
892,2024-10-23 22:00:00,1922.6516949152544,1898.389444743489,290.09,992.963912217567,264.1359041609095
893,2024-10-23 23:00:00,1926.849,1905.331124479176,290.47,993.221480576942,264.1862280515381
894,2024-10-24 00:00:00,1909.085172413793,1888.582588033532,290.51666666666665,993.479048936317,264.2365519421667
895,2024-10-24 01:00:00,1915.7675,1894.18795031905,290.2816666666667,993.584029405067,264.0434713182583
896,2024-10-24 02:00:00,1905.944,1884.2664773375984,290.1816666666667,993.689009873817,263.85039069434987
897,2024-10-24 03:00:00,1915.3605,1893.533076322278,290.11,993.793990342567,263.65731007044144
898,2024-10-24 04:00:00,1910.2545,1888.1127735722744,290.00666666666666,993.8575889753796,263.53324519291186
899,2024-10-24 05:00:00,1916.526,1894.3600862211608,289.975,993.921187608192,263.40918031538223
900,2024-10-24 06:00:00,1911.3434482758623,1890.186940382593,290.0966666666667,993.9847862410044,263.28511543785265
901,2024-10-24 07:00:00,1917.199655172414,1895.2317242889649,290.2366666666667,993.2511113065028,263.1680557168594
902,2024-10-24 08:00:00,1916.3767241379312,1892.7400534653975,290.2183333333333,992.5174363720014,263.05099599586606
903,2024-10-24 09:00:00,1918.386206896552,1893.1934904271309,290.225,991.7837614375,262.9339362748728
904,2024-10-24 10:00:00,1929.698,1906.7303379664477,290.20666666666665,992.8822231558556,262.9520593157924
905,2024-10-24 11:00:00,1917.0640677966103,1893.690492834912,289.6933333333333,993.9806848742112,262.9701823567119
906,2024-10-24 12:00:00,1926.0381355932209,1903.0613836479704,289.36,995.079146592567,262.9883053976315
907,2024-10-24 13:00:00,1917.2187931034484,1893.6336006388635,289.5416666666667,994.270886697128,262.9318869034044
908,2024-10-24 14:00:00,1931.955,1907.2027470012831,289.67833333333334,993.462626801689,262.8754684091773
909,2024-10-24 15:00:00,1936.1175,1910.9087827795083,289.91333333333336,992.65436690625,262.8190499149502
910,2024-10-24 16:00:00,1938.7815000000005,1916.6125125545072,290.3516666666667,992.7562549270832,262.5085332893909
911,2024-10-24 17:00:00,1940.3948275862072,1919.001008818036,290.40677966101697,992.8581429479166,262.1980166638317
915,2024-10-24 21:00:00,1936.159830508475,1913.4053342633829,289.8933333333333,993.5442594843752,262.08644955286087
916,2024-10-24 22:00:00,1924.058421052632,1902.126745556479,289.7133333333333,994.319830216146,262.10463913260094
917,2024-10-24 23:00:00,1922.705,1901.1636277512296,289.4816666666667,995.0954009479168,262.12282871234095
918,2024-10-25 00:00:00,1929.951355932204,1910.011454468044,289.47,995.8709716796876,262.141018292081
919,2024-10-25 01:00:00,1924.156779661017,1903.559375955627,289.3233333333333,995.8789876302084,261.9616633239122
920,2024-10-25 02:00:00,1914.462931034483,1896.152770667632,289.6683333333333,995.8870035807292,261.78230835574345
921,2024-10-25 03:00:00,1929.6503389830511,1910.4551436482504,289.5183333333333,995.89501953125,261.60295338757464
922,2024-10-25 04:00:00,1915.9164406779664,1899.431645975468,289.9,995.9654541015624,261.38424139629564
923,2024-10-25 05:00:00,1922.6893220338984,1907.3876752556607,290.055,996.0358886718752,261.16552940501657
924,2024-10-25 06:00:00,1917.6472881355933,1902.8355896628968,290.07666666666665,996.1063232421876,260.9468174137376
925,2024-10-25 07:00:00,1922.34775862069,1907.170700647259,290.1033333333333,995.9050027912724,260.9864482235149
926,2024-10-25 08:00:00,1904.686,1889.8316777565296,290.21666666666664,995.7036823403572,261.0260790332923
927,2024-10-25 09:00:00,1893.4154237288133,1878.4125420238825,290.2583333333333,995.502361889442,261.06570984306967
928,2024-10-25 10:00:00,1910.014,1898.731397900145,290.195,997.380617923296,261.09606543154723
929,2024-10-25 11:00:00,1909.1435593220344,1903.0748047628208,290.36,999.2588739571504,261.1264210200248
930,2024-10-25 12:00:00,1913.6585000000005,1910.284331713436,290.1,1001.1371299910044,261.15677660850235
931,2024-10-25 13:00:00,1912.456,1904.3289159829096,290.06666666666666,999.2060988920462,261.3825892615244
932,2024-10-25 14:00:00,1915.453,1901.2219391787391,289.8066666666667,997.2750677930878,261.6084019145465
933,2024-10-25 15:00:00,1927.0352542372884,1906.797405194329,289.5783333333333,995.3440366941296,261.8342145675685
934,2024-10-25 16:00:00,1931.4940677966104,1911.251112428081,289.45,995.7501247592336,261.9968597472146
935,2024-10-25 17:00:00,1931.0115000000003,1913.5110232730356,289.775,996.156212824338,262.1595049268607
936,2024-10-25 18:00:00,1923.7240677966104,1907.695242214995,289.87666666666667,996.562300889442,262.32215010650674
937,2024-10-25 19:00:00,1929.513,1911.7170812843533,289.59166666666664,996.5207359480356,262.2266766654
938,2024-10-25 20:00:00,1920.0965,1903.5966821056256,289.8,996.4791710066296,262.1312032242932
939,2024-10-25 21:00:00,1918.1355,1901.0573386836684,289.7033333333333,996.4376060652232,262.0357297831864
940,2024-10-25 22:00:00,1908.349,1892.9586991037104,289.48833333333334,997.6486046003796,261.8539185972289
941,2024-10-25 23:00:00,1913.6215,1902.40632626796,289.715,998.8596031355356,261.6721074112714
942,2024-10-26 00:00:00,1892.6425,1883.4355349350049,289.55,1000.070601670692,261.4902962253139
943,2024-10-26 01:00:00,1908.052372881356,1903.006355922233,289.7866666666667,1001.242964951942,261.2470760508548
944,2024-10-26 02:00:00,1896.877118644068,1893.68479456068,289.6166666666667,1002.415328233192,261.0038558763956
945,2024-10-26 03:00:00,1892.55,1893.6878481697904,289.87166666666667,1003.587691514442,260.7606357019365
946,2024-10-26 04:00:00,1896.0650000000005,1897.278954301462,289.92333333333335,1003.4124700890064,260.5363234258055
947,2024-10-26 05:00:00,1888.2765,1888.9226862841635,289.8666666666667,1003.2372486635712,260.3120111496745
948,2024-10-26 06:00:00,1903.539,1904.8964441424864,290.025,1003.0620272381358,260.0876988735435
949,2024-10-26 07:00:00,1896.6755000000005,1901.3825207540576,290.1533333333333,1004.1709644838836,259.97324986691007
950,2024-10-26 08:00:00,1898.0445,1907.105936149218,290.4483333333333,1005.2799017296315,259.8588008602767
951,2024-10-26 09:00:00,1894.4125423728813,1906.4254250389408,290.51,1006.3888389753796,259.74435185364325
952,2024-10-26 10:00:00,1888.221,1900.5057526356877,290.405,1006.8041712023364,259.75707416457647
953,2024-10-26 11:00:00,1892.0135000000005,1905.6419121451213,290.47,1007.2195034292932,259.7697964755096
954,2024-10-26 12:00:00,1882.005,1897.670752000039,290.67,1007.63483565625,259.78251878644284
955,2024-10-26 13:00:00,1884.8725,1898.967818141521,290.4066666666667,1007.6659379058556,259.93005627848555
956,2024-10-26 14:00:00,1876.2574576271188,1889.7895701235004,290.3283333333333,1007.6970401554612,260.0775937705282
957,2024-10-26 15:00:00,1888.2025,1900.9543579735248,290.18833333333333,1007.728142405067,260.2251312625709
958,2024-10-26 16:00:00,1898.4515,1908.2216850172056,290.0283333333333,1006.8876242696504,260.4766431309319
959,2024-10-26 17:00:00,1897.582,1904.7966484537612,289.95166666666665,1006.0471061342336,260.72815499929294
960,2024-10-26 18:00:00,1896.768,1900.9304537213336,289.79,1005.206587998817,260.9796668676539
961,2024-10-26 19:00:00,1907.091,1911.2298751091027,289.82666666666665,1005.0899294701712,260.977413346776
962,2024-10-26 20:00:00,1895.1585,1899.245223893512,289.8666666666667,1004.9732709415254,260.9751598258982
963,2024-10-26 21:00:00,1889.7935000000004,1892.7434304128365,289.72,1004.8566124128796,260.9729063050203
964,2024-10-26 22:00:00,1900.172,1905.3709724475,289.9766666666667,1005.156099913274,260.9284328389246
965,2024-10-26 23:00:00,1889.5345,1896.366988180073,290.1383333333333,1005.4555874136682,260.8839593728289
966,2024-10-27 00:00:00,1875.2340000000004,1882.4755536093933,290.0966666666667,1005.7550749140626,260.8394859067332
967,2024-10-27 01:00:00,1887.481,1898.4578035063344,290.4783333333333,1006.3593960074182,260.7441927129475
968,2024-10-27 02:00:00,1872.015,1885.1103510944904,290.6116666666667,1006.963717100774,260.64889951916183
969,2024-10-27 03:00:00,1869.0365,1883.6936344753192,290.6383333333333,1007.5680381941296,260.5536063253761
972,2024-10-27 06:00:00,1862.7835,1878.2911375766053,290.62833333333333,1007.863082139442,260.14648230926485
973,2024-10-27 07:00:00,1848.964,1865.3538159161385,290.8183333333333,1007.7948855248586,260.08169610634224
974,2024-10-27 08:00:00,1862.467118644068,1878.32594181846,290.725,1007.7266889102754,260.0169099034196
975,2024-10-27 09:00:00,1856.956,1873.7210628771056,290.9066666666667,1007.658492295692,259.95212370049694
976,2024-10-27 10:00:00,1847.0955,1865.190216257479,290.92833333333334,1008.2624638455655,260.0205042100534
977,2024-10-27 11:00:00,1853.7000000000005,1873.420182412104,290.97333333333336,1008.866435395439,260.08888471960984
978,2024-10-27 12:00:00,1859.0835,1879.8721057054,290.92333333333335,1009.4704069453126,260.1572652291663
979,2024-10-27 13:00:00,1853.6445,1872.494224735658,290.82,1008.9954230256474,260.45243690373326
980,2024-10-27 14:00:00,1854.144,1868.892911428765,290.3333333333333,1008.5204391059822,260.7476085783002
981,2024-10-27 15:00:00,1867.1495,1879.4439015349851,290.115,1008.045455186317,261.04278025286715
982,2024-10-27 16:00:00,1877.442711864407,1886.7340786108248,290.0933333333333,1006.7962689884004,261.22141428276944
983,2024-10-27 17:00:00,1881.561,1887.359953515713,289.99666666666667,1005.5470827904836,261.4000483126718
984,2024-10-27 18:00:00,1882.37186440678,1883.669446311311,289.73,1004.297896592567,261.5786823425741
985,2024-10-27 19:00:00,1881.3945,1883.7782158520904,289.86833333333334,1004.4308311628796,261.6084774182798
986,2024-10-27 20:00:00,1877.6945,1879.3267160587216,289.6933333333333,1004.563765733192,261.6382724939854
987,2024-10-27 21:00:00,1882.4490000000003,1884.430525913118,289.705,1004.6967003035044,261.6680675696911
988,2024-10-27 22:00:00,1868.907,1869.908134540676,289.765,1004.1007206815028,261.6489004448138
989,2024-10-27 23:00:00,1866.169,1866.6591076005477,289.9033333333333,1003.5047410595014,261.6297333199366
990,2024-10-28 00:00:00,1867.960677966102,1867.7767675835228,290.0133333333333,1002.9087614375,261.6105661950593
991,2024-10-28 01:00:00,1870.0170000000005,1871.888593965039,290.0416666666667,1003.737040864189,261.5510782320952
992,2024-10-28 02:00:00,1867.5565,1871.1996160727708,290.02166666666665,1004.565320290878,261.4915902691311
993,2024-10-28 03:00:00,1851.147,1858.0680072932291,290.27,1005.393599717567,261.432102306167
994,2024-10-28 04:00:00,1851.3690000000004,1857.5957487080784,290.37,1004.7638879992112,261.263162363937
995,2024-10-28 05:00:00,1850.74,1856.529826043592,290.515,1004.1341762808556,261.09422242170706
997,2024-10-28 07:00:00,1849.0195,1855.1848780350756,290.7283333333333,1003.6804085729166,260.88092266172305
998,2024-10-28 08:00:00,1842.5075,1848.4193362848823,290.615,1003.8563525833332,260.83656284396903
999,2024-10-28 09:00:00,1843.414,1849.432296237929,290.56,1004.03229659375,260.792203026215
1000,2024-10-28 10:00:00,1848.9777966101697,1857.0772056849448,290.49661016949153,1005.1506964631473,260.85612220885463
1001,2024-10-28 11:00:00,1844.5754237288136,1855.1106984053008,290.50166666666667,1006.2690963325448,260.92004139149424
1002,2024-10-28 12:00:00,1847.521,1858.9253976503203,290.2283333333333,1007.387496201942,260.98396057413385
1003,2024-10-28 13:00:00,1844.2280000000003,1851.225180529502,290.16,1005.6468541003794,261.18721845966286
1004,2024-10-28 14:00:00,1852.183,1853.7001387883172,289.8983333333333,1003.906211998817,261.39047634519187
1005,2024-10-28 15:00:00,1854.4955,1851.5307245231677,289.81333333333333,1002.1655698972544,261.5937342307209
1007,2024-10-28 17:00:00,1847.2845762711863,1841.8904776447607,289.6716666666667,1001.5540973303348,261.99148475064595
1008,2024-10-28 18:00:00,1866.1135,1859.2930424447773,289.57666666666665,1001.2483610468752,262.1903600106085
1009,2024-10-28 19:00:00,1861.137,1855.0860809300743,289.7416666666667,1001.1566455520834,262.1869126259196
1010,2024-10-28 20:00:00,1861.3590000000004,1855.462764244584,289.80333333333334,1001.0649300572916,262.1834652412307
1011,2024-10-28 21:00:00,1861.8955000000003,1855.04701113723,289.67333333333335,1000.9732145625,262.1800178565418
1012,2024-10-28 22:00:00,1851.2210000000005,1846.6215179460396,289.70666666666665,1001.859599457939,262.0852361874076
1013,2024-10-28 23:00:00,1852.6455,1849.0869813265176,289.5366666666667,1002.745984353378,261.9904545182733
1014,2024-10-29 00:00:00,1847.2281355932207,1845.774086403146,289.55,1003.632369248817,261.89567284913903
1015,2024-10-29 01:00:00,1844.312033898305,1843.259370161372,289.655,1003.4965863712129,261.7622264819798
1016,2024-10-29 02:00:00,1852.664,1851.652427585543,289.6983333333333,1003.3608034936086,261.6287801148206
1017,2024-10-29 03:00:00,1843.0138983050845,1841.5950010334327,289.6616666666667,1003.2250206160044,261.49533374766133
1018,2024-10-29 04:00:00,1839.6585,1838.2236191085217,289.83,1002.7309056710862,261.3525081535928
1019,2024-10-29 05:00:00,1830.9544067796608,1829.953558384996,290.07666666666665,1002.236790726168,261.2096825595242
1020,2024-10-29 06:00:00,1843.7291379310343,1841.098877065264,289.965,1001.74267578125,261.06685696545566
1021,2024-10-29 07:00:00,1835.5515000000005,1834.8564544287497,290.1333333333333,1002.1450835651042,260.9495708743183
1022,2024-10-29 08:00:00,1823.3855172413791,1823.378900139019,290.085,1002.5474913489584,260.83228478318097
1023,2024-10-29 09:00:00,1837.520338983051,1838.107780610069,290.02,1002.9498991328126,260.7149986920436
1024,2024-10-29 10:00:00,1825.423220338984,1827.15372804886,290.06666666666666,1003.3729308020834,260.77050799538887
1025,2024-10-29 11:00:00,1840.1765,1843.364524471376,290.16333333333336,1003.7959624713542,260.8260172987342
1026,2024-10-29 12:00:00,1850.1295,1851.0993984772688,289.62,1004.218994140625,260.8815266020795
1031,2024-10-29 17:00:00,1857.289,1854.259980601443,290.3883333333333,1000.772150426689,262.0025273312033
1032,2024-10-29 18:00:00,1841.823,1835.2361895319984,290.4116666666667,999.149658203125,262.2300976897858
1033,2024-10-29 19:00:00,1849.9815000000003,1841.7772784024044,290.1333333333333,999.1671549479166,262.2745009590333
1034,2024-10-29 20:00:00,1852.3865,1846.310976810901,290.505,999.1846516927084,262.3189042282807
1035,2024-10-29 21:00:00,1844.8755,1837.7640951415297,290.3183333333333,999.2021484375,262.3633074975282
1036,2024-10-29 22:00:00,1851.969152542373,1845.2857402645016,290.4116666666667,999.1502420490848,262.3159272877072
1037,2024-10-29 23:00:00,1861.8215,1855.2911384142567,290.4583333333333,999.0983356606696,262.2685470778863
1038,2024-10-30 00:00:00,1847.5025000000005,1840.6275090279632,290.4033333333333,999.0464292722544,262.2211668680653
1039,2024-10-30 01:00:00,1831.9625000000003,1827.0939148261805,290.3333333333333,1000.0723987179612,262.063084838847
1040,2024-10-30 02:00:00,1834.8485000000005,1831.963955932184,290.27,1001.0983681636684,261.9050028096286
1041,2024-10-30 03:00:00,1828.2995,1827.0047871168883,290.135,1002.1243376093752,261.7469207804103
1042,2024-10-30 04:00:00,1823.0640000000003,1820.3625265684373,290.0,1001.7857876089809,261.6210777535676
1043,2024-10-30 05:00:00,1825.0250000000003,1821.0324233392569,289.88666666666666,1001.4472376085864,261.4952347267249
1044,2024-10-30 06:00:00,1835.356779661017,1829.629729474067,289.7,1001.108687608192,261.3693916998822
1045,2024-10-30 07:00:00,1834.0774576271187,1827.5200189201769,289.62166666666667,1000.8994440825446,261.2752375751997
1046,2024-10-30 08:00:00,1848.4698305084748,1841.211239240128,289.57666666666665,1000.6902005568974,261.18108345051724
1047,2024-10-30 09:00:00,1838.0659322033896,1829.282483631878,289.37,1000.48095703125,261.0869293258348
1048,2024-10-30 10:00:00,1838.9925,1831.250638913284,289.32166666666666,1001.1084624713542,261.1550647640581
1049,2024-10-30 11:00:00,1839.055789473684,1832.9207246720373,289.37166666666667,1001.7359679114584,261.2232002022815
1050,2024-10-30 12:00:00,1837.827,1833.6930549678225,289.49,1002.3634733515626,261.2913356405048
1051,2024-10-30 13:00:00,1855.5755172413792,1849.319072235353,289.4316666666667,1001.6582851675744,261.5569306833085
1052,2024-10-30 14:00:00,1860.323,1850.8326914569243,289.1766666666667,1000.9530969835864,261.82252572611213
1053,2024-10-30 15:00:00,1850.148,1840.2597990629129,289.40166666666664,1000.2479087995982,262.0881207689158
1054,2024-10-30 16:00:00,1859.879,1850.114978883946,290.2083333333333,998.2891067045462,262.2882881462688
1055,2024-10-30 17:00:00,1858.8800000000003,1847.4675291325227,290.69666666666666,996.330304609494,262.4884555236219
1056,2024-10-30 18:00:00,1856.65372881356,1840.7021460343103,290.67833333333334,994.371502514442,262.6886229009749
1057,2024-10-30 19:00:00,1855.4684745762715,1840.879879391401,291.005,994.149578686317,262.7300849614059
1058,2024-10-30 20:00:00,1859.9345,1846.514715048096,291.305,993.927654858192,262.77154702183697
1059,2024-10-30 21:00:00,1851.7433898305087,1837.1333705085185,291.1766666666667,993.705731030067,262.813009082268
1060,2024-10-30 22:00:00,1840.2875,1826.5135748257808,290.94,994.6483264523364,262.7603488042129
1061,2024-10-30 23:00:00,1846.744,1833.850963166455,290.735,995.5909218746058,262.7076885261578
1062,2024-10-31 00:00:00,1835.718,1825.2729344755664,290.785,996.5335172968752,262.6550282481028
1063,2024-10-31 01:00:00,1844.686034482759,1836.1936472857344,290.85,997.225566254814,262.48903907066267
1064,2024-10-31 02:00:00,1831.558421052632,1824.191288830492,290.75166666666667,997.917615212753,262.32304989322256
1065,2024-10-31 03:00:00,1829.28,1822.8160831739424,290.62333333333333,998.609664170692,262.15706071578245
1066,2024-10-31 04:00:00,1843.599,1834.6363738781536,290.51166666666666,997.752576150253,262.0653572061915
1067,2024-10-31 05:00:00,1839.1405,1827.5427401985464,290.3616666666667,996.895488129814,261.9736536966005
1068,2024-10-31 06:00:00,1837.383,1823.316002272697,290.2416666666667,996.0384001093752,261.8819501870095
1069,2024-10-31 07:00:00,1852.532586206897,1839.5679177935583,290.09166666666664,996.9419969188766,261.7492435374008
1070,2024-10-31 08:00:00,1847.5025000000005,1836.207546894176,290.015,997.8455937283782,261.6165368877919
1071,2024-10-31 09:00:00,1860.1530508474573,1850.504655713065,289.95166666666665,998.7491905378796,261.4838302381831
1072,2024-10-31 10:00:00,1847.7245,1836.211044280557,289.8,998.2542352852754,261.4542187429858
1073,2024-10-31 11:00:00,1846.744,1829.740900403108,289.02166666666665,997.7592800326712,261.42460724778846
