date,Ts,Ps,T_0,T_1,T_2,T_3,T_4,T_5,T_6,T_7,T_8,T_9,T_10,T_11,T_12,T_13,T_14,T_15,T_16,T_17,T_18,T_19,T_20,T_21,T_22,P_0,P_1,P_2,P_3,P_4,P_5,P_6,P_7,P_8,P_9,P_10,P_11,P_12,P_13,P_14,P_15,P_16,P_17,P_18,P_19,P_20,P_21,P_22,H_0,H_1,H_2,H_3,H_4,H_5,H_6,H_7,H_8,H_9,H_10,H_11,H_12,H_13,H_14,H_15,H_16,H_17,H_18,H_19,H_20,H_21,H_22
2024-09-16 00:00:00,290.0988458689928,1009.078125,293.88031005859375,294.4703063964844,293.02899169921875,291.3190002441406,289.2139892578125,284.7756042480469,280.4613952636719,282.0151062011719,277.910888671875,274.05621337890625,269.972412109375,264.9772033691406,260.6044921875,255.92498779296875,252.1416015625,247.29310607910156,239.03280639648438,230.74209594726562,220.86990356445312,210.0216064453125,204.3000030517578,211.90499877929688,218.5395965576172,1000.0,975.0,950.0,925.0,900.0,850.0,800.0,750.0,700.0,650.0,600.0,550.0,500.0,450.0,400.0,350.0,300.0,250.0,200.0,150.0,100.0,50.0,20.0,159.267578125,377.9578857421875,602.350830078125,830.63623046875,1065.024658203125,1546.949951171875,2050.0029296875,2582.429931640625,3148.9169921875,3748.511962890625,4387.2353515625,5069.625,5801.39013671875,6599.26123046875,7473.86376953125,8451.146484375,9547.998046875,10799.7431640625,12276.7998046875,14088.099609375,16538.109375,20721.080078125,26494.98046875
2024-09-16 03:00:00,287.6559012418917,1009.354736328125,290.7587890625,291.607177734375,291.68121337890625,289.9736022949219,288.2388000488281,284.69720458984375,282.7772216796875,282.09381103515625,277.6336975097656,273.81109619140625,269.1867980957031,266.734619140625,261.82501220703125,255.960205078125,249.26620483398438,244.8603057861328,238.49659729003906,231.16949462890625,221.69119262695312,210.91180419921875,202.87429809570312,211.3217010498047,218.76400756835938,1000.0,975.0,950.0,925.0,900.0,850.0,800.0,750.0,700.0,650.0,600.0,550.0,500.0,450.0,400.0,350.0,300.0,250.0,200.0,150.0,100.0,50.0,20.0,166.83859252929688,382.4988098144531,605.8665771484375,835.0899047851562,1067.407958984375,1548.0899658203125,2052.79296875,2587.758056640625,3153.653076171875,3752.010009765625,4389.5048828125,5071.26708984375,5809.2451171875,6606.72998046875,7477.990234375,8443.33984375,9534.7734375,10786.2138671875,12269.5,14090.6796875,16535.53125,20717.810546875,26486.8203125
2024-09-16 06:00:00,286.5594376547558,1010.516158311317,289.224609375,290.3345947265625,290.42462158203125,289.4906005859375,288.03057861328125,285.14801025390625,284.51568603515625,282.3768005371094,277.82421875,272.716796875,270.05389404296875,267.07171630859375,261.71929931640625,255.4755859375,247.80880737304688,243.3000030517578,237.42689514160156,231.30650329589844,220.7781982421875,211.389404296875,204.0863037109375,211.9542999267578,219.48440551757812,1000.0,975.0,950.0,925.0,900.0,850.0,800.0,750.0,700.0,650.0,600.0,550.0,500.0,450.0,400.0,350.0,300.0,250.0,200.0,150.0,100.0,50.0,20.0,162.13369750976562,379.1744079589844,601.8764038085938,828.3679809570312,1060.8857421875,1541.7889404296875,2048.446044921875,2584.047119140625,3150.22412109375,3748.5458984375,4384.1259765625,5069.6630859375,5807.08984375,6605.47021484375,7472.7451171875,8432.005859375,9518.09765625,10766.068359375,12245.400390625,14069.009765625,16517.8203125,20700.830078125,26472.849609375
2024-09-16 09:00:00,285.6264449095647,1011.0738975691295,287.83258056640625,289.68670654296875,290.281494140625,289.59149169921875,288.12152099609375,284.7371826171875,283.482177734375,281.08721923828125,276.9071960449219,272.3630065917969,271.12298583984375,266.84912109375,262.0820007324219,255.94879150390625,248.7855224609375,243.03590393066406,237.4781036376953,230.6295928955078,219.92550659179688,211.0823974609375,204.1365966796875,211.62969970703125,220.6103973388672,1000.0,975.0,950.0,925.0,900.0,850.0,800.0,750.0,700.0,650.0,600.0,550.0,500.0,450.0,400.0,350.0,300.0,250.0,200.0,150.0,100.0,50.0,20.0,171.4127197265625,386.7200012207031,607.6804809570312,834.4589233398438,1068.259033203125,1548.738037109375,2053.9931640625,2587.238037109375,3152.091064453125,3748.138916015625,4384.97607421875,5070.3720703125,5807.7880859375,6608.4189453125,7477.8779296875,8436.837890625,9523.4951171875,10769.28125,12243.48046875,14064.5,16522.509765625,20700.4609375,26468.630859375
2024-09-16 12:00:00,295.21989729959824,1012.6143278437501,290.43878173828125,288.80389404296875,290.14031982421875,289.7102966308594,288.2515869140625,285.739501953125,284.36077880859375,281.09808349609375,276.43798828125,273.18231201171875,271.3114929199219,266.6889953613281,262.40130615234375,256.43292236328125,249.51480102539062,243.26220703125,237.4738006591797,230.7617950439453,219.73179626464844,210.03529357910156,204.29229736328125,210.33399963378906,219.46060180664062,1000.0,975.0,950.0,925.0,900.0,850.0,800.0,750.0,700.0,650.0,600.0,550.0,500.0,450.0,400.0,350.0,300.0,250.0,200.0,150.0,100.0,50.0,20.0,191.556396484375,406.3882141113281,627.8599853515625,855.14990234375,1087.428466796875,1568.8699951171875,2076.03515625,2611.10888671875,3174.738037109375,3770.48193359375,4410.03515625,5094.623046875,5832.44677734375,6632.9521484375,7506.23388671875,8467.529296875,9553.984375,10800.6826171875,12275.1396484375,14090.6396484375,16552.46875,20721.01953125,26502.939453125
2024-09-16 15:00:00,305.25627417548543,1009.5632749753795,297.58099365234375,295.1964111328125,293.0350036621094,290.85491943359375,288.6448974609375,286.26849365234375,285.2619934082031,281.12548828125,276.46551513671875,274.2991027832031,271.9075927734375,267.5758972167969,263.220703125,256.92108154296875,249.3837890625,244.0758056640625,237.79029846191406,230.52439880371094,219.68890380859375,210.8769989013672,203.8430938720703,212.689697265625,218.1334991455078,1000.0,975.0,950.0,925.0,900.0,850.0,800.0,750.0,700.0,650.0,600.0,550.0,500.0,450.0,400.0,350.0,300.0,250.0,200.0,150.0,100.0,50.0,20.0,182.7895050048828,403.5386047363281,627.9356079101562,856.1254272460938,1089.339111328125,1571.614013671875,2079.60107421875,2615.486083984375,3178.927001953125,3775.864990234375,4416.92578125,5104.412109375,5844.7021484375,6646.923828125,7519.58203125,8481.994140625,9570.767578125,10818.765625,12292.009765625,14106.830078125,16558.400390625,20723.05078125,26517.98046875
2024-09-16 18:00:00,306.78116900600725,1008.6048063593751,300.91131591796875,298.53118896484375,296.1112060546875,293.93048095703125,291.715087890625,287.07928466796875,282.4486083984375,281.55279541015625,277.13140869140625,275.83990478515625,272.61322021484375,268.28167724609375,263.58099365234375,257.1950988769531,249.70751953125,243.972900390625,237.82530212402344,230.2967987060547,220.12100219726562,210.46249389648438,203.92840576171875,214.781005859375,218.17979431152344,1000.0,975.0,950.0,925.0,900.0,850.0,800.0,750.0,700.0,650.0,600.0,550.0,500.0,450.0,400.0,350.0,300.0,250.0,200.0,150.0,100.0,50.0,20.0,156.27220153808594,378.4547119140625,605.2846069335938,835.9390258789062,1071.605712890625,1557.81201171875,2064.796875,2598.73193359375,3163.77001953125,3762.93798828125,4406.177734375,5095.990234375,5837.55615234375,6641.2490234375,7515.1240234375,8477.982421875,9567.146484375,10814.267578125,12285.9697265625,14103.66015625,16545.349609375,20724.0,26505.009765625
2024-09-16 21:00:00,300.2351696965109,1005.682537670692,300.5863952636719,298.69921875,296.5352783203125,294.34088134765625,291.99749755859375,287.22650146484375,282.7131042480469,282.0587158203125,279.49981689453125,277.039306640625,272.4119873046875,268.63970947265625,264.1903076171875,257.4848937988281,250.20977783203125,244.37869262695312,238.41940307617188,230.1876983642578,220.5771026611328,209.73309326171875,205.1510009765625,213.58140563964844,218.59629821777344,1000.0,975.0,950.0,925.0,900.0,850.0,800.0,750.0,700.0,650.0,600.0,550.0,500.0,450.0,400.0,350.0,300.0,250.0,200.0,150.0,100.0,50.0,20.0,150.6291046142578,372.49029541015625,600.0234985351562,831.3939208984375,1066.77734375,1552.509033203125,2060.06982421875,2595.680908203125,3161.97412109375,3766.718994140625,4410.7001953125,5100.166015625,5843.02001953125,6647.87109375,7522.6181640625,8488.76953125,9579.765625,10828.7177734375,12299.990234375,14112.740234375,16553.33984375,20739.4609375,26500.16015625
2024-09-17 00:00:00,291.7666364283412,1011.029586045692,295.73919677734375,296.60919189453125,294.9591979980469,293.0352783203125,291.0852966308594,286.85308837890625,284.86419677734375,282.37860107421875,279.98638916015625,277.24298095703125,272.99407958984375,268.77508544921875,264.0209045410156,257.6251220703125,250.68490600585938,245.3892059326172,237.9185028076172,230.5269012451172,220.6322021484375,208.72560119628906,206.11770629882812,211.2866973876953,218.03289794921875,1000.0,975.0,950.0,925.0,900.0,850.0,800.0,750.0,700.0,650.0,600.0,550.0,500.0,450.0,400.0,350.0,300.0,250.0,200.0,150.0,100.0,50.0,20.0,161.0950927734375,381.47589111328125,607.4760131835938,837.2501220703125,1072.003173828125,1557.251953125,2065.06787109375,2601.6279296875,3170.044921875,3775.179931640625,4419.6552734375,5109.9677734375,5853.64794921875,6658.14990234375,7533.716796875,8502.0009765625,9593.64453125,10842.51171875,12316.7802734375,14121.9404296875,16570.4609375,20752.490234375,26519.5
2024-09-17 03:00:00,289.97313639648434,1008.6196989375001,293.1347961425781,295.257080078125,294.352783203125,292.4130859375,290.4627990722656,286.32891845703125,285.2135925292969,283.084716796875,280.4254150390625,277.78082275390625,273.94091796875,268.95721435546875,264.027099609375,257.5726013183594,251.12030029296875,245.7465057373047,237.39010620117188,230.7677001953125,220.69320678710938,208.18190002441406,205.74319458007812,210.9600067138672,218.36399841308594,1000.0,975.0,950.0,925.0,900.0,850.0,800.0,750.0,700.0,650.0,600.0,550.0,500.0,450.0,400.0,350.0,300.0,250.0,200.0,150.0,100.0,50.0,20.0,157.5458984375,376.9732971191406,602.0338134765625,831.8903198242188,1066.7506103515625,1551.2779541015625,2058.5,2595.60107421875,3165.177001953125,3770.743896484375,4417.2490234375,5108.8388671875,5852.83203125,6656.85302734375,7532.72216796875,8504.244140625,9595.48046875,10843.5068359375,12319.66015625,14121.5703125,16568.140625,20746.890625,26509.58984375
2024-09-17 06:00:00,287.5636172713365,1006.8489990234375,290.72161865234375,293.8547058105469,293.9547119140625,292.4096984863281,290.4606018066406,286.98248291015625,285.50750732421875,282.8939208984375,280.50531005859375,277.666015625,273.30010986328125,269.92327880859375,264.18060302734375,257.7877197265625,251.47998046875,245.60780334472656,237.9873046875,231.1593017578125,220.53179931640625,208.14109802246094,204.3708038330078,210.3596954345703,218.9683074951172,1000.0,975.0,950.0,925.0,900.0,850.0,800.0,750.0,700.0,650.0,600.0,550.0,500.0,450.0,400.0,350.0,300.0,250.0,200.0,150.0,100.0,50.0,20.0,142.8341064453125,360.8258056640625,585.4389038085938,814.819580078125,1050.165283203125,1533.583984375,2042.53515625,2579.6640625,3149.1201171875,3754.951904296875,4400.6240234375,5092.48291015625,5837.90283203125,6643.14111328125,7520.1162109375,8492.265625,9581.912109375,10835.50390625,12310.5498046875,14111.83984375,16554.9609375,20736.41015625,26482.099609375
2024-09-17 09:00:00,286.76362947836776,1007.584029405067,289.02630615234375,292.1611022949219,292.7626037597656,291.71759033203125,290.017578125,287.172607421875,285.8240051269531,282.843994140625,280.3389892578125,277.66571044921875,273.1918029785156,270.3660888671875,264.82598876953125,258.91021728515625,251.40289306640625,246.06480407714844,238.8690948486328,231.25880432128906,220.8448944091797,209.58709716796875,205.12049865722656,211.15640258789062,219.49339294433594,1000.0,975.0,950.0,925.0,900.0,850.0,800.0,750.0,700.0,650.0,600.0,550.0,500.0,450.0,400.0,350.0,300.0,250.0,200.0,150.0,100.0,50.0,20.0,140.55801391601562,357.2278137207031,579.5059204101562,808.5471801757812,1042.54345703125,1527.23095703125,2036.4140625,2574.258056640625,3142.35009765625,3748.05810546875,4393.822265625,5087.0029296875,5833.3330078125,6641.55810546875,7520.7412109375,8493.6796875,9585.994140625,10842.0283203125,12319.1396484375,14129.830078125,16554.37890625,20729.990234375,26484.48046875
2024-09-17 12:00:00,296.2019678356417,1007.565185546875,292.77130126953125,290.8961181640625,291.75091552734375,291.07611083984375,289.7510986328125,288.2705078125,286.419677734375,283.18829345703125,280.42327880859375,277.58258056640625,274.22149658203125,270.643798828125,265.47900390625,258.4967041015625,251.32589721679688,245.3372039794922,238.61720275878906,231.63780212402344,220.2845001220703,208.81939697265625,206.61990356445312,211.326904296875,219.5561981201172,1000.0,975.0,950.0,925.0,900.0,850.0,800.0,750.0,700.0,650.0,600.0,550.0,500.0,450.0,400.0,350.0,300.0,250.0,200.0,150.0,100.0,50.0,20.0,146.04739379882812,363.0801086425781,584.7340698242188,814.147216796875,1047.518310546875,1533.010009765625,2044.0380859375,2581.758056640625,3151.2880859375,3756.738037109375,4403.365234375,5098.43701171875,5846.0078125,6654.73388671875,7533.0322265625,8504.5849609375,9594.900390625,10851.751953125,12328.2099609375,14133.7197265625,16561.349609375,20735.490234375,26501.4296875
2024-09-17 15:00:00,307.0919887319782,1005.9087614375001,300.1358947753906,297.26190185546875,295.1195068359375,292.96099853515625,290.769287109375,286.55389404296875,286.9631042480469,283.4967041015625,280.50750732421875,277.3594055175781,274.6051025390625,270.4302062988281,265.2297058105469,258.4420166015625,251.448486328125,245.11309814453125,238.5644073486328,231.84129333496094,219.6676025390625,209.756103515625,208.45799255371094,212.69140625,220.09500122070312,1000.0,975.0,950.0,925.0,900.0,850.0,800.0,750.0,700.0,650.0,600.0,550.0,500.0,450.0,400.0,350.0,300.0,250.0,200.0,150.0,100.0,50.0,20.0,130.622314453125,352.627685546875,579.2232055664062,809.5548706054688,1044.850341796875,1530.0689697265625,2039.7080078125,2578.924072265625,3149.3310546875,3756.572998046875,4404.494140625,5099.201171875,5847.6259765625,6655.35986328125,7534.0068359375,8504.966796875,9594.017578125,10852.18359375,12326.26953125,14130.509765625,16565.509765625,20751.509765625,26533.009765625
2024-09-17 18:00:00,308.446941808298,1001.8799528437501,303.8070068359375,300.68768310546875,298.28839111328125,296.11700439453125,293.92840576171875,289.1962890625,284.48199462890625,283.6256103515625,280.49560546875,277.2393798828125,274.92730712890625,271.33551025390625,264.61199951171875,258.5552062988281,251.8013916015625,244.95249938964844,238.70660400390625,232.06399536132812,219.70779418945312,209.36639404296875,208.9528045654297,212.65859985351562,218.09930419921875,1000.0,975.0,950.0,925.0,900.0,850.0,800.0,750.0,700.0,650.0,600.0,550.0,500.0,450.0,400.0,350.0,300.0,250.0,200.0,150.0,100.0,50.0,20.0,93.33358764648438,318.039794921875,546.3333129882812,779.382080078125,1016.4052734375,1506.1309814453125,2017.369140625,2553.264892578125,3125.427001953125,3732.35498046875,4381.0390625,5078.35498046875,5826.80908203125,6633.4931640625,7512.61181640625,8484.119140625,9573.5810546875,10833.5107421875,12308.01953125,14112.009765625,16561.1796875,20744.83984375,26514.890625
2024-09-17 21:00:00,302.39812111928853,999.4702573972545,302.43780517578125,300.5625,298.4224853515625,296.01251220703125,293.8223876953125,289.2274169921875,284.39678955078125,283.4219970703125,281.3059997558594,277.11651611328125,275.5614929199219,271.27728271484375,265.36651611328125,258.9600830078125,251.8817138671875,244.31260681152344,239.84910583496094,231.78709411621094,219.44090270996094,210.8101043701172,207.2830047607422,211.4561004638672,218.54409790039062,1000.0,975.0,950.0,925.0,900.0,850.0,800.0,750.0,700.0,650.0,600.0,550.0,500.0,450.0,400.0,350.0,300.0,250.0,200.0,150.0,100.0,50.0,20.0,82.9718017578125,307.02020263671875,535.6533813476562,769.033203125,1006.36279296875,1496.6629638671875,2007.4091796875,2543.717041015625,3118.2099609375,3726.052001953125,4375.673828125,5073.38916015625,5822.4912109375,6630.625,7511.30908203125,8480.734375,9571.7158203125,10832.9345703125,12305.759765625,14107.2197265625,16575.509765625,20742.029296875,26511.810546875
2024-09-18 00:00:00,294.6956027265625,1002.6192106562501,297.2763977050781,299.4017028808594,297.5078125,295.3377990722656,293.6405944824219,289.413818359375,284.94671630859375,282.2227783203125,279.84100341796875,279.32159423828125,275.02801513671875,270.5823974609375,264.58502197265625,258.5126037597656,250.14251708984375,245.21560668945312,240.48550415039062,231.8675994873047,219.65879821777344,209.85690307617188,205.77999877929688,210.19810485839844,219.00469970703125,1000.0,975.0,950.0,925.0,900.0,850.0,800.0,750.0,700.0,650.0,600.0,550.0,500.0,450.0,400.0,350.0,300.0,250.0,200.0,150.0,100.0,50.0,20.0,107.53158569335938,330.2027893066406,558.4776000976562,790.5057983398438,1027.4892578125,1517.1629638671875,2029.3408203125,2566.173095703125,3136.27001953125,3745.60693359375,4395.9248046875,5090.9072265625,5838.63916015625,6644.7587890625,7522.35107421875,8488.232421875,9582.701171875,10847.5,12321.0498046875,14119.9404296875,16587.919921875,20751.25,26517.689453125
2024-09-18 03:00:00,294.045538408351,1002.1095671015626,295.206298828125,296.5762939453125,297.18389892578125,296.142578125,294.4425964355469,290.8399963378906,286.61859130859375,283.14111328125,282.882080078125,281.15850830078125,276.90667724609375,270.46051025390625,263.9033203125,256.72991943359375,250.35260009765625,243.37130737304688,240.28399658203125,231.4091033935547,220.2593994140625,209.6291046142578,207.08819580078125,209.64649963378906,219.69580078125,1000.0,975.0,950.0,925.0,900.0,850.0,800.0,750.0,700.0,650.0,600.0,550.0,500.0,450.0,400.0,350.0,300.0,250.0,200.0,150.0,100.0,50.0,20.0,102.96881103515625,323.7575988769531,551.17431640625,784.334228515625,1021.46435546875,1513.428955078125,2027.9189453125,2568.06005859375,3140.9970703125,3754.090087890625,4408.6103515625,5105.6240234375,5851.5078125,6653.91796875,7527.4912109375,8491.759765625,9579.5048828125,10842.3193359375,12315.6201171875,14122.26953125,16581.900390625,20751.189453125,26512.55078125
2024-09-18 06:00:00,291.4457465330552,1001.8830046015626,292.357177734375,295.9871826171875,297.33721923828125,297.0382080078125,295.46319580078125,291.10418701171875,287.130615234375,283.2681884765625,280.0106201171875,278.67620849609375,275.66790771484375,270.41680908203125,263.8275146484375,256.79559326171875,250.418212890625,243.12010192871094,238.7711944580078,231.15750122070312,219.72369384765625,210.60690307617188,206.4257049560547,209.9720001220703,219.16200256347656,1000.0,975.0,950.0,925.0,900.0,850.0,800.0,750.0,700.0,650.0,600.0,550.0,500.0,450.0,400.0,350.0,300.0,250.0,200.0,150.0,100.0,50.0,20.0,100.50119018554688,319.59930419921875,546.313720703125,778.7838745117188,1017.23486328125,1510.873046875,2025.5439453125,2566.427978515625,3137.6279296875,3745.050048828125,4395.0966796875,5091.31494140625,5836.52880859375,6639.41015625,7514.02099609375,8478.431640625,9562.7421875,10821.3681640625,12292.2900390625,14103.0,16561.75,20733.740234375,26490.91015625
2024-09-18 09:00:00,291.27105206430525,1001.4976286250001,291.22698974609375,294.84698486328125,297.6961975097656,297.65118408203125,295.8262023925781,292.086181640625,287.8560791015625,283.86810302734375,279.472900390625,278.0498962402344,275.7742004394531,270.16839599609375,263.93768310546875,257.46490478515625,250.99929809570312,242.67449951171875,238.12010192871094,230.99569702148438,219.743896484375,210.1156005859375,205.22999572753906,211.33090209960938,219.4145965576172,1000.0,975.0,950.0,925.0,900.0,850.0,800.0,750.0,700.0,650.0,600.0,550.0,500.0,450.0,400.0,350.0,300.0,250.0,200.0,150.0,100.0,50.0,20.0,98.93209838867188,317.31048583984375,544.2921142578125,777.0548095703125,1016.800048828125,1511.032958984375,2027.8291015625,2570.383056640625,3142.2890625,3748.712890625,4398.3232421875,5093.8408203125,5839.31298828125,6643.0087890625,7520.27392578125,8484.4072265625,9566.015625,10823.326171875,12292.0595703125,14100.9599609375,16557.4296875,20725.05078125,26488.0703125
2024-09-18 12:00:00,301.196405446674,1002.533123608192,296.7532043457031,294.8731994628906,297.97540283203125,297.8027038574219,295.98040771484375,292.3731994628906,287.898193359375,283.78057861328125,279.6405029296875,278.3070068359375,275.6724853515625,270.5805969238281,263.82501220703125,258.29168701171875,250.87841796875,242.86419677734375,236.9925994873047,230.19090270996094,218.75050354003906,210.8997039794922,205.2823944091797,211.885498046875,221.55810546875,1000.0,975.0,950.0,925.0,900.0,850.0,800.0,750.0,700.0,650.0,600.0,550.0,500.0,450.0,400.0,350.0,300.0,250.0,200.0,150.0,100.0,50.0,20.0,113.35528564453125,334.5683898925781,559.3903198242188,793.9859008789062,1033.551025390625,1528.404052734375,2045.821044921875,2587.97412109375,3159.948974609375,3766.509033203125,4416.0859375,5112.3369140625,5858.6767578125,6662.990234375,7541.19921875,8505.712890625,9587.6318359375,10836.5751953125,12301.5302734375,14110.2197265625,16578.37890625,20740.759765625,26502.509765625
2024-09-18 15:00:00,312.50326088041567,1003.092330186317,304.9559020996094,302.0758972167969,299.6859130859375,297.5137023925781,295.56591796875,292.46868896484375,288.2536926269531,284.39678955078125,280.64178466796875,276.47869873046875,274.2041015625,270.42718505859375,264.41619873046875,258.58502197265625,250.88140869140625,244.86090087890625,237.14559936523438,230.0384979248047,218.84030151367188,209.93060302734375,205.69900512695312,212.91529846191406,220.80599975585938,1000.0,975.0,950.0,925.0,900.0,850.0,800.0,750.0,700.0,650.0,600.0,550.0,500.0,450.0,400.0,350.0,300.0,250.0,200.0,150.0,100.0,50.0,20.0,100.87680053710938,327.4967041015625,556.70751953125,791.6751098632812,1030.604736328125,1525.178955078125,2043.218017578125,2586.916015625,3160.8720703125,3767.47802734375,4413.970703125,5108.94189453125,5855.837890625,6662.1318359375,7539.7080078125,8509.0859375,9595.2509765625,10843.3916015625,12309.08984375,14116.5400390625,16575.69140625,20744.470703125,26526.609375
2024-09-18 18:00:00,314.50994423002504,996.883709545692,307.936279296875,305.0684814453125,302.91851806640625,300.5078125,298.0585021972656,293.4727783203125,288.50848388671875,283.41131591796875,280.1578063964844,278.16778564453125,274.1542053222656,271.33502197265625,265.7438049316406,258.5462951660156,253.04461669921875,244.8072967529297,237.2987060546875,229.88949584960938,218.42649841308594,209.17999267578125,204.86419677734375,212.5229949951172,220.77259826660156,1000.0,975.0,950.0,925.0,900.0,850.0,800.0,750.0,700.0,650.0,600.0,550.0,500.0,450.0,400.0,350.0,300.0,250.0,200.0,150.0,100.0,50.0,20.0,67.244384765625,295.4825439453125,528.3010864257812,764.8836059570312,1006.4061279296875,1504.1199951171875,2023.287109375,2567.06103515625,3138.033935546875,3747.537109375,4396.4677734375,5092.4091796875,5842.169921875,6650.47900390625,7532.26611328125,8505.2021484375,9592.009765625,10839.0732421875,12303.080078125,14105.2998046875,16558.66015625,20741.359375,26517.630859375
2024-09-18 21:00:00,307.4225120662737,996.0862241941295,306.1414794921875,305.021484375,302.8815002441406,300.71002197265625,298.52001953125,294.04150390625,289.57830810546875,284.85870361328125,281.10369873046875,275.71319580078125,277.12091064453125,271.959716796875,265.86309814453125,260.20751953125,253.10748291015625,244.88670349121094,236.73390197753906,229.89169311523438,218.2902069091797,209.64759826660156,204.79949951171875,211.08279418945312,219.57969665527344,1000.0,975.0,950.0,925.0,900.0,850.0,800.0,750.0,700.0,650.0,600.0,550.0,500.0,450.0,400.0,350.0,300.0,250.0,200.0,150.0,100.0,50.0,20.0,54.602203369140625,282.9818115234375,515.9746704101562,752.7097778320312,994.4044189453125,1492.467041015625,2013.98388671875,2559.137939453125,3133.507080078125,3740.403076171875,4390.876953125,5091.79296875,5842.23876953125,6652.38623046875,7537.501953125,8511.451171875,9597.21484375,10844.0908203125,12308.009765625,14110.7802734375,16563.44140625,20739.23046875,26513.1796875
2024-09-19 00:00:00,301.1105346170243,998.4721159296876,302.3529052734375,302.98291015625,302.0828857421875,300.16278076171875,298.3377990722656,294.48419189453125,290.6441955566406,285.7778015136719,281.1477966308594,277.3670959472656,277.8529968261719,272.3460998535156,266.17718505859375,260.92181396484375,253.01751708984375,245.03370666503906,235.9907989501953,229.61180114746094,217.90859985351562,210.07400512695312,203.160400390625,210.42520141601562,218.7006072998047,1000.0,975.0,950.0,925.0,900.0,850.0,800.0,750.0,700.0,650.0,600.0,550.0,500.0,450.0,400.0,350.0,300.0,250.0,200.0,150.0,100.0,50.0,20.0,65.41241455078125,290.336181640625,521.86181640625,758.1472778320312,999.415283203125,1498.633056640625,2020.375,2568.80908203125,3143.544921875,3751.56689453125,4407.7470703125,5109.033203125,5859.962890625,6673.07421875,7558.65087890625,8531.62109375,9617.244140625,10860.7578125,12321.3203125,14122.259765625,16572.12109375,20750.310546875,26522.529296875
2024-09-19 03:00:00,298.26130087815153,997.9756559687501,299.82098388671875,299.18109130859375,300.2764892578125,300.2279968261719,298.76800537109375,295.156494140625,290.9114990234375,286.6614990234375,282.8843994140625,280.87408447265625,277.95172119140625,272.68328857421875,266.6129150390625,260.7119140625,253.158203125,244.68739318847656,235.50210571289062,229.2095947265625,218.0364990234375,209.19580078125,204.0283966064453,210.16329956054688,219.95970153808594,1000.0,975.0,950.0,925.0,900.0,850.0,800.0,750.0,700.0,650.0,600.0,550.0,500.0,450.0,400.0,350.0,300.0,250.0,200.0,150.0,100.0,50.0,20.0,62.81219482421875,284.81878662109375,514.4490966796875,749.8734741210938,993.2725830078125,1492.8990478515625,2016.14306640625,2564.194091796875,3141.696044921875,3754.25,4411.8017578125,5113.171875,5865.5,6678.41796875,7564.35693359375,8537.212890625,9619.78515625,10862.76953125,12322.3095703125,14118.6201171875,16567.46875,20728.66015625,26519.029296875
2024-09-19 06:00:00,297.8294048538114,994.755535717567,299.02947998046875,298.3975830078125,299.4893798828125,300.3074035644531,299.34808349609375,296.2225036621094,291.72747802734375,286.843017578125,282.68157958984375,279.2742004394531,277.4577941894531,273.247802734375,266.7225036621094,260.80499267578125,253.13760375976562,244.18719482421875,237.035400390625,228.94720458984375,217.92759704589844,208.826904296875,203.87969970703125,213.61090087890625,220.27769470214844,1000.0,975.0,950.0,925.0,900.0,850.0,800.0,750.0,700.0,650.0,600.0,550.0,500.0,450.0,400.0,350.0,300.0,250.0,200.0,150.0,100.0,50.0,20.0,44.53118896484375,267.060791015625,495.23052978515625,731.2047729492188,973.18408203125,1475.9630126953125,2000.44384765625,2549.783935546875,3127.14990234375,3738.864013671875,4393.40087890625,5094.59814453125,5847.28076171875,6661.490234375,7546.73291015625,8519.388671875,9603.681640625,10849.9873046875,12308.2900390625,14101.6396484375,16549.7890625,20717.169921875,26487.369140625
2024-09-19 09:00:00,297.96084150180525,994.5154234128795,297.98431396484375,297.5917053222656,299.4342956542969,301.0043029785156,300.2962951660156,296.5343017578125,292.0399169921875,287.029296875,283.23748779296875,279.6625061035156,276.2890930175781,272.4730224609375,266.25421142578125,260.3424987792969,253.40859985351562,244.39309692382812,236.65220642089844,228.51739501953125,217.37179565429688,209.55189514160156,203.1645050048828,212.53460693359375,221.73489379882812,1000.0,975.0,950.0,925.0,900.0,850.0,800.0,750.0,700.0,650.0,600.0,550.0,500.0,450.0,400.0,350.0,300.0,250.0,200.0,150.0,100.0,50.0,20.0,42.1636962890625,262.8564453125,491.17431640625,727.28857421875,970.431640625,1472.5269775390625,1998.3291015625,2548.048095703125,3125.77587890625,3738.7470703125,4392.46875,5090.60400390625,5843.36376953125,6655.0400390625,7540.9951171875,8513.61328125,9597.029296875,10838.787109375,12292.83984375,14087.7001953125,16546.48046875,20723.41015625,26489.869140625
2024-09-19 12:00:00,304.35036913432197,996.8963102656251,301.78778076171875,299.3963928222656,297.73748779296875,300.5474853515625,299.96258544921875,296.20111083984375,291.936279296875,287.6661071777344,282.9971923828125,280.035888671875,276.2810974121094,271.1123046875,266.38092041015625,260.08050537109375,252.864990234375,244.564697265625,236.01390075683594,228.15379333496094,218.5426025390625,209.860107421875,204.15249633789062,212.618896484375,221.8903045654297,1000.0,975.0,950.0,925.0,900.0,850.0,800.0,750.0,700.0,650.0,600.0,550.0,500.0,450.0,400.0,350.0,300.0,250.0,200.0,150.0,100.0,50.0,20.0,55.833404541015625,279.12158203125,508.04638671875,742.8012084960938,985.577880859375,1487.0009765625,2012.19482421875,2562.35107421875,3141.135009765625,3753.498046875,4406.591796875,5104.64306640625,5855.43408203125,6666.3017578125,7550.83984375,8522.806640625,9607.5400390625,10843.3212890625,12298.990234375,14105.1796875,16561.46875,20724.94921875,26506.869140625
2024-09-19 15:00:00,315.4607518335407,993.736004467567,310.3258056640625,307.4342956542969,305.0142822265625,302.5751037597656,300.35430908203125,295.70928955078125,290.818603515625,286.664306640625,284.47430419921875,281.5635986328125,276.6293029785156,270.755615234375,266.13140869140625,259.81640625,252.3839111328125,245.39869689941406,236.08880615234375,227.20469665527344,219.66229248046875,209.75180053710938,203.82139587402344,213.4571075439453,222.3791046142578,1000.0,975.0,950.0,925.0,900.0,850.0,800.0,750.0,700.0,650.0,600.0,550.0,500.0,450.0,400.0,350.0,300.0,250.0,200.0,150.0,100.0,50.0,20.0,40.346099853515625,270.2078857421875,503.73858642578125,742.0968017578125,985.480712890625,1487.18896484375,2010.741943359375,2559.30908203125,3138.5791015625,3754.2509765625,4409.3291015625,5107.35888671875,5856.59521484375,6667.27099609375,7550.48681640625,8522.767578125,9609.64453125,10841.01171875,12301.25,14111.330078125,16556.009765625,20732.490234375,26516.669921875
2024-09-19 18:00:00,317.2145696559543,989.735760326942,313.47528076171875,310.876220703125,308.4302062988281,305.9801940917969,303.51019287109375,298.7421875,293.7171936035156,288.43670654296875,282.99810791015625,278.5430908203125,277.24420166015625,271.3472900390625,265.7969055175781,259.96258544921875,252.73370361328125,245.48199462890625,235.7559051513672,227.47129821777344,219.90370178222656,208.67430114746094,204.17430114746094,212.3477020263672,221.41529846191406,1000.0,975.0,950.0,925.0,900.0,850.0,800.0,750.0,700.0,650.0,600.0,550.0,500.0,450.0,400.0,350.0,300.0,250.0,200.0,150.0,100.0,50.0,20.0,4.74688720703125,232.9248046875,469.75970458984375,711.4432983398438,957.15771484375,1463.5439453125,1991.803955078125,2544.137939453125,3124.698974609375,3735.5029296875,4391.10595703125,5090.7578125,5840.6240234375,6651.60986328125,7536.4111328125,8510.283203125,9596.798828125,10829.564453125,12291.0400390625,14095.9599609375,16541.740234375,20727.05078125,26506.490234375
2024-09-19 21:00:00,311.7564254454603,990.734375,312.6499938964844,311.2055969238281,308.8045959472656,306.38140869140625,304.15679931640625,299.13140869140625,294.101806640625,288.8117980957031,283.4962158203125,278.3546142578125,278.11871337890625,272.6007995605469,266.0054931640625,258.99041748046875,252.87319946289062,245.54200744628906,235.74380493164062,228.03619384765625,219.59750366210938,209.44979858398438,204.69610595703125,212.03399658203125,220.2799072265625,1000.0,975.0,950.0,925.0,900.0,850.0,800.0,750.0,700.0,650.0,600.0,550.0,500.0,450.0,400.0,350.0,300.0,250.0,200.0,150.0,100.0,50.0,20.0,-2.66839599609375,225.79681396484375,461.9462890625,703.9404296875,949.9708251953125,1458.012939453125,1986.9599609375,2540.007080078125,3120.830078125,3732.907958984375,4387.4912109375,5088.626953125,5840.93798828125,6650.8330078125,7532.94189453125,8507.392578125,9593.0810546875,10828.53125,12290.509765625,14093.41015625,16547.46875,20733.529296875,26523.060546875
2024-09-20 00:00:00,304.39463586508646,990.4197202878795,306.3223876953125,309.41497802734375,308.7349853515625,306.77349853515625,304.41741943359375,299.4934997558594,294.57208251953125,289.384521484375,283.91558837890625,278.9942932128906,276.1619873046875,272.1522216796875,265.79888916015625,258.33648681640625,252.127197265625,245.5301971435547,235.802001953125,226.74600219726562,220.44760131835938,210.4145965576172,203.7335968017578,210.6027069091797,220.6479034423828,1000.0,975.0,950.0,925.0,900.0,850.0,800.0,750.0,700.0,650.0,600.0,550.0,500.0,450.0,400.0,350.0,300.0,250.0,200.0,150.0,100.0,50.0,20.0,11.805206298828125,239.68289184570312,475.2960205078125,716.7650756835938,962.315185546875,1470.5050048828125,2000.739990234375,2554.260009765625,3135.7490234375,3748.43505859375,4402.10009765625,5101.60205078125,5853.4951171875,6662.7548828125,7542.23193359375,8515.490234375,9601.2060546875,10834.490234375,12296.2802734375,14107.25,16570.96875,20737.16015625,26505.98046875
2024-09-20 03:00:00,305.15309920416024,995.562300889442,307.17340087890625,308.0133972167969,308.5834045410156,306.87188720703125,304.5184020996094,299.59197998046875,294.5368957519531,289.216796875,283.74658203125,279.05902099609375,275.96258544921875,271.9161071777344,265.85272216796875,258.2855224609375,252.3076171875,244.7042999267578,235.1634979248047,227.2834014892578,220.04710388183594,210.98269653320312,201.9344024658203,211.35040283203125,221.1865997314453,1000.0,975.0,950.0,925.0,900.0,850.0,800.0,750.0,700.0,650.0,600.0,550.0,500.0,450.0,400.0,350.0,300.0,250.0,200.0,150.0,100.0,50.0,20.0,16.146484375,242.30520629882812,478.18011474609375,719.9287719726562,965.748779296875,1472.5179443359375,2002.3681640625,2556.511962890625,3136.669921875,3749.7109375,4401.0361328125,5100.998046875,5852.06201171875,6661.81689453125,7541.6279296875,8512.751953125,9594.748046875,10826.8037109375,12289.26953125,14100.76953125,16560.509765625,20710.5703125,26516.2109375
2024-09-20 06:00:00,302.39281976769536,990.5444761472545,305.80908203125,306.16290283203125,305.73858642578125,304.7886047363281,303.30908203125,298.89691162109375,294.24359130859375,289.3214111328125,283.74639892578125,278.382080078125,273.50640869140625,269.8572998046875,265.3247985839844,258.2017822265625,251.86688232421875,244.25509643554688,235.48880004882812,227.22950744628906,219.2633056640625,212.5279998779297,201.6385955810547,215.14019775390625,221.697998046875,1000.0,975.0,950.0,925.0,900.0,850.0,800.0,750.0,700.0,650.0,600.0,550.0,500.0,450.0,400.0,350.0,300.0,250.0,200.0,150.0,100.0,50.0,20.0,16.83880615234375,243.80218505859375,476.45709228515625,716.9476928710938,961.5142822265625,1465.6419677734375,1994.73486328125,2547.97607421875,3129.06689453125,3741.34912109375,4389.4287109375,5083.21923828125,5831.68505859375,6639.80810546875,7519.501953125,8489.796875,9572.037109375,10803.5126953125,12265.5400390625,14080.2900390625,16534.19921875,20711.140625,26491.759765625
2024-09-20 09:00:00,298.4886635162165,995.20166015625,300.23699951171875,304.0870056152344,305.4169921875,304.46551513671875,302.74560546875,298.70550537109375,293.6702880859375,289.12908935546875,284.3026123046875,278.99609375,273.3739013671875,268.0498962402344,264.1094970703125,257.7869873046875,251.70037841796875,244.34950256347656,235.13760375976562,226.0458984375,219.01730346679688,212.80020141601562,202.76519775390625,213.9864959716797,225.3220977783203,1000.0,975.0,950.0,925.0,900.0,850.0,800.0,750.0,700.0,650.0,600.0,550.0,500.0,450.0,400.0,350.0,300.0,250.0,200.0,150.0,100.0,50.0,20.0,28.3463134765625,252.26071166992188,484.85528564453125,724.30029296875,968.8162841796875,1473.8349609375,2001.802978515625,2553.93310546875,3134.884033203125,3747.708984375,4396.49609375,5086.76416015625,5830.375,6636.72900390625,7515.9580078125,8484.857421875,9565.642578125,10794.9580078125,12249.23046875,14061.48046875,16527.4296875,20713.490234375,26477.859375
2024-09-20 12:00:00,303.50306385126663,997.7710661250001,299.444091796875,297.02838134765625,297.1007995605469,297.15948486328125,297.1907958984375,295.0419006347656,292.6445007324219,287.9866943359375,282.5480041503906,277.0504150390625,272.12091064453125,269.34539794921875,264.9290771484375,259.0758056640625,252.111083984375,243.41490173339844,234.94920349121094,227.197998046875,220.2440948486328,210.88710021972656,203.068603515625,211.25439453125,222.6938018798828,1000.0,975.0,950.0,925.0,900.0,850.0,800.0,750.0,700.0,650.0,600.0,550.0,500.0,450.0,400.0,350.0,300.0,250.0,200.0,150.0,100.0,50.0,20.0,71.77789306640625,293.8976135253906,520.6815795898438,754.2969970703125,993.963623046875,1491.2220458984375,2015.35205078125,2566.547119140625,3144.464111328125,3754.321044921875,4398.52099609375,5090.61376953125,5837.373046875,6645.744140625,7527.89990234375,8496.23828125,9574.67578125,10805.478515625,12266.650390625,14079.91015625,16531.8203125,20730.859375,26498.140625
2024-09-20 15:00:00,309.7741624908258,998.4851774531251,301.2991027832031,297.90911865234375,295.74981689453125,293.8143005371094,292.85430908203125,292.964111328125,289.32928466796875,286.568603515625,282.39410400390625,277.68359375,273.3815002441406,271.54248046875,265.568603515625,258.6295166015625,250.54168701171875,242.32640075683594,233.23570251464844,229.39840698242188,220.8052978515625,211.71640014648438,204.04730224609375,210.82449340820312,224.34750366210938,1000.0,975.0,950.0,925.0,900.0,850.0,800.0,750.0,700.0,650.0,600.0,550.0,500.0,450.0,400.0,350.0,300.0,250.0,200.0,150.0,100.0,50.0,20.0,83.54519653320312,306.64111328125,535.3817749023438,766.9420776367188,1003.52587890625,1498.552978515625,2018.3369140625,2565.070068359375,3142.383056640625,3752.330078125,4399.2138671875,5093.75,5843.7998046875,6652.34619140625,7530.06982421875,8494.505859375,9567.521484375,10798.7529296875,12270.1298828125,14087.1904296875,16539.5,20726.6796875,26500.05078125
2024-09-20 18:00:00,311.6577227363281,997.977339951942,306.02117919921875,303.13519287109375,300.727783203125,298.5451965332031,296.3392028808594,291.8291931152344,290.0841979980469,285.44921875,280.90679931640625,276.67669677734375,274.5874938964844,271.427001953125,264.06719970703125,257.5006103515625,250.97689819335938,242.09890747070312,233.41209411621094,228.07359313964844,221.30870056152344,211.28599548339844,202.0738067626953,211.35769653320312,223.59140014648438,1000.0,975.0,950.0,925.0,900.0,850.0,800.0,750.0,700.0,650.0,600.0,550.0,500.0,450.0,400.0,350.0,300.0,250.0,200.0,150.0,100.0,50.0,20.0,62.83219909667969,289.5382995605469,520.8920288085938,757.04541015625,997.20751953125,1492.387939453125,2011.262939453125,2558.052978515625,3132.362060546875,3739.6708984375,4386.60205078125,5085.1298828125,5833.0361328125,6638.494140625,7516.52685546875,8479.994140625,9552.05078125,10778.1962890625,12248.8603515625,14065.4697265625,16526.16015625,20707.4296875,26509.0390625
2024-09-20 21:00:00,304.33623990533204,996.0247282343751,303.3583068847656,301.4783020019531,299.3170166015625,297.644287109375,296.18438720703125,292.31201171875,289.1920166015625,285.6920166015625,281.156982421875,277.80950927734375,274.273193359375,271.01568603515625,264.6934814453125,258.3226013183594,251.02499389648438,242.2218017578125,232.80149841308594,226.831298828125,220.4656982421875,211.73570251464844,202.51010131835938,210.82150268554688,220.81089782714844,1000.0,975.0,950.0,925.0,900.0,850.0,800.0,750.0,700.0,650.0,600.0,550.0,500.0,450.0,400.0,350.0,300.0,250.0,200.0,150.0,100.0,50.0,20.0,60.983001708984375,286.1976013183594,517.0410766601562,751.6798095703125,991.3118896484375,1487.3990478515625,2006.14208984375,2551.72607421875,3127.287109375,3735.672119140625,4383.494140625,5078.51904296875,5826.1572265625,6633.01416015625,7512.02978515625,8475.982421875,9547.0791015625,10770.4150390625,12233.8798828125,14054.669921875,16517.83984375,20710.2890625,26504.5
2024-09-21 00:00:00,298.5554451174985,1000.4529508906251,295.7191162109375,294.34271240234375,295.4403991699219,298.2589111328125,297.55889892578125,294.32501220703125,290.0899963378906,285.7210998535156,281.0812072753906,278.72601318359375,274.20098876953125,270.2261047363281,264.0921936035156,258.2243957519531,250.97808837890625,243.5225067138672,236.2552032470703,226.38040161132812,219.62899780273438,210.91189575195312,202.14810180664062,212.39259338378906,220.7958984375,1000.0,975.0,950.0,925.0,900.0,850.0,800.0,750.0,700.0,650.0,600.0,550.0,500.0,450.0,400.0,350.0,300.0,250.0,200.0,150.0,100.0,50.0,20.0,80.59800720214844,301.1514892578125,526.3358154296875,760.2778930664062,1001.21630859375,1498.845947265625,2020.053955078125,2567.02490234375,3141.89111328125,3752.160888671875,4401.84765625,5096.01806640625,5842.25,6647.26513671875,7525.298828125,8491.2548828125,9573.7509765625,10806.9072265625,12259.490234375,14072.5,16527.5,20719.849609375,26507.560546875
2024-09-21 03:00:00,294.73057064393964,999.9773649531251,293.035888671875,292.6531066894531,295.49591064453125,297.3231201171875,297.36590576171875,294.37310791015625,290.7518005371094,286.877685546875,282.35272216796875,277.305419921875,272.7510986328125,270.1091003417969,265.17669677734375,258.8161926269531,253.3135986328125,245.16200256347656,235.91940307617188,226.14419555664062,220.2978057861328,208.67300415039062,202.6844024658203,211.85079956054688,220.77980041503906,1000.0,975.0,950.0,925.0,900.0,850.0,800.0,750.0,700.0,650.0,600.0,550.0,500.0,450.0,400.0,350.0,300.0,250.0,200.0,150.0,100.0,50.0,20.0,86.98899841308594,305.9767150878906,530.5637817382812,763.959228515625,1003.3433837890625,1501.8919677734375,2023.078125,2571.56689453125,3149.00390625,3758.85693359375,4404.5,5097.01611328125,5844.53515625,6652.19921875,7535.02392578125,8509.2060546875,9593.333984375,10827.455078125,12279.0,14086.150390625,16525.669921875,20716.650390625,26494.73046875
2024-09-21 06:00:00,293.1388933356416,999.5589079218751,291.74139404296875,293.35400390625,295.19140625,297.010986328125,296.5413818359375,294.2913818359375,291.4114074707031,287.4010009765625,282.47821044921875,276.7460021972656,273.1593017578125,271.09442138671875,265.0242919921875,258.93841552734375,253.12130737304688,244.7581024169922,235.90609741210938,225.6114959716797,217.8686065673828,210.3780975341797,204.7823944091797,211.55960083007812,221.1439971923828,1000.0,975.0,950.0,925.0,900.0,850.0,800.0,750.0,700.0,650.0,600.0,550.0,500.0,450.0,400.0,350.0,300.0,250.0,200.0,150.0,100.0,50.0,20.0,76.09368896484375,294.9602966308594,519.4735717773438,752.8021850585938,992.1239013671875,1488.6510009765625,2010.90087890625,2560.05908203125,3138.291015625,3746.64794921875,4392.98291015625,5087.22021484375,5835.2509765625,6643.373046875,7526.5068359375,8499.15234375,9583.5791015625,10815.7314453125,12257.98046875,14063.01953125,16499.51953125,20708.4609375,26464.48046875
2024-09-21 09:00:00,292.0171257502957,999.5713590937501,291.898193359375,294.0140075683594,295.1038818359375,295.9302978515625,295.9739074707031,294.47021484375,291.47528076171875,287.1011962890625,282.190185546875,277.335205078125,276.2420959472656,271.5783996582031,265.60498046875,259.8908996582031,252.95989990234375,245.3468017578125,236.11959838867188,225.85580444335938,216.91990661621094,210.2407989501953,205.3592987060547,211.75689697265625,221.81149291992188,1000.0,975.0,950.0,925.0,900.0,850.0,800.0,750.0,700.0,650.0,600.0,550.0,500.0,450.0,400.0,350.0,300.0,250.0,200.0,150.0,100.0,50.0,20.0,72.25320434570312,290.49798583984375,516.3831176757812,749.046875,987.7177734375,1484.85498046875,2006.656005859375,2555.31494140625,3132.43701171875,3741.134033203125,4389.9501953125,5088.380859375,5837.75,6648.63720703125,7532.31884765625,8506.5068359375,9593.4453125,10826.345703125,12266.25,14065.7900390625,16502.0390625,20699.029296875,26464.970703125
2024-09-21 12:00:00,300.4805488580134,1001.9225303816295,296.4912109375,293.856201171875,293.1997985839844,295.2698059082031,296.3197937011719,295.0697937011719,291.1997985839844,286.8247985839844,282.2998046875,280.8892822265625,276.83978271484375,271.18560791015625,265.732177734375,259.23822021484375,252.7333984375,245.82249450683594,236.447998046875,226.03900146484375,216.4512939453125,209.6842041015625,203.97909545898438,211.67430114746094,220.67539978027344,1000.0,975.0,950.0,925.0,900.0,850.0,800.0,750.0,700.0,650.0,600.0,550.0,500.0,450.0,400.0,350.0,300.0,250.0,200.0,150.0,100.0,50.0,20.0,89.94390869140625,310.0653076171875,534.8311767578125,766.3751831054688,1004.919677734375,1502.81396484375,2025.34716796875,2573.712890625,3150.537109375,3763.1298828125,4416.8818359375,5115.16015625,5863.77294921875,6673.64208984375,7555.77294921875,8530.04296875,9619.3232421875,10853.505859375,12293.51953125,14089.8896484375,16532.9609375,20714.509765625,26484.900390625
2024-09-21 15:00:00,311.9635768509709,1001.537886826942,304.1510925292969,301.01300048828125,298.8630065917969,296.6829833984375,294.7230224609375,295.4830017089844,291.9880065917969,287.7380065917969,284.089111328125,281.22088623046875,275.61358642578125,270.18048095703125,265.730712890625,259.3970031738281,253.07159423828125,245.9929962158203,236.96400451660156,226.45509338378906,216.34219360351562,210.76629638671875,203.00230407714844,211.289794921875,221.4969024658203,1000.0,975.0,950.0,925.0,900.0,850.0,800.0,750.0,700.0,650.0,600.0,550.0,500.0,450.0,400.0,350.0,300.0,250.0,200.0,150.0,100.0,50.0,20.0,79.3031005859375,305.3529052734375,535.0463256835938,768.5189208984375,1006.99267578125,1504.739990234375,2028.125,2578.318115234375,3156.98291015625,3771.94091796875,4423.9873046875,5118.75390625,5866.30712890625,6676.2548828125,7559.884765625,8535.349609375,9625.546875,10860.634765625,12304.9599609375,14105.509765625,16542.5,20715.580078125,26494.58984375
2024-09-21 18:00:00,315.58920463071144,994.7696012812501,308.77960205078125,306.142578125,303.7327880859375,301.30279541015625,299.09259033203125,294.33258056640625,290.4588928222656,288.1995849609375,284.4143981933594,281.31719970703125,275.7359924316406,270.85028076171875,265.74652099609375,260.44610595703125,254.04190063476562,246.2050018310547,236.9459991455078,226.777099609375,216.17820739746094,209.9210968017578,202.95269775390625,212.273193359375,221.64100646972656,1000.0,975.0,950.0,925.0,900.0,850.0,800.0,750.0,700.0,650.0,600.0,550.0,500.0,450.0,400.0,350.0,300.0,250.0,200.0,150.0,100.0,50.0,20.0,43.883697509765625,272.6017150878906,504.95538330078125,743.1198120117188,985.279052734375,1484.4580078125,2006.35302734375,2557.14892578125,3137.470947265625,3752.10498046875,4404.3603515625,5100.90087890625,5849.67578125,6660.375,7547.51708984375,8525.2841796875,9615.5048828125,10853.9931640625,12296.900390625,14085.23046875,16528.669921875,20697.4296875,26482.939453125
2024-09-21 21:00:00,308.54657214062496,994.2869352656251,308.5006103515625,306.5989990234375,304.42828369140625,301.9783020019531,299.75091552734375,295.22052001953125,290.5668029785156,285.89178466796875,285.3253173828125,281.84759521484375,276.513916015625,271.1268005371094,265.75347900390625,260.413818359375,254.17770385742188,246.40029907226562,237.24339294433594,227.11990356445312,216.59080505371094,208.9635009765625,202.59530639648438,211.53070068359375,221.0238037109375,1000.0,975.0,950.0,925.0,900.0,850.0,800.0,750.0,700.0,650.0,600.0,550.0,500.0,450.0,400.0,350.0,300.0,250.0,200.0,150.0,100.0,50.0,20.0,37.6641845703125,266.3913879394531,499.794921875,738.0604858398438,981.369384765625,1481.9749755859375,2005.52001953125,2553.2109375,3132.2041015625,3747.64599609375,4401.84912109375,5099.3271484375,5848.48779296875,6659.36083984375,7547.72412109375,8525.267578125,9616.998046875,10855.7099609375,12303.75,14088.76953125,16535.0,20709.140625,26482.580078125
2024-09-22 00:00:00,300.85527807631973,996.35693359375,302.2078857421875,305.0484924316406,304.10528564453125,302.643798828125,301.15289306640625,297.0827941894531,292.3970947265625,287.31939697265625,283.0783996582031,282.072021484375,277.1817932128906,271.68548583984375,266.65728759765625,261.2160949707031,254.63980102539062,247.26950073242188,237.47360229492188,227.18260192871094,216.95899963378906,207.76519775390625,201.5605926513672,209.62139892578125,221.39129638671875,1000.0,975.0,950.0,925.0,900.0,850.0,800.0,750.0,700.0,650.0,600.0,550.0,500.0,450.0,400.0,350.0,300.0,250.0,200.0,150.0,100.0,50.0,20.0,45.94921875,271.0555114746094,505.9071044921875,742.646728515625,987.4896240234375,1490.3609619140625,2016.405029296875,2566.868896484375,3144.97607421875,3759.68603515625,4415.4052734375,5114.6669921875,5865.36083984375,6679.408203125,7568.6708984375,8549.73046875,9643.50390625,10882.2392578125,12331.75,14108.51953125,16558.62890625,20725.619140625,26491.919921875
2024-09-22 03:00:00,299.5744652070312,996.36083984375,299.947021484375,303.51800537109375,304.06201171875,302.58099365234375,301.07049560546875,296.47900390625,291.7489929199219,287.1275939941406,283.5960998535156,282.8350830078125,277.8334045410156,271.3728942871094,266.58709716796875,260.90478515625,254.159912109375,247.07960510253906,237.52960205078125,226.9552001953125,216.77040100097656,208.18069458007812,202.56080627441406,209.65980529785156,220.14300537109375,1000.0,975.0,950.0,925.0,900.0,850.0,800.0,750.0,700.0,650.0,600.0,550.0,500.0,450.0,400.0,350.0,300.0,250.0,200.0,150.0,100.0,50.0,20.0,50.810302734375,276.3113098144531,507.606201171875,746.840087890625,990.2437744140625,1492.39404296875,2016.98583984375,2567.294921875,3144.548095703125,3761.261962890625,4418.443359375,5118.25,5869.0439453125,6682.40576171875,7569.626953125,8549.484375,9643.98046875,10883.4873046875,12329.3798828125,14108.1103515625,16559.5,20714.0,26483.990234375
2024-09-22 06:00:00,297.4869838111384,996.068359375,298.9761962890625,301.7893981933594,303.826416015625,303.3381042480469,301.57269287109375,297.45208740234375,292.70391845703125,288.06341552734375,283.8883972167969,281.57421875,277.76300048828125,271.57879638671875,267.0272216796875,261.52239990234375,254.44009399414062,247.0684051513672,237.5406036376953,226.99510192871094,215.7720947265625,208.82510375976562,202.48060607910156,209.88580322265625,221.8907928466797,1000.0,975.0,950.0,925.0,900.0,850.0,800.0,750.0,700.0,650.0,600.0,550.0,500.0,450.0,400.0,350.0,300.0,250.0,200.0,150.0,100.0,50.0,20.0,38.55267333984375,261.3741149902344,494.01708984375,732.6295776367188,975.426513671875,1479.4990234375,2005.12890625,2555.152099609375,3133.780029296875,3747.4560546875,4403.8662109375,5103.375,5854.716796875,6670.0771484375,7559.10009765625,8540.3408203125,9634.103515625,10873.4169921875,12319.1904296875,14095.58984375,16549.5390625,20697.9609375,26460.419921875
2024-09-22 09:00:00,297.3068622481947,996.184326171875,298.0632019042969,300.1087951660156,302.1376953125,301.89678955078125,300.618896484375,296.7388916015625,292.47210693359375,287.69677734375,282.2539978027344,280.05511474609375,277.31640625,273.35498046875,268.5455017089844,261.8046875,254.47900390625,246.69500732421875,237.32659912109375,226.74850463867188,215.01409912109375,208.2136993408203,203.22850036621094,210.543701171875,219.03269958496094,1000.0,975.0,950.0,925.0,900.0,850.0,800.0,750.0,700.0,650.0,600.0,550.0,500.0,450.0,400.0,350.0,300.0,250.0,200.0,150.0,100.0,50.0,20.0,45.2215576171875,267.0329895019531,497.674560546875,735.3214111328125,978.169921875,1480.39404296875,2006.30810546875,2556.217041015625,3133.8798828125,3744.52392578125,4399.68994140625,5100.65185546875,5856.98779296875,6675.01123046875,7565.67919921875,8545.1318359375,9636.8310546875,10875.4013671875,12317.759765625,14095.2197265625,16551.0390625,20689.33984375,26473.869140625
2024-09-22 12:00:00,306.93042105258644,995.9905210691295,304.2843933105469,301.8377990722656,300.111083984375,301.8609924316406,300.59100341796875,296.94451904296875,292.4263000488281,287.75689697265625,283.6851806640625,280.8551940917969,277.0299987792969,273.60101318359375,267.9580993652344,260.8916931152344,254.18951416015625,245.68820190429688,236.57640075683594,226.48699951171875,217.67730712890625,208.3549041748047,204.09359741210938,210.53030395507812,218.88009643554688,1000.0,975.0,950.0,925.0,900.0,850.0,800.0,750.0,700.0,650.0,600.0,550.0,500.0,450.0,400.0,350.0,300.0,250.0,200.0,150.0,100.0,50.0,20.0,58.19970703125,284.54339599609375,513.7286376953125,750.9370727539062,993.378662109375,1496.7989501953125,2021.948974609375,2573.1669921875,3151.716064453125,3765.217041015625,4419.763671875,5120.74609375,5877.35595703125,6693.5380859375,7581.27197265625,8557.728515625,9645.84765625,10881.2880859375,12327.1904296875,14116.2197265625,16575.109375,20707.640625,26479.529296875
2024-09-22 15:00:00,317.5895535210407,997.940230576942,312.26080322265625,309.315185546875,306.8306884765625,304.3372802734375,302.05731201171875,297.4058837890625,292.3858947753906,287.34039306640625,285.2604064941406,282.12908935546875,277.212890625,273.2825012207031,267.26141357421875,260.597900390625,253.21670532226562,245.28250122070312,236.114501953125,226.8717041015625,219.53509521484375,208.02040100097656,204.2794952392578,213.34500122070312,220.59219360351562,1000.0,975.0,950.0,925.0,900.0,850.0,800.0,750.0,700.0,650.0,600.0,550.0,500.0,450.0,400.0,350.0,300.0,250.0,200.0,150.0,100.0,50.0,20.0,41.276123046875,272.9722900390625,507.533203125,748.1010131835938,991.9005126953125,1496.10498046875,2022.0830078125,2573.156005859375,3153.10693359375,3769.85595703125,4425.5,5127.1259765625,5881.39794921875,6695.490234375,7582.02685546875,8555.98828125,9642.1298828125,10876.1591796875,12330.099609375,14121.73046875,16582.37890625,20717.060546875,26485.0
2024-09-22 18:00:00,318.3895413140095,993.4708251953125,314.25390625,311.51251220703125,309.043701171875,306.54241943359375,304.01251220703125,299.36578369140625,294.22479248046875,288.93450927734375,283.47479248046875,282.9385986328125,277.36358642578125,274.140380859375,267.47259521484375,261.0751037597656,253.73358154296875,245.49830627441406,236.12010192871094,226.89540100097656,218.67019653320312,208.2823944091797,202.8596954345703,210.61500549316406,222.6876983642578,1000.0,975.0,950.0,925.0,900.0,850.0,800.0,750.0,700.0,650.0,600.0,550.0,500.0,450.0,400.0,350.0,300.0,250.0,200.0,150.0,100.0,50.0,20.0,14.211883544921875,243.69400024414062,480.0181884765625,721.3701171875,967.937255859375,1474.6419677734375,2004.114013671875,2557.64794921875,3138.027099609375,3752.60205078125,4409.6962890625,5112.23486328125,5867.35107421875,6682.60009765625,7569.8359375,8545.6591796875,9631.4921875,10866.8037109375,12321.98046875,14116.0,16560.140625,20709.5703125,26487.0
2024-09-22 21:00:00,312.1984476757812,993.5150146484375,312.4082946777344,310.7034912109375,308.4768981933594,305.9768981933594,303.6968994140625,298.806884765625,293.6549987792969,288.3599853515625,283.28082275390625,284.9608154296875,278.1317138671875,274.0339050292969,266.9234924316406,260.7467041015625,253.79769897460938,245.33360290527344,236.1927032470703,226.8448944091797,219.0218963623047,207.77529907226562,203.65589904785156,209.20469665527344,220.70359802246094,1000.0,975.0,950.0,925.0,900.0,850.0,800.0,750.0,700.0,650.0,600.0,550.0,500.0,450.0,400.0,350.0,300.0,250.0,200.0,150.0,100.0,50.0,20.0,16.56768798828125,245.181396484375,481.6591796875,723.1453247070312,968.8685302734375,1475.905029296875,2003.698974609375,2556.575927734375,3136.3349609375,3753.385986328125,4412.85400390625,5116.48681640625,5871.3388671875,6684.72412109375,7571.2099609375,8547.3125,9633.728515625,10868.8642578125,12325.5,14117.419921875,16562.21875,20703.509765625,26488.140625
2024-09-23 00:00:00,305.9562358937765,993.3811460691295,307.2462158203125,308.5487060546875,307.82672119140625,305.5867004394531,303.05859375,298.42730712890625,293.5321960449219,288.7572937011719,285.18731689453125,284.78729248046875,278.6047058105469,273.9088134765625,267.17559814453125,260.7687072753906,253.72540283203125,245.5330047607422,236.43809509277344,228.2371063232422,218.7550048828125,208.46189880371094,203.48989868164062,211.14259338378906,220.29110717773438,1000.0,975.0,950.0,925.0,900.0,850.0,800.0,750.0,700.0,650.0,600.0,550.0,500.0,450.0,400.0,350.0,300.0,250.0,200.0,150.0,100.0,50.0,20.0,32.8680419921875,260.80810546875,496.58758544921875,737.3817138671875,982.39111328125,1487.9239501953125,2016.1650390625,2568.4140625,3148.94091796875,3768.77001953125,4428.509765625,5131.89111328125,5886.98486328125,6701.283203125,7587.73486328125,8563.68359375,9649.75390625,10890.791015625,12349.5595703125,14141.2099609375,16584.96875,20718.619140625,26497.220703125
2024-09-23 03:00:00,304.4296518545508,993.4714781003795,305.44598388671875,305.75189208984375,307.1539001464844,305.16387939453125,303.0189208984375,298.62890625,294.36810302734375,289.7189025878906,284.5238952636719,284.2288818359375,278.5874938964844,273.48138427734375,266.9375,260.97979736328125,253.93460083007812,245.014404296875,236.14349365234375,227.80360412597656,218.54150390625,209.08749389648438,202.03370666503906,210.24949645996094,219.00270080566406,1000.0,975.0,950.0,925.0,900.0,850.0,800.0,750.0,700.0,650.0,600.0,550.0,500.0,450.0,400.0,350.0,300.0,250.0,200.0,150.0,100.0,50.0,20.0,42.02252197265625,268.73858642578125,502.29248046875,742.8485717773438,987.6292724609375,1492.676025390625,2021.39697265625,2575.096923828125,3156.055908203125,3773.294921875,4432.841796875,5136.78076171875,5891.134765625,6704.23291015625,7592.27197265625,8567.9990234375,9651.73046875,10889.548828125,12347.490234375,14145.75,16591.0703125,20713.060546875,26492.970703125
2024-09-23 06:00:00,301.22650133022603,993.924481030067,302.3659973144531,305.9302062988281,307.0797119140625,305.2135009765625,303.06591796875,298.6873779296875,293.92730712890625,289.26739501953125,284.0830078125,281.218017578125,278.6340026855469,273.3441162109375,266.677001953125,261.2062072753906,253.79269409179688,244.85440063476562,236.52049255371094,227.9801025390625,218.2501983642578,208.451904296875,201.8343048095703,210.15330505371094,217.9582061767578,1000.0,975.0,950.0,925.0,900.0,850.0,800.0,750.0,700.0,650.0,600.0,550.0,500.0,450.0,400.0,350.0,300.0,250.0,200.0,150.0,100.0,50.0,20.0,35.375244140625,261.0451965332031,495.53509521484375,736.0264892578125,980.741943359375,1485.6639404296875,2014.2509765625,2567.322021484375,3148.634033203125,3761.501953125,4419.375,5122.462890625,5875.89599609375,6690.42822265625,7578.1279296875,8553.18359375,9638.064453125,10876.76953125,12334.5,14126.48046875,16582.509765625,20697.599609375,26462.08984375
2024-09-23 09:00:00,300.9759034768582,994.142742748817,301.3408203125,304.1488952636719,306.1835021972656,305.06378173828125,303.28790283203125,298.7897033691406,293.7861022949219,288.7626037597656,283.33441162109375,277.93878173828125,277.115478515625,273.072021484375,267.764404296875,261.60040283203125,253.8656005859375,245.29530334472656,236.90769958496094,228.52830505371094,217.4051971435547,207.92120361328125,201.76539611816406,210.10650634765625,220.06329345703125,1000.0,975.0,950.0,925.0,900.0,850.0,800.0,750.0,700.0,650.0,600.0,550.0,500.0,450.0,400.0,350.0,300.0,250.0,200.0,150.0,100.0,50.0,20.0,45.335296630859375,270.5942077636719,503.6954345703125,743.7730102539062,989.061767578125,1494.1009521484375,2022.7919921875,2575.385009765625,3155.68701171875,3766.010009765625,4418.68310546875,5118.875,5873.6162109375,6690.380859375,7579.7568359375,8554.7265625,9642.74609375,10885.7626953125,12342.91015625,14125.25,16582.6796875,20704.2109375,26458.619140625
2024-09-23 12:00:00,308.17092946664894,997.8930143671876,306.40399169921875,304.2185974121094,305.25457763671875,305.1365966796875,303.3721008300781,299.13018798828125,294.00531005859375,288.62530517578125,283.2003173828125,280.0234069824219,277.291015625,273.0697021484375,267.9555969238281,261.9898986816406,253.81210327148438,245.7126007080078,237.70559692382812,228.64999389648438,217.50430297851562,207.45889282226562,201.53050231933594,209.73550415039062,220.6038055419922,1000.0,975.0,950.0,925.0,900.0,850.0,800.0,750.0,700.0,650.0,600.0,550.0,500.0,450.0,400.0,350.0,300.0,250.0,200.0,150.0,100.0,50.0,20.0,59.38629150390625,286.1534118652344,518.7335205078125,758.2828979492188,1003.0355224609375,1509.9630126953125,2038.47900390625,2590.844970703125,3170.84912109375,3782.1240234375,4436.1103515625,5137.01904296875,5891.64794921875,6708.94677734375,7598.11083984375,8574.64453125,9664.734375,10909.7880859375,12364.66015625,14147.7998046875,16602.80078125,20706.640625,26474.0390625
2024-09-23 15:00:00,319.53393180018975,996.6810302734375,314.1630859375,311.23809814453125,308.5299987792969,306.29339599609375,303.7838134765625,298.93060302734375,293.9490051269531,288.69927978515625,283.28900146484375,281.6510925292969,277.9971923828125,273.29461669921875,268.15081787109375,262.2227783203125,253.60809326171875,246.30599975585938,238.410400390625,228.82260131835938,217.76260375976562,207.06739807128906,202.52720642089844,209.5635986328125,220.18190002441406,1000.0,975.0,950.0,925.0,900.0,850.0,800.0,750.0,700.0,650.0,600.0,550.0,500.0,450.0,400.0,350.0,300.0,250.0,200.0,150.0,100.0,50.0,20.0,48.1824951171875,280.0220947265625,517.6571044921875,758.2598876953125,1004.02685546875,1510.925048828125,2039.321044921875,2591.45703125,3172.10400390625,3783.577880859375,4439.0478515625,5142.55810546875,5897.80810546875,6716.38916015625,7605.43212890625,8582.4990234375,9675.986328125,10924.513671875,12381.6201171875,14163.66015625,16605.80078125,20709.48046875,26488.380859375
2024-09-23 18:00:00,319.9784913003376,993.8458251953125,315.38330078125,312.708984375,310.0120849609375,307.78558349609375,305.27728271484375,300.43560791015625,295.3374938964844,290.10247802734375,284.45599365234375,278.82928466796875,278.4638977050781,273.77850341796875,268.7777099609375,261.6734924316406,253.91510009765625,245.95640563964844,238.95530700683594,229.0290985107422,217.91839599609375,208.1490936279297,200.54469299316406,211.5771026611328,220.65130615234375,1000.0,975.0,950.0,925.0,900.0,850.0,800.0,750.0,700.0,650.0,600.0,550.0,500.0,450.0,400.0,350.0,300.0,250.0,200.0,150.0,100.0,50.0,20.0,22.474899291992188,253.555908203125,492.415771484375,734.2213745117188,981.169189453125,1489.3909912109375,2020.02392578125,2575.31298828125,3157.992919921875,3770.7939453125,4424.94091796875,5128.3369140625,5885.2490234375,6704.26220703125,7593.69921875,8569.93359375,9664.3271484375,10914.42578125,12374.4697265625,14158.9501953125,16591.03125,20703.16015625,26482.69921875
2024-09-23 21:00:00,312.6097480253906,996.195601670692,313.5269775390625,311.8630065917969,309.66351318359375,307.4434814453125,304.9534912109375,299.9884033203125,294.9165954589844,289.56658935546875,284.059814453125,278.809814453125,279.24420166015625,274.639404296875,268.78228759765625,261.1273193359375,254.2073974609375,247.31199645996094,239.82859802246094,229.05299377441406,218.25599670410156,207.99789428710938,200.49169921875,211.4040069580078,221.1593017578125,1000.0,975.0,950.0,925.0,900.0,850.0,800.0,750.0,700.0,650.0,600.0,550.0,500.0,450.0,400.0,350.0,300.0,250.0,200.0,150.0,100.0,50.0,20.0,23.42608642578125,254.49160766601562,491.3280029296875,733.07470703125,979.95654296875,1487.9560546875,2018.2490234375,2572.10498046875,3153.214111328125,3765.652099609375,4420.50390625,5125.5888671875,5884.4189453125,6702.5791015625,7590.96484375,8570.919921875,9669.072265625,10921.75390625,12379.5703125,14169.0302734375,16596.359375,20713.939453125,26489.9609375
2024-09-24 00:00:00,305.0553800440193,997.250533311317,306.9158020019531,310.98541259765625,309.27899169921875,307.04541015625,304.65399169921875,299.9284973144531,294.9414978027344,289.6965026855469,284.2846984863281,280.0745849609375,279.56329345703125,274.32061767578125,268.3717041015625,261.46630859375,254.31878662109375,247.2281951904297,239.06320190429688,229.1378936767578,218.14830017089844,207.77499389648438,199.65589904785156,210.3134002685547,220.2239990234375,1000.0,975.0,950.0,925.0,900.0,850.0,800.0,750.0,700.0,650.0,600.0,550.0,500.0,450.0,400.0,350.0,300.0,250.0,200.0,150.0,100.0,50.0,20.0,40.484405517578125,270.3091125488281,506.94171142578125,748.5360717773438,995.29931640625,1503.1820068359375,2032.56005859375,2586.68994140625,3169.33203125,3782.452880859375,4438.2373046875,5144.4599609375,5902.47802734375,6720.3779296875,7609.15380859375,8588.990234375,9686.7607421875,10936.568359375,12394.2001953125,14188.5498046875,16609.78125,20727.44921875,26498.76953125
2024-09-24 03:00:00,303.11881364453126,996.0767301875001,305.2268981933594,309.9154052734375,309.1990966796875,306.9591064453125,304.9490966796875,300.57550048828125,295.33551025390625,289.8203125,284.26708984375,279.349609375,277.93829345703125,274.01287841796875,268.0364990234375,261.25579833984375,253.84500122070312,247.78379821777344,239.2386932373047,229.4510955810547,218.91119384765625,208.0323028564453,200.04330444335938,209.75399780273438,220.0019989013672,1000.0,975.0,950.0,925.0,900.0,850.0,800.0,750.0,700.0,650.0,600.0,550.0,500.0,450.0,400.0,350.0,300.0,250.0,200.0,150.0,100.0,50.0,20.0,43.59088134765625,272.309814453125,508.8311767578125,750.340576171875,997.02587890625,1505.8570556640625,2036.255859375,2590.532958984375,3172.429931640625,3785.6240234375,4438.2939453125,5142.69384765625,5899.30419921875,6716.5498046875,7603.56005859375,8585.685546875,9683.2333984375,10933.6904296875,12392.830078125,14189.0703125,16604.109375,20716.05078125,26492.5703125
2024-09-24 06:00:00,300.5993103148967,994.579022045692,302.17999267578125,308.98370361328125,309.260009765625,307.01171875,304.74591064453125,299.85400390625,294.8464050292969,289.4393005371094,284.1165771484375,278.42388916015625,277.56500244140625,273.8690185546875,267.7019958496094,260.8677062988281,254.93710327148438,247.4302978515625,239.00869750976562,229.33639526367188,219.11329650878906,208.26339721679688,198.8542022705078,208.33680725097656,217.84669494628906,1000.0,975.0,950.0,925.0,900.0,850.0,800.0,750.0,700.0,650.0,600.0,550.0,500.0,450.0,400.0,350.0,300.0,250.0,200.0,150.0,100.0,50.0,20.0,37.3638916015625,263.2463073730469,499.95721435546875,741.6826782226562,987.6156005859375,1495.02197265625,2025.125,2579.219970703125,3161.1240234375,3772.60400390625,4423.52587890625,5127.4609375,5883.15185546875,6698.9169921875,7586.76904296875,8568.740234375,9665.78125,10916.51953125,12378.400390625,14175.2900390625,16587.0390625,20705.3203125,26457.23046875
2024-09-24 09:00:00,298.97969134824774,996.9005126953125,300.00299072265625,304.30718994140625,306.21820068359375,305.464599609375,303.8197937011719,299.18060302734375,294.41339111328125,289.37548828125,283.6746826171875,277.618408203125,276.6400146484375,273.939208984375,267.44818115234375,261.5173034667969,255.26068115234375,247.67410278320312,238.7165069580078,229.1121063232422,219.50439453125,206.61659240722656,199.64280700683594,211.41419982910156,220.04840087890625,1000.0,975.0,950.0,925.0,900.0,850.0,800.0,750.0,700.0,650.0,600.0,550.0,500.0,450.0,400.0,350.0,300.0,250.0,200.0,150.0,100.0,50.0,20.0,48.063720703125,272.18951416015625,505.15228271484375,745.1259765625,990.3262939453125,1497.2540283203125,2025.928955078125,2579.625,3160.152099609375,3771.468994140625,4420.2919921875,5123.10302734375,5878.39208984375,6694.35107421875,7586.4912109375,8569.8046875,9666.6865234375,10915.7822265625,12374.5302734375,14168.419921875,16590.94921875,20698.8203125,26463.400390625
2024-09-24 12:00:00,308.47000421363003,998.57373046875,306.6080017089844,304.41888427734375,306.443603515625,305.1965026855469,303.0513000488281,298.79730224609375,294.5346984863281,289.24908447265625,283.56298828125,278.13909912109375,276.3399963378906,273.7409973144531,267.95391845703125,261.5797119140625,255.1510009765625,248.27049255371094,239.65330505371094,229.26499938964844,219.40980529785156,206.48629760742188,201.1977996826172,210.5196990966797,219.5446014404297,1000.0,975.0,950.0,925.0,900.0,850.0,800.0,750.0,700.0,650.0,600.0,550.0,500.0,450.0,400.0,350.0,300.0,250.0,200.0,150.0,100.0,50.0,20.0,60.58740234375,287.41558837890625,520.0831298828125,759.7349853515625,1004.6221923828125,1510.9139404296875,2038.89501953125,2592.882080078125,3173.64404296875,3784.902099609375,4435.3349609375,5137.712890625,5893.240234375,6711.4658203125,7602.201171875,8586.7587890625,9687.2333984375,10938.8369140625,12398.26953125,14191.3603515625,16611.990234375,20715.98046875,26476.419921875
2024-09-24 15:00:00,319.14735131039896,995.423992748817,313.84771728515625,310.9010009765625,308.4295959472656,305.92620849609375,303.65130615234375,299.0014953613281,293.98260498046875,288.8157043457031,283.9851989746094,278.46441650390625,279.32391357421875,274.3040771484375,267.8590087890625,261.5140075683594,255.70977783203125,248.11309814453125,239.716796875,229.50079345703125,219.7135009765625,207.9886932373047,200.05819702148438,211.210205078125,220.435302734375,1000.0,975.0,950.0,925.0,900.0,850.0,800.0,750.0,700.0,650.0,600.0,550.0,500.0,450.0,400.0,350.0,300.0,250.0,200.0,150.0,100.0,50.0,20.0,49.303497314453125,281.8476867675781,518.2683715820312,757.6862182617188,1003.348876953125,1510.2469482421875,2037.919921875,2590.694091796875,3171.343994140625,3783.763916015625,4437.22802734375,5143.3828125,5899.6572265625,6717.462890625,7607.3671875,8593.5771484375,9693.994140625,10945.802734375,12409.51953125,14205.2197265625,16618.55078125,20718.310546875,26490.560546875
2024-09-24 18:00:00,319.01745855829796,992.581219311317,315.0877990722656,312.3778991699219,309.90338134765625,307.40631103515625,304.87261962890625,299.97100830078125,294.94097900390625,289.63848876953125,284.05731201171875,278.193115234375,281.0662841796875,274.94671630859375,268.67169189453125,261.7673034667969,256.2861022949219,248.09249877929688,239.38479614257812,229.75469970703125,219.1678924560547,207.7136993408203,200.40809631347656,211.5626983642578,221.31039428710938,1000.0,975.0,950.0,925.0,900.0,850.0,800.0,750.0,700.0,650.0,600.0,550.0,500.0,450.0,400.0,350.0,300.0,250.0,200.0,150.0,100.0,50.0,20.0,23.73541259765625,254.6531982421875,493.4144287109375,734.2174072265625,981.25537109375,1488.9449462890625,2019.451171875,2573.093017578125,3154.64794921875,3767.341064453125,4420.880859375,5129.3828125,5887.99609375,6705.96484375,7598.9140625,8585.38671875,9686.5732421875,10937.7783203125,12401.1298828125,14192.76953125,16603.96875,20709.490234375,26489.099609375
2024-09-24 21:00:00,312.227060720851,993.74072265625,313.015380859375,311.30767822265625,309.0703125,306.81610107421875,304.2803039550781,299.37249755859375,294.33349609375,289.02490234375,283.431884765625,277.590087890625,281.88671875,275.152587890625,268.99261474609375,262.13739013671875,256.6702880859375,248.8997039794922,238.83470153808594,229.93719482421875,219.50669860839844,207.95140075683594,199.76870727539062,211.2978973388672,218.8092041015625,1000.0,975.0,950.0,925.0,900.0,850.0,800.0,750.0,700.0,650.0,600.0,550.0,500.0,450.0,400.0,350.0,300.0,250.0,200.0,150.0,100.0,50.0,20.0,24.8572998046875,254.46389770507812,490.930419921875,732.4522705078125,978.22802734375,1485.4219970703125,2014.51708984375,2567.842041015625,3147.1689453125,3758.06298828125,4411.580078125,5121.73486328125,5880.259765625,6699.7421875,7594.81689453125,8582.7099609375,9681.615234375,10934.7412109375,12400.3798828125,14194.740234375,16603.849609375,20710.970703125,26490.470703125
2024-09-25 00:00:00,303.3427684278823,993.743572826942,305.972900390625,310.51318359375,308.7778015136719,306.64178466796875,304.227783203125,299.435791015625,294.390380859375,288.94189453125,283.3419189453125,277.8493957519531,279.4132995605469,275.8856201171875,268.8865051269531,261.5343933105469,256.30889892578125,247.43299865722656,238.8361053466797,230.0644989013672,219.90570068359375,207.6757049560547,199.6501007080078,210.5980987548828,219.4886016845703,1000.0,975.0,950.0,925.0,900.0,850.0,800.0,750.0,700.0,650.0,600.0,550.0,500.0,450.0,400.0,350.0,300.0,250.0,200.0,150.0,100.0,50.0,20.0,40.5006103515625,270.6253967285156,506.6326904296875,746.6992797851562,993.02685546875,1500.405029296875,2028.717041015625,2582.302978515625,3161.99609375,3772.408935546875,4425.27099609375,5135.01806640625,5894.873046875,6713.1240234375,7606.98486328125,8593.087890625,9688.0615234375,10941.2919921875,12410.2099609375,14206.1201171875,16612.33984375,20725.990234375,26481.91015625
2024-09-25 03:00:00,301.7222675216322,995.8567594843751,303.78558349609375,308.58477783203125,308.6212158203125,306.3684997558594,304.2135009765625,299.3276062011719,294.3076171875,289.0225830078125,284.2100830078125,279.9619140625,276.764404296875,275.2312927246094,269.0286865234375,261.4259033203125,255.45751953125,247.18580627441406,237.96609497070312,230.4174041748047,219.11489868164062,208.1219940185547,200.38040161132812,210.4907989501953,220.4949951171875,1000.0,975.0,950.0,925.0,900.0,850.0,800.0,750.0,700.0,650.0,600.0,550.0,500.0,450.0,400.0,350.0,300.0,250.0,200.0,150.0,100.0,50.0,20.0,43.610504150390625,271.744384765625,507.7086181640625,747.7037963867188,993.909912109375,1500.8919677734375,2029.60107421875,2582.340087890625,3162.9140625,3775.885009765625,4428.9501953125,5132.44921875,5893.23779296875,6710.7587890625,7605.01806640625,8587.755859375,9682.7177734375,10937.9462890625,12404.0400390625,14198.7099609375,16619.21875,20717.9296875,26484.4296875
2024-09-25 06:00:00,298.26888469711776,996.984908311317,299.5874938964844,301.66339111328125,303.72088623046875,304.9927978515625,304.0,299.4111022949219,294.5736999511719,289.2225036621094,283.586181640625,277.99951171875,274.743896484375,273.9285888671875,269.14569091796875,262.51220703125,255.63311767578125,247.18409729003906,240.31719970703125,231.0364990234375,219.62550354003906,206.85659790039062,199.46969604492188,211.02920532226562,220.81930541992188,1000.0,975.0,950.0,925.0,900.0,850.0,800.0,750.0,700.0,650.0,600.0,550.0,500.0,450.0,400.0,350.0,300.0,250.0,200.0,150.0,100.0,50.0,20.0,42.264892578125,266.7388916015625,496.97308349609375,735.1417846679688,981.4520263671875,1487.3509521484375,2016.573974609375,2569.424072265625,3150.0830078125,3761.31298828125,4409.89990234375,5109.48779296875,5868.86279296875,6688.0517578125,7582.48095703125,8566.021484375,9664.4365234375,10923.7138671875,12392.75,14186.7998046875,16595.53125,20702.900390625,26472.490234375
2024-09-25 09:00:00,296.2135406496511,996.0501188593751,295.83837890625,298.66839599609375,301.2221984863281,301.502197265625,301.38531494140625,299.0460205078125,294.47021484375,289.2431945800781,283.74407958984375,277.93988037109375,275.57379150390625,274.5078125,269.02728271484375,262.4652099609375,255.0211181640625,248.5001983642578,240.15150451660156,230.8282012939453,219.1403045654297,206.6580047607422,199.25379943847656,208.65220642089844,220.52780151367188,1000.0,975.0,950.0,925.0,900.0,850.0,800.0,750.0,700.0,650.0,600.0,550.0,500.0,450.0,400.0,350.0,300.0,250.0,200.0,150.0,100.0,50.0,20.0,46.652801513671875,267.7535095214844,497.6126708984375,733.3989868164062,976.31396484375,1481.39794921875,2009.779052734375,2562.718994140625,3143.43505859375,3754.554931640625,4403.259765625,5105.2158203125,5863.99609375,6683.4130859375,7575.92919921875,8561.0234375,9662.4365234375,10920.021484375,12387.5,14179.4404296875,16585.62109375,20699.58984375,26462.359375
2024-09-25 12:00:00,307.12896340864677,999.762740342567,303.14862060546875,300.71990966796875,302.02288818359375,302.801513671875,302.3040771484375,298.46990966796875,294.00811767578125,289.03271484375,283.5267028808594,277.7247009277344,274.68280029296875,274.76678466796875,269.265380859375,262.15740966796875,255.30819702148438,248.6011962890625,240.2052001953125,231.20680236816406,218.94529724121094,206.6053009033203,199.9477996826172,209.00450134277344,220.4550018310547,1000.0,975.0,950.0,925.0,900.0,850.0,800.0,750.0,700.0,650.0,600.0,550.0,500.0,450.0,400.0,350.0,300.0,250.0,200.0,150.0,100.0,50.0,20.0,57.15899658203125,281.49578857421875,511.58111572265625,748.6098022460938,992.75732421875,1497.343017578125,2025.238037109375,2577.715087890625,3157.501953125,3768.259033203125,4415.97900390625,5117.39501953125,5877.20703125,6696.39208984375,7588.06884765625,8572.8203125,9675.0166015625,10934.1162109375,12404.2998046875,14192.0595703125,16596.19921875,20700.98046875,26475.470703125
2024-09-25 15:00:00,318.49294224970424,997.5365440535045,312.2764892578125,309.1076965332031,306.6593017578125,304.18121337890625,301.9342956542969,297.34698486328125,292.6275939941406,289.02301025390625,283.76300048828125,278.19091796875,273.52069091796875,274.20721435546875,269.0513916015625,261.8800048828125,255.82098388671875,248.09519958496094,240.6761016845703,231.3197021484375,219.0491943359375,206.05560302734375,198.92379760742188,211.5915985107422,220.04220581054688,1000.0,975.0,950.0,925.0,900.0,850.0,800.0,750.0,700.0,650.0,600.0,550.0,500.0,450.0,400.0,350.0,300.0,250.0,200.0,150.0,100.0,50.0,20.0,49.60169982910156,280.222412109375,515.61181640625,754.9384765625,999.39892578125,1502.623046875,2028.203125,2580.375,3160.406005859375,3771.783935546875,4419.0361328125,5118.22021484375,5876.740234375,6695.59423828125,7588.05078125,8572.955078125,9674.9404296875,10936.353515625,12406.5,14197.48046875,16596.87890625,20709.41015625,26486.369140625
2024-09-25 18:00:00,319.4968049723605,991.225750561317,314.52001953125,311.60528564453125,309.16058349609375,306.935791015625,304.4464111328125,299.4888916015625,294.4163818359375,289.069580078125,283.57281494140625,277.7308044433594,272.02911376953125,275.0244140625,269.423583984375,261.98931884765625,255.64169311523438,248.56640625,239.8126983642578,231.27659606933594,219.01060485839844,206.0592041015625,201.18679809570312,211.55270385742188,219.52000427246094,1000.0,975.0,950.0,925.0,900.0,850.0,800.0,750.0,700.0,650.0,600.0,550.0,500.0,450.0,400.0,350.0,300.0,250.0,200.0,150.0,100.0,50.0,20.0,21.642105102539062,251.51849365234375,489.15692138671875,730.7048950195312,976.3720703125,1482.9599609375,2011.798828125,2565.177001953125,3145.7890625,3756.97607421875,4402.6982421875,5099.8759765625,5860.22705078125,6679.9189453125,7572.5888671875,8558.56640625,9659.5126953125,10920.46484375,12390.009765625,14178.3701171875,16590.009765625,20697.029296875,26474.029296875
2024-09-25 21:00:00,312.6016608671875,990.818523998817,313.271484375,311.59930419921875,309.3988037109375,306.9226989746094,304.6600036621094,299.69500732421875,294.6000061035156,289.2427978515625,283.7227783203125,277.7727966308594,271.96160888671875,275.6304931640625,269.765380859375,261.92669677734375,255.60711669921875,248.07749938964844,240.25180053710938,231.33949279785156,219.25840759277344,205.94790649414062,201.0821075439453,211.52670288085938,220.22900390625,1000.0,975.0,950.0,925.0,900.0,850.0,800.0,750.0,700.0,650.0,600.0,550.0,500.0,450.0,400.0,350.0,300.0,250.0,200.0,150.0,100.0,50.0,20.0,13.882797241210938,242.87039184570312,479.6422119140625,722.3455810546875,968.20751953125,1475.239013671875,2004.66015625,2558.73095703125,3139.18798828125,3750.589111328125,4396.087890625,5090.68603515625,5853.35400390625,6673.54296875,7565.85400390625,8551.17578125,9652.564453125,10913.736328125,12386.2197265625,14170.7998046875,16586.44921875,20701.0390625,26470.349609375
2024-09-26 00:00:00,303.25477706430524,995.120849609375,305.3789978027344,305.94879150390625,304.9942932128906,303.3992919921875,301.5142822265625,298.6672058105469,294.45391845703125,289.2167053222656,283.82171630859375,277.99652099609375,271.8504943847656,274.4653015136719,269.5003967285156,262.0404968261719,255.72711181640625,248.24920654296875,240.42669677734375,231.23440551757812,219.16549682617188,206.03709411621094,200.51060485839844,210.2021942138672,219.59060668945312,1000.0,975.0,950.0,925.0,900.0,850.0,800.0,750.0,700.0,650.0,600.0,550.0,500.0,450.0,400.0,350.0,300.0,250.0,200.0,150.0,100.0,50.0,20.0,38.98609924316406,267.0434875488281,500.89739990234375,739.6859741210938,982.62548828125,1487.824951171875,2016.406005859375,2569.672119140625,3150.330078125,3761.3701171875,4407.31494140625,5100.11181640625,5861.63720703125,6680.3017578125,7574.0771484375,8559.9599609375,9662.3017578125,10922.1865234375,12393.7998046875,14178.2802734375,16596.650390625,20719.859375,26488.939453125
2024-09-26 03:00:00,298.83861043871366,996.7422575312501,297.62158203125,295.9461975097656,295.7421875,298.52838134765625,298.4005126953125,297.05718994140625,293.85418701171875,289.11920166015625,283.60791015625,277.85211181640625,272.21380615234375,270.764892578125,269.64300537109375,262.1256103515625,255.35638427734375,247.7740020751953,239.5751953125,230.69940185546875,219.193603515625,206.5845947265625,201.9149932861328,210.42340087890625,219.10279846191406,1000.0,975.0,950.0,925.0,900.0,850.0,800.0,750.0,700.0,650.0,600.0,550.0,500.0,450.0,400.0,350.0,300.0,250.0,200.0,150.0,100.0,50.0,20.0,66.75630187988281,289.25689697265625,515.5438842773438,749.7432861328125,990.091552734375,1492.0400390625,2017.343017578125,2570.238037109375,3150.4609375,3761.97802734375,4408.22412109375,5099.60791015625,5856.51123046875,6676.9951171875,7569.89111328125,8553.4189453125,9653.0830078125,10909.25390625,12376.4501953125,14162.73046875,16592.150390625,20716.98046875,26478.16015625
2024-09-26 06:00:00,296.37489902163225,998.413375108192,296.857177734375,294.92718505859375,293.489013671875,295.01409912109375,296.2628173828125,295.92572021484375,293.2142028808594,289.2290954589844,283.8494873046875,278.0443115234375,271.9270935058594,269.44500732421875,268.8482971191406,261.9100036621094,254.76287841796875,248.5260009765625,240.25259399414062,230.2855987548828,219.36180114746094,207.47669982910156,199.65879821777344,210.33299255371094,219.19520568847656,1000.0,975.0,950.0,925.0,900.0,850.0,800.0,750.0,700.0,650.0,600.0,550.0,500.0,450.0,400.0,350.0,300.0,250.0,200.0,150.0,100.0,50.0,20.0,62.178802490234375,282.6731872558594,508.9296875,739.1304931640625,978.462158203125,1477.407958984375,2002.68994140625,2554.56396484375,3135.7548828125,3747.360107421875,4393.2099609375,5082.27783203125,5836.5849609375,6654.77490234375,7546.68212890625,8532.009765625,9634.71875,10892.2548828125,12360.8896484375,14151.98046875,16579.9609375,20695.900390625,26450.33984375
2024-09-26 09:00:00,295.4576832468332,999.2384307980581,296.1741027832031,294.00408935546875,291.81011962890625,290.5819091796875,291.7108154296875,293.50482177734375,292.91949462890625,288.5744934082031,283.31842041015625,277.63409423828125,272.04962158203125,268.39752197265625,269.04962158203125,261.7391052246094,254.752685546875,247.8000030517578,240.23379516601562,230.16619873046875,219.69639587402344,206.22390747070312,200.41720581054688,210.21229553222656,219.20150756835938,1000.0,975.0,950.0,925.0,900.0,850.0,800.0,750.0,700.0,650.0,600.0,550.0,500.0,450.0,400.0,350.0,300.0,250.0,200.0,150.0,100.0,50.0,20.0,76.26809692382812,296.4556884765625,520.3895874023438,750.253173828125,986.2568359375,1479.489013671875,2002.032958984375,2554.126953125,3134.506103515625,3744.76708984375,4391.416015625,5081.64599609375,5832.60595703125,6650.3798828125,7541.5869140625,8524.720703125,9624.7119140625,10882.625,12350.830078125,14145.0,16565.109375,20693.390625,26453.970703125
2024-09-26 12:00:00,295.7287633473604,1004.431441514442,293.51312255859375,291.3406982421875,289.8953857421875,288.92401123046875,288.93109130859375,288.3460998535156,289.390380859375,287.6705017089844,283.4136962890625,278.0537109375,272.0408020019531,266.4658203125,267.62030029296875,261.92498779296875,254.515380859375,247.10980224609375,240.78109741210938,230.84629821777344,219.9989013671875,207.0655975341797,200.75509643554688,210.88279724121094,221.27450561523438,1000.0,975.0,950.0,925.0,900.0,850.0,800.0,750.0,700.0,650.0,600.0,550.0,500.0,450.0,400.0,350.0,300.0,250.0,200.0,150.0,100.0,50.0,20.0,115.18479919433594,333.2471008300781,555.06787109375,782.810302734375,1016.6749267578125,1503.64794921875,2019.9169921875,2567.718994140625,3147.784912109375,3758.427001953125,4404.578125,5092.02197265625,5838.18017578125,6655.35888671875,7546.52001953125,8527.4677734375,9630.640625,10886.728515625,12360.5302734375,14157.3203125,16569.62109375,20706.859375,26473.509765625
2024-09-26 15:00:00,296.1488242889146,1007.5074913191295,293.71002197265625,291.29669189453125,289.34771728515625,287.38720703125,285.8944091796875,285.4450988769531,283.00091552734375,282.910400390625,281.1746826171875,277.723388671875,272.1777038574219,266.18878173828125,266.37750244140625,261.0675048828125,254.04159545898438,248.39669799804688,240.2091064453125,230.91090393066406,220.2010040283203,207.55369567871094,204.31719970703125,209.07069396972656,219.4582061767578,1000.0,975.0,950.0,925.0,900.0,850.0,800.0,750.0,700.0,650.0,600.0,550.0,500.0,450.0,400.0,350.0,300.0,250.0,200.0,150.0,100.0,50.0,20.0,146.96189880371094,364.4197998046875,585.6478271484375,812.767822265625,1043.99755859375,1525.6669921875,2032.572021484375,2570.94189453125,3144.489013671875,3753.638916015625,4399.3759765625,5087.01416015625,5830.673828125,6645.9130859375,7534.5927734375,8516.470703125,9620.298828125,10875.216796875,12350.9599609375,14153.9404296875,16577.4296875,20726.05078125,26489.939453125
2024-09-26 18:00:00,293.624945773616,1007.072310655067,291.3848876953125,289.4766845703125,288.2908020019531,287.8328857421875,286.84588623046875,284.5357971191406,282.3457946777344,280.77581787109375,280.0458068847656,277.72808837890625,272.59698486328125,267.4465026855469,265.2296142578125,260.83001708984375,256.01409912109375,248.648193359375,240.10789489746094,231.52650451660156,220.83839416503906,209.2559051513672,201.21380615234375,210.02389526367188,220.15570068359375,1000.0,975.0,950.0,925.0,900.0,850.0,800.0,750.0,700.0,650.0,600.0,550.0,500.0,450.0,400.0,350.0,300.0,250.0,200.0,150.0,100.0,50.0,20.0,142.27830505371094,358.9559020996094,579.3552856445312,805.6428833007812,1036.038818359375,1517.9580078125,2023.02490234375,2557.449951171875,3127.9599609375,3735.498046875,4383.283203125,5073.2099609375,5817.42919921875,6630.498046875,7520.38818359375,8507.2919921875,9608.9140625,10868.22265625,12346.83984375,14154.41015625,16568.55078125,20708.0,26479.7890625
2024-09-26 21:00:00,292.82698631400945,1007.144820420692,291.5867004394531,289.6896057128906,288.0249938964844,287.08502197265625,285.864990234375,286.59649658203125,284.710693359375,281.43328857421875,279.00640869140625,276.0014953613281,271.9163818359375,268.37310791015625,263.6799011230469,260.3876037597656,255.61798095703125,248.2073974609375,240.67889404296875,232.1696014404297,221.62249755859375,209.50360107421875,201.4510040283203,209.88059997558594,218.96279907226562,1000.0,975.0,950.0,925.0,900.0,850.0,800.0,750.0,700.0,650.0,600.0,550.0,500.0,450.0,400.0,350.0,300.0,250.0,200.0,150.0,100.0,50.0,20.0,142.82989501953125,358.5028991699219,579.8338012695312,805.0015869140625,1036.2022705078125,1517.4930419921875,2027.6181640625,2562.757080078125,3131.56396484375,3737.070068359375,4380.9970703125,5069.93798828125,5813.9111328125,6623.53076171875,7513.6650390625,8498.955078125,9602.224609375,10863.01953125,12345.9296875,14161.080078125,16570.3203125,20704.359375,26475.990234375
2024-09-27 00:00:00,291.86393322927034,1008.8921598750001,290.6044006347656,288.70440673828125,287.2922058105469,286.3522033691406,285.3822021484375,283.60791015625,282.4658203125,282.43359375,280.87640380859375,276.723388671875,271.0474853515625,266.965087890625,265.593505859375,261.24310302734375,255.7899169921875,248.26649475097656,240.89559936523438,232.697998046875,221.60400390625,208.7657012939453,200.88519287109375,210.17129516601562,218.4091033935547,1000.0,975.0,950.0,925.0,900.0,850.0,800.0,750.0,700.0,650.0,600.0,550.0,500.0,450.0,400.0,350.0,300.0,250.0,200.0,150.0,100.0,50.0,20.0,162.96240234375,378.8363037109375,600.3707275390625,825.7490234375,1055.14501953125,1534.8919677734375,2037.46484375,2573.087890625,3144.40087890625,3751.988037109375,4395.5009765625,5081.2548828125,5826.77685546875,6639.2421875,7530.416015625,8515.98828125,9618.1767578125,10882.8681640625,12366.75,14177.669921875,16586.259765625,20721.16015625,26491.400390625
2024-09-27 03:00:00,289.6257703216587,1011.235396592567,289.423583984375,287.7935791015625,286.63360595703125,285.95361328125,284.1165771484375,282.99359130859375,283.99658203125,283.36419677734375,279.08319091796875,274.9329833984375,271.8717956542969,269.986083984375,265.7550048828125,260.99591064453125,254.95730590820312,248.6710968017578,241.44349670410156,232.69700622558594,221.1750946044922,208.50340270996094,202.07969665527344,209.32000732421875,220.214599609375,1000.0,975.0,950.0,925.0,900.0,850.0,800.0,750.0,700.0,650.0,600.0,550.0,500.0,450.0,400.0,350.0,300.0,250.0,200.0,150.0,100.0,50.0,20.0,169.5657958984375,384.0035095214844,604.0941162109375,829.9833984375,1059.8709716796875,1534.4580078125,2041.7490234375,2577.9130859375,3147.55908203125,3748.949951171875,4389.23388671875,5079.01318359375,5826.68017578125,6638.958984375,7528.43115234375,8512.025390625,9617.77734375,10883.9130859375,12364.9296875,14171.98046875,16586.55078125,20727.94921875,26477.7109375
2024-09-27 06:00:00,287.33308185862023,1008.5191425106813,287.836181640625,286.6968994140625,286.027587890625,285.58831787109375,284.62152099609375,284.10968017578125,284.3392028808594,282.1925048828125,277.13812255859375,276.60888671875,274.9840087890625,270.9960021972656,265.62799072265625,259.4232177734375,253.26068115234375,247.12330627441406,241.69569396972656,232.8177032470703,220.71730041503906,208.3549041748047,201.91709899902344,208.89430236816406,219.74090576171875,1000.0,975.0,950.0,925.0,900.0,850.0,800.0,750.0,700.0,650.0,600.0,550.0,500.0,450.0,400.0,350.0,300.0,250.0,200.0,150.0,100.0,50.0,20.0,158.26370239257812,373.9451904296875,591.2858276367188,816.4520263671875,1045.6605224609375,1522.968994140625,2029.10595703125,2566.2451171875,3131.06201171875,3729.3359375,4377.486328125,5072.9638671875,5821.8720703125,6631.7490234375,7514.37109375,8491.1279296875,9595.4921875,10862.537109375,12341.919921875,14144.740234375,16571.650390625,20709.470703125,26456.580078125
2024-09-27 09:00:00,287.7065791724666,1011.0467979597545,287.84820556640625,285.93939208984375,284.7620849609375,285.3126220703125,284.95831298828125,284.906005859375,284.37152099609375,281.4378967285156,276.9736022949219,278.7359924316406,276.1007080078125,271.45111083984375,265.10821533203125,258.5632019042969,252.45001220703125,246.60009765625,241.39370727539062,232.18809509277344,220.72950744628906,211.6029052734375,200.09140014648438,208.99000549316406,219.92340087890625,1000.0,975.0,950.0,925.0,900.0,850.0,800.0,750.0,700.0,650.0,600.0,550.0,500.0,450.0,400.0,350.0,300.0,250.0,200.0,150.0,100.0,50.0,20.0,158.71710205078125,372.25421142578125,591.4802856445312,814.5850219726562,1043.7694091796875,1523.1629638671875,2029.5810546875,2563.242919921875,3126.81298828125,3731.1689453125,4379.94921875,5078.01416015625,5826.994140625,6633.97802734375,7515.07177734375,8489.015625,9590.486328125,10856.755859375,12332.0498046875,14142.6796875,16575.009765625,20702.060546875,26454.009765625
2024-09-27 12:00:00,292.4616406672294,1011.2613975691295,288.92138671875,286.7720947265625,284.84210205078125,283.14141845703125,285.67138671875,286.632080078125,284.9644775390625,281.03961181640625,281.7077941894531,279.1195068359375,276.2062072753906,270.47528076171875,263.96002197265625,257.4744873046875,252.47509765625,246.8376007080078,239.5178985595703,231.92770385742188,221.67300415039062,211.91749572753906,200.0789031982422,210.46119689941406,219.497802734375,1000.0,975.0,950.0,925.0,900.0,850.0,800.0,750.0,700.0,650.0,600.0,550.0,500.0,450.0,400.0,350.0,300.0,250.0,200.0,150.0,100.0,50.0,20.0,173.2913055419922,388.527587890625,607.4370727539062,830.2182006835938,1059.0546875,1537.780029296875,2047.47998046875,2582.375,3149.14990234375,3759.322998046875,4409.916015625,5105.8818359375,5852.18798828125,6655.5,7534.4140625,8510.58984375,9607.048828125,10866.740234375,12344.5,14168.2900390625,16597.51953125,20718.669921875,26473.9609375
2024-09-27 15:00:00,303.7030590324637,1011.3028089157482,295.54150390625,293.1419982910156,290.71221923828125,288.5126953125,286.53289794921875,284.74371337890625,285.08502197265625,284.2850036621094,283.7037048339844,279.0126953125,275.460205078125,269.4678955078125,263.3536071777344,257.3284912109375,252.577880859375,246.36500549316406,239.1699981689453,231.70449829101562,221.72369384765625,211.4665069580078,198.95010375976562,209.12240600585938,220.38499450683594,1000.0,975.0,950.0,925.0,900.0,850.0,800.0,750.0,700.0,650.0,600.0,550.0,500.0,450.0,400.0,350.0,300.0,250.0,200.0,150.0,100.0,50.0,20.0,159.1685028076172,378.305908203125,601.1134033203125,827.7850952148438,1059.5250244140625,1538.0350341796875,2046.494140625,2583.158935546875,3158.68701171875,3767.94091796875,4417.7177734375,5112.02978515625,5855.0029296875,6657.23876953125,7536.365234375,8511.4658203125,9607.509765625,10862.939453125,12344.5302734375,14163.75,16591.12890625,20718.4609375,26478.029296875
2024-09-27 18:00:00,307.55969671351284,1005.2577604609376,299.1724853515625,296.7705993652344,294.34588623046875,292.1405944824219,289.9149169921875,285.37060546875,284.4552001953125,285.7738952636719,283.8148193359375,279.9794006347656,275.2893981933594,269.32598876953125,262.85247802734375,256.9606018066406,252.37820434570312,246.2677001953125,238.94000244140625,230.87489318847656,222.4051055908203,210.98240661621094,199.0341033935547,210.3842010498047,219.36749267578125,1000.0,975.0,950.0,925.0,900.0,850.0,800.0,750.0,700.0,650.0,600.0,550.0,500.0,450.0,400.0,350.0,300.0,250.0,200.0,150.0,100.0,50.0,20.0,127.99259948730469,350.40301513671875,575.5125732421875,805.4896240234375,1039.52978515625,1522.6510009765625,2027.781982421875,2566.135009765625,3142.387939453125,3753.531982421875,4404.259765625,5098.42919921875,5841.005859375,6642.494140625,7519.42578125,8493.9765625,9589.064453125,10843.2626953125,12323.75,14146.98046875,16570.919921875,20706.41015625,26470.560546875
2024-09-27 21:00:00,299.8521547222126,1003.7233276367188,299.09490966796875,296.9375,294.7550964355469,292.55511474609375,290.20068359375,285.65069580078125,284.7333068847656,286.42138671875,283.9539794921875,280.29901123046875,275.2041931152344,269.16339111328125,263.66278076171875,258.40911865234375,251.38629150390625,245.08999633789062,238.01730346679688,230.13519287109375,223.7209014892578,211.5222930908203,199.05499267578125,208.90719604492188,218.59230041503906,1000.0,975.0,950.0,925.0,900.0,850.0,800.0,750.0,700.0,650.0,600.0,550.0,500.0,450.0,400.0,350.0,300.0,250.0,200.0,150.0,100.0,50.0,20.0,120.58560180664062,341.3124084472656,567.7249145507812,798.0180053710938,1032.396728515625,1516.18896484375,2021.031982421875,2562.137939453125,3139.18408203125,3750.02099609375,4401.27099609375,5095.341796875,5837.77001953125,6641.8818359375,7522.25,8491.1708984375,9581.966796875,10828.76953125,12317.73046875,14149.48046875,16568.69140625,20707.060546875,26462.609375
2024-09-28 00:00:00,290.1071496941141,1006.9061979609376,293.781005859375,295.16259765625,293.2525939941406,291.084716796875,288.7559814453125,284.7677001953125,287.5430908203125,287.0546875,284.53192138671875,280.67828369140625,275.23828125,269.1932067871094,264.4810791015625,258.9309997558594,251.45159912109375,243.36920166015625,237.25509643554688,231.15269470214844,224.22149658203125,210.65240478515625,199.8917999267578,210.2823028564453,218.57550048828125,1000.0,975.0,950.0,925.0,900.0,850.0,800.0,750.0,700.0,650.0,600.0,550.0,500.0,450.0,400.0,350.0,300.0,250.0,200.0,150.0,100.0,50.0,20.0,135.52420043945312,354.9259948730469,579.969482421875,808.767578125,1041.566162109375,1523.8790283203125,2030.779052734375,2574.427978515625,3151.450927734375,3765.493896484375,4416.6259765625,5109.5810546875,5854.708984375,6661.51806640625,7541.10205078125,8508.189453125,9592.220703125,10838.0517578125,12328.25,14155.4404296875,16571.05859375,20717.76953125,26471.390625
2024-09-28 03:00:00,287.8532527908677,1005.8665771484375,290.82830810546875,292.69970703125,291.29827880859375,289.49468994140625,287.669677734375,288.3045959472656,289.44329833984375,287.1932067871094,284.4183044433594,280.58319091796875,275.3128967285156,269.3599853515625,264.83148193359375,258.7672119140625,251.55630493164062,243.42550659179688,234.6468963623047,230.29209899902344,223.4427947998047,209.7545928955078,202.16220092773438,210.07919311523438,218.30209350585938,1000.0,975.0,950.0,925.0,900.0,850.0,800.0,750.0,700.0,650.0,600.0,550.0,500.0,450.0,400.0,350.0,300.0,250.0,200.0,150.0,100.0,50.0,20.0,134.27371215820312,352.098388671875,574.5457763671875,802.7711181640625,1034.98974609375,1516.197998046875,2030.0380859375,2574.669921875,3151.714111328125,3764.93408203125,4416.0908203125,5109.88623046875,5855.39404296875,6663.126953125,7542.35693359375,8510.0087890625,9588.083984375,10826.5322265625,12317.759765625,14135.75,16560.5,20714.859375,26459.109375
2024-09-28 06:00:00,286.00029020026926,1004.5633024531251,289.222412109375,291.8223876953125,291.152099609375,289.32708740234375,287.7315979003906,288.69158935546875,290.2816162109375,287.61639404296875,284.0413818359375,280.06591796875,275.0411071777344,269.32330322265625,264.80780029296875,258.56732177734375,251.42880249023438,243.63340759277344,234.9134979248047,227.55349731445312,222.83450317382812,210.6623992919922,202.29730224609375,209.17660522460938,220.51119995117188,1000.0,975.0,950.0,925.0,900.0,850.0,800.0,750.0,700.0,650.0,600.0,550.0,500.0,450.0,400.0,350.0,300.0,250.0,200.0,150.0,100.0,50.0,20.0,122.98089599609375,339.86370849609375,562.4395751953125,788.8643798828125,1021.3524169921875,1503.323974609375,2018.241943359375,2564.327880859375,3142.25,3753.822998046875,4405.25390625,5098.21484375,5843.28076171875,6650.12890625,7529.36376953125,8496.4228515625,9576.162109375,10809.767578125,12290.98046875,14110.240234375,16545.0,20694.5390625,26423.55078125
2024-09-28 09:00:00,285.0595428650865,1005.4425138789063,287.85260009765625,290.69818115234375,290.51348876953125,289.0581970214844,287.82818603515625,288.5382080078125,289.4931945800781,287.0535888671875,283.8388977050781,280.0140075683594,275.04541015625,270.0889892578125,264.66571044921875,258.2742919921875,251.831298828125,243.5749969482422,235.42770385742188,227.36990356445312,222.9779052734375,209.6800994873047,201.30380249023438,210.0980987548828,220.15679931640625,1000.0,975.0,950.0,925.0,900.0,850.0,800.0,750.0,700.0,650.0,600.0,550.0,500.0,450.0,400.0,350.0,300.0,250.0,200.0,150.0,100.0,50.0,20.0,129.47940063476562,345.1866149902344,566.6204223632812,793.9149169921875,1025.281982421875,1509.093017578125,2021.94091796875,2566.054931640625,3144.118896484375,3755.429931640625,4404.8740234375,5099.30810546875,5846.06591796875,6652.09423828125,7531.77392578125,8500.4248046875,9579.7080078125,10813.3232421875,12291.009765625,14106.2998046875,16533.01953125,20679.009765625,26430.609375
2024-09-28 12:00:00,297.2124022887668,1008.9344932722545,292.95208740234375,290.7794189453125,290.5802001953125,289.61041259765625,288.9761962890625,289.0189208984375,289.30108642578125,286.94110107421875,283.6732177734375,279.935302734375,275.6881103515625,270.94378662109375,264.95538330078125,258.2203063964844,251.72250366210938,243.29080200195312,234.81680297851562,227.51559448242188,222.53219604492188,210.06849670410156,201.13580322265625,210.42779541015625,219.1374969482422,1000.0,975.0,950.0,925.0,900.0,850.0,800.0,750.0,700.0,650.0,600.0,550.0,500.0,450.0,400.0,350.0,300.0,250.0,200.0,150.0,100.0,50.0,20.0,146.8184051513672,363.5793151855469,584.1055908203125,812.5687255859375,1045.17822265625,1529.68505859375,2041.55615234375,2587.06591796875,3162.931884765625,3775.035888671875,4425.666015625,5122.6337890625,5870.35791015625,6677.2431640625,7555.8017578125,8523.52734375,9600.6748046875,10832.6767578125,12305.8095703125,14123.41015625,16557.4609375,20699.119140625,26448.0703125
2024-09-28 15:00:00,312.1377058409096,1004.347576733192,299.74652099609375,297.30657958984375,295.0869140625,292.8518981933594,290.5819091796875,290.2023010253906,289.9519958496094,286.5570068359375,282.99700927734375,279.702392578125,275.40740966796875,271.00250244140625,265.4873046875,259.0473937988281,251.4698028564453,243.34710693359375,234.34950256347656,228.73049926757812,221.48500061035156,209.9228057861328,201.78680419921875,210.45550537109375,220.0782012939453,1000.0,975.0,950.0,925.0,900.0,850.0,800.0,750.0,700.0,650.0,600.0,550.0,500.0,450.0,400.0,350.0,300.0,250.0,200.0,150.0,100.0,50.0,20.0,133.31039428710938,356.5050048828125,581.522216796875,812.524169921875,1045.72412109375,1531.612060546875,2047.134033203125,2592.56689453125,3168.68896484375,3780.39111328125,4430.1748046875,5126.43798828125,5875.4560546875,6684.47900390625,7564.40478515625,8531.625,9608.8837890625,10839.0654296875,12311.759765625,14128.9501953125,16562.80859375,20710.439453125,26447.869140625
2024-09-28 18:00:00,313.1704088056054,1001.1511656003795,303.61431884765625,300.91619873046875,298.68548583984375,296.43548583984375,294.15350341796875,289.5028991699219,290.0989990234375,286.80322265625,283.3363037109375,279.75250244140625,275.26678466796875,270.8009033203125,265.14691162109375,258.71038818359375,251.1779022216797,243.40109252929688,235.46600341796875,230.94769287109375,220.55029296875,210.17359924316406,200.6840057373047,207.94830322265625,220.74420166015625,1000.0,975.0,950.0,925.0,900.0,850.0,800.0,750.0,700.0,650.0,600.0,550.0,500.0,450.0,400.0,350.0,300.0,250.0,200.0,150.0,100.0,50.0,20.0,104.30400085449219,329.2571105957031,556.0657958984375,788.8947143554688,1025.981689453125,1515.738037109375,2029.2978515625,2577.010009765625,3153.64208984375,3765.256103515625,4416.8388671875,5113.01123046875,5860.2548828125,6668.39111328125,7547.26708984375,8513.8740234375,9595.56640625,10837.486328125,12312.73046875,14120.73046875,16553.900390625,20696.970703125,26442.91015625
2024-09-28 21:00:00,303.3038166307115,1000.6655973750001,302.57110595703125,300.6091003417969,298.62969970703125,296.36907958984375,294.0823059082031,290.6641845703125,290.7418212890625,286.80181884765625,283.07537841796875,280.42498779296875,276.33831787109375,271.45379638671875,265.42901611328125,258.6273193359375,251.4116973876953,243.73190307617188,236.8477020263672,231.4696044921875,220.11219787597656,209.27740478515625,200.9553985595703,209.40040588378906,220.2593994140625,1000.0,975.0,950.0,925.0,900.0,850.0,800.0,750.0,700.0,650.0,600.0,550.0,500.0,450.0,400.0,350.0,300.0,250.0,200.0,150.0,100.0,50.0,20.0,94.59030151367188,320.6217956542969,548.5316772460938,780.4953002929688,1018.70751953125,1508.8489990234375,2024.9140625,2573.2470703125,3152.64208984375,3763.132080078125,4416.40625,5114.35595703125,5863.0810546875,6671.36181640625,7550.97607421875,8517.615234375,9602.2412109375,10851.787109375,12327.75,14129.509765625,16553.19921875,20693.470703125,26439.939453125
2024-09-29 00:00:00,294.859845707327,1004.145552842567,297.67449951171875,300.2044982910156,298.7244873046875,296.9559020996094,295.16448974609375,291.8594970703125,290.80950927734375,287.2344970703125,283.239501953125,280.708984375,277.068115234375,271.5889892578125,265.41351318359375,258.31201171875,251.29241943359375,244.91180419921875,236.7989044189453,231.23480224609375,220.0679931640625,209.26890563964844,200.58360290527344,208.83079528808594,218.3979949951172,1000.0,975.0,950.0,925.0,900.0,850.0,800.0,750.0,700.0,650.0,600.0,550.0,500.0,450.0,400.0,350.0,300.0,250.0,200.0,150.0,100.0,50.0,20.0,106.69380187988281,329.3503112792969,557.890625,792.502685546875,1029.398681640625,1521.9229736328125,2041.44384765625,2589.306884765625,3167.322998046875,3780.675048828125,4434.94189453125,5133.41015625,5882.65185546875,6690.51904296875,7569.13916015625,8537.341796875,9625.7724609375,10875.0849609375,12348.580078125,14152.990234375,16569.5390625,20703.0,26458.029296875
2024-09-29 03:00:00,293.4815305377009,1002.5073942500001,295.88421630859375,300.4190979003906,299.9290771484375,298.2940979003906,296.50408935546875,293.07421875,291.1492004394531,287.44500732421875,283.08001708984375,280.2023010253906,277.4315185546875,271.69171142578125,265.40802001953125,258.32470703125,251.0341033935547,245.4477996826172,236.95339965820312,231.0948028564453,220.4261016845703,208.94239807128906,201.30079650878906,207.39190673828125,220.1562957763672,1000.0,975.0,950.0,925.0,900.0,850.0,800.0,750.0,700.0,650.0,600.0,550.0,500.0,450.0,400.0,350.0,300.0,250.0,200.0,150.0,100.0,50.0,20.0,102.4364013671875,323.05621337890625,553.5781860351562,786.1649169921875,1025.030029296875,1520.489990234375,2041.93603515625,2589.735107421875,3168.677978515625,3780.5,4435.4140625,5135.27001953125,5884.58203125,6691.251953125,7570.22412109375,8538.7421875,9627.1640625,10878.6787109375,12353.740234375,14156.2099609375,16568.509765625,20692.41015625,26447.890625
2024-09-29 06:00:00,291.8887465127692,1001.2802734375,293.726318359375,298.01300048828125,299.15802001953125,298.39129638671875,296.726318359375,293.18798828125,289.8890075683594,286.822998046875,283.21630859375,278.79132080078125,277.3804931640625,271.646484375,265.309814453125,258.42498779296875,251.17030334472656,245.80859375,238.2725067138672,231.42860412597656,219.9875030517578,208.73980712890625,200.4499969482422,208.718505859375,220.03829956054688,1000.0,975.0,950.0,925.0,900.0,850.0,800.0,750.0,700.0,650.0,600.0,550.0,500.0,450.0,400.0,350.0,300.0,250.0,200.0,150.0,100.0,50.0,20.0,95.5015869140625,315.6431884765625,543.6530151367188,777.7210083007812,1016.0679931640625,1512.446044921875,2032.77587890625,2578.3701171875,3157.06201171875,3768.3291015625,4421.39599609375,5121.0380859375,5869.52490234375,6677.14794921875,7555.73291015625,8528.68359375,9618.8876953125,10876.076171875,12348.6201171875,14148.7197265625,16550.26953125,20676.419921875,26418.470703125
2024-09-29 09:00:00,291.2376782794447,1002.254927842567,292.9812927246094,297.7738952636719,299.9075927734375,299.1475830078125,297.6101989746094,293.9390869140625,290.2640075683594,286.45172119140625,282.3504943847656,278.17071533203125,275.7705078125,271.510498046875,265.3648986816406,258.8132019042969,252.75289916992188,246.23129272460938,239.81900024414062,231.28250122070312,221.00709533691406,207.1486053466797,200.40069580078125,209.9438018798828,220.50779724121094,1000.0,975.0,950.0,925.0,900.0,850.0,800.0,750.0,700.0,650.0,600.0,550.0,500.0,450.0,400.0,350.0,300.0,250.0,200.0,150.0,100.0,50.0,20.0,94.84661865234375,312.9744873046875,543.0070190429688,777.0822143554688,1017.427490234375,1513.81103515625,2034.14501953125,2582.751953125,3158.443115234375,3768.885009765625,4416.63671875,5114.7451171875,5864.48388671875,6672.26220703125,7552.6171875,8529.220703125,9625.0810546875,10884.814453125,12356.66015625,14154.2998046875,16548.12109375,20660.76953125,26409.359375
2024-09-29 12:00:00,304.004111683298,1001.569256420692,299.6932067871094,297.73321533203125,299.4992980957031,299.1181945800781,297.58428955078125,293.92041015625,290.0054016113281,285.82159423828125,282.46771240234375,278.288818359375,274.97991943359375,271.75,265.7117004394531,259.1553955078125,252.88540649414062,247.23570251464844,240.91209411621094,230.6446990966797,220.6392059326172,206.79629516601562,200.81809997558594,210.84030151367188,220.51890563964844,1000.0,975.0,950.0,925.0,900.0,850.0,800.0,750.0,700.0,650.0,600.0,550.0,500.0,450.0,400.0,350.0,300.0,250.0,200.0,150.0,100.0,50.0,20.0,112.67828369140625,334.41259765625,562.0219116210938,795.6890258789062,1037.6029052734375,1533.1070556640625,2054.510986328125,2600.155029296875,3176.822998046875,3786.010009765625,4435.09912109375,5133.0439453125,5882.67578125,6692.546875,7575.84912109375,8552.4638671875,9652.1884765625,10912.1005859375,12380.48046875,14176.919921875,16573.640625,20687.580078125,26439.869140625
2024-09-29 15:00:00,315.2154153942355,1003.108687608192,308.3922119140625,305.4407043457031,302.9683837890625,300.716796875,298.42681884765625,293.90557861328125,289.8800964355469,286.8312072753906,283.622314453125,278.614501953125,273.5845947265625,271.5576171875,265.9364929199219,259.6876220703125,253.3043212890625,247.75,241.27349853515625,230.2707977294922,219.31190490722656,206.9311981201172,200.2174072265625,207.58639526367188,220.7001953125,1000.0,975.0,950.0,925.0,900.0,850.0,800.0,750.0,700.0,650.0,600.0,550.0,500.0,450.0,400.0,350.0,300.0,250.0,200.0,150.0,100.0,50.0,20.0,97.6400146484375,326.61041259765625,555.4285278320312,792.2791137695312,1033.370849609375,1533.175048828125,2052.782958984375,2600.5400390625,3179.22705078125,3790.18701171875,4437.6572265625,5134.93603515625,5884.47802734375,6693.98388671875,7577.666015625,8559.0048828125,9661.4130859375,10920.65625,12384.2197265625,14178.9599609375,16580.37109375,20685.98046875,26431.759765625
2024-09-29 18:00:00,316.834467591649,997.0608610468751,311.131103515625,308.4351806640625,305.9652099609375,303.4710998535156,301.19110107421875,296.30841064453125,291.4193115234375,286.13421630859375,281.9393005371094,278.9093017578125,273.314208984375,271.60589599609375,266.3630065917969,259.8599853515625,255.59161376953125,249.22850036621094,241.77139282226562,230.0836944580078,220.35459899902344,206.1405029296875,198.7104949951172,207.08099365234375,221.66810607910156,1000.0,975.0,950.0,925.0,900.0,850.0,800.0,750.0,700.0,650.0,600.0,550.0,500.0,450.0,400.0,350.0,300.0,250.0,200.0,150.0,100.0,50.0,20.0,59.881591796875,289.90618896484375,523.7730712890625,763.6428833007812,1007.738525390625,1509.47900390625,2032.9228515625,2580.39892578125,3156.681884765625,3768.510009765625,4416.490234375,5110.97802734375,5862.39306640625,6674.15478515625,7562.14013671875,8547.4921875,9656.40234375,10916.193359375,12381.490234375,14178.2998046875,16571.19140625,20667.349609375,26434.470703125
2024-09-29 21:00:00,310.5882094296875,997.0850309687501,310.4606018066406,308.5205993652344,306.2973937988281,304.06060791015625,301.66558837890625,296.91058349609375,291.7783203125,286.6356201171875,281.57562255859375,279.3546142578125,275.00048828125,272.3424987792969,267.002197265625,260.16400146484375,256.240478515625,251.0612030029297,241.86749267578125,230.05850219726562,219.68179321289062,205.4040069580078,198.58079528808594,207.06610107421875,220.17379760742188,1000.0,975.0,950.0,925.0,900.0,850.0,800.0,750.0,700.0,650.0,600.0,550.0,500.0,450.0,400.0,350.0,300.0,250.0,200.0,150.0,100.0,50.0,20.0,51.624603271484375,280.9609069824219,516.1237182617188,755.291015625,998.65771484375,1502.876953125,2026.738037109375,2576.552001953125,3153.080078125,3762.212890625,4412.26611328125,5111.09912109375,5863.333984375,6676.14892578125,7567.59423828125,8557.515625,9671.6884765625,10929.734375,12396.759765625,14189.6396484375,16575.0,20665.0703125,26436.0703125
2024-09-30 00:00:00,301.3962682184542,997.2948698359376,302.9356994628906,307.26568603515625,306.32568359375,304.24072265625,301.99072265625,297.5469970703125,292.605712890625,287.39068603515625,282.02569580078125,278.39068603515625,276.65692138671875,272.83001708984375,267.3728942871094,260.8289794921875,256.5639953613281,250.83290100097656,241.85330200195312,230.22349548339844,219.3155059814453,205.84609985351562,199.49049377441406,206.99400329589844,218.826904296875,1000.0,975.0,950.0,925.0,900.0,850.0,800.0,750.0,700.0,650.0,600.0,550.0,500.0,450.0,400.0,350.0,300.0,250.0,200.0,150.0,100.0,50.0,20.0,61.91558837890625,289.34600830078125,520.5189819335938,759.60009765625,1006.81298828125,1510.416015625,2037.2529296875,2585.553955078125,3162.05908203125,3773.131103515625,4423.4189453125,5123.8291015625,5877.6240234375,6692.2587890625,7584.875,8575.423828125,9689.58984375,10948.1083984375,12413.7998046875,14205.830078125,16589.349609375,20682.30078125,26436.7890625
2024-09-30 03:00:00,299.7319416377539,999.490279405067,301.88922119140625,302.73919677734375,304.31048583984375,303.2401123046875,301.5054931640625,297.34051513671875,292.80548095703125,287.38238525390625,283.0513916015625,279.36639404296875,279.00341796875,274.12701416015625,267.48388671875,261.8197021484375,256.4547119140625,249.99070739746094,241.70770263671875,229.89920043945312,219.42779541015625,205.5933074951172,200.77130126953125,207.3363037109375,219.76060485839844,1000.0,975.0,950.0,925.0,900.0,850.0,800.0,750.0,700.0,650.0,600.0,550.0,500.0,450.0,400.0,350.0,300.0,250.0,200.0,150.0,100.0,50.0,20.0,57.785003662109375,282.95941162109375,515.8389282226562,754.5645751953125,997.3680419921875,1500.0,2027.62890625,2576.4560546875,3155.162109375,3764.3720703125,4421.498046875,5125.6650390625,5881.125,6697.85986328125,7590.43603515625,8579.990234375,9690.40625,10948.892578125,12412.51953125,14203.25,16587.69921875,20671.26953125,26423.310546875
2024-09-30 06:00:00,296.17368544921874,996.1488737421876,297.357177734375,301.07220458984375,302.7772216796875,302.69610595703125,301.2160949707031,297.17608642578125,292.375,287.45001220703125,283.364990234375,279.89501953125,278.64178466796875,273.4722900390625,267.0391845703125,261.9727783203125,255.58538818359375,249.5092010498047,241.8426971435547,230.3179931640625,219.16709899902344,205.3184051513672,200.74169921875,210.76150512695312,220.22129821777344,1000.0,975.0,950.0,925.0,900.0,850.0,800.0,750.0,700.0,650.0,600.0,550.0,500.0,450.0,400.0,350.0,300.0,250.0,200.0,150.0,100.0,50.0,20.0,47.70440673828125,271.2264099121094,502.459716796875,739.5418701171875,982.7159423828125,1486.1090087890625,2012.52490234375,2562.198974609375,3139.782958984375,3750.632080078125,4406.2958984375,5110.86279296875,5863.82080078125,6680.8818359375,7573.35107421875,8561.1591796875,9670.705078125,10931.173828125,12395.0302734375,14181.1201171875,16578.0,20642.58984375,26399.7109375
2024-09-30 09:00:00,295.0839132680217,996.421307201942,296.0971984863281,299.9407958984375,302.0072021484375,302.42181396484375,301.18218994140625,297.1322021484375,292.44830322265625,287.5032958984375,282.3983154296875,277.4044189453125,276.15478515625,272.593994140625,266.7689208984375,262.8475036621094,257.0903015136719,250.6488037109375,241.7362060546875,230.47830200195312,217.9542999267578,205.33509826660156,199.73989868164062,209.9322052001953,222.3220977783203,1000.0,975.0,950.0,925.0,900.0,850.0,800.0,750.0,700.0,650.0,600.0,550.0,500.0,450.0,400.0,350.0,300.0,250.0,200.0,150.0,100.0,50.0,20.0,55.535797119140625,277.9739990234375,508.14581298828125,744.2067260742188,988.35791015625,1491.781005859375,2016.333984375,2566.237060546875,3144.199951171875,3753.5439453125,4401.97412109375,5101.39892578125,5854.5791015625,6672.99609375,7569.1162109375,8560.609375,9672.9970703125,10932.29296875,12394.3798828125,14174.8798828125,16575.94140625,20650.509765625,26383.4296875
2024-09-30 12:00:00,306.4116690091741,999.0221647578126,303.7178039550781,301.30230712890625,299.86279296875,302.3939208984375,301.5278015136719,297.2055969238281,292.5126953125,287.9360046386719,282.69110107421875,277.33111572265625,275.718994140625,272.91741943359375,267.05010986328125,262.89410400390625,257.0194091796875,251.10470581054688,241.4351043701172,230.40159606933594,218.814697265625,205.46090698242188,199.3885955810547,207.78819274902344,221.84500122070312,1000.0,975.0,950.0,925.0,900.0,850.0,800.0,750.0,700.0,650.0,600.0,550.0,500.0,450.0,400.0,350.0,300.0,250.0,200.0,150.0,100.0,50.0,20.0,68.52151489257812,293.7921142578125,522.8043823242188,759.7258911132812,1002.760986328125,1506.0179443359375,2032.47509765625,2582.385009765625,3162.467041015625,3770.534912109375,4417.86328125,5118.544921875,5871.666015625,6690.423828125,7586.09912109375,8578.943359375,9691.73828125,10950.798828125,12414.3203125,14197.9404296875,16589.46875,20667.5,26417.5
2024-09-30 15:00:00,318.103582853072,995.666668530067,312.5889892578125,309.4307861328125,306.98687744140625,304.51690673828125,302.15191650390625,297.4630126953125,292.51788330078125,287.3079833984375,281.9359130859375,277.5740966796875,278.02508544921875,273.46588134765625,267.3153991699219,262.78057861328125,257.47271728515625,250.79750061035156,241.5225067138672,230.29519653320312,218.30320739746094,205.02020263671875,199.40809631347656,207.2384033203125,220.8061981201172,1000.0,975.0,950.0,925.0,900.0,850.0,800.0,750.0,700.0,650.0,600.0,550.0,500.0,450.0,400.0,350.0,300.0,250.0,200.0,150.0,100.0,50.0,20.0,49.481201171875,278.85528564453125,515.9656982421875,754.982421875,1000.113525390625,1503.5799560546875,2030.261962890625,2580.412109375,3156.739013671875,3765.052978515625,4417.2802734375,5120.2822265625,5874.6572265625,6691.82421875,7588.5810546875,8583.537109375,9694.541015625,10953.4619140625,12415.91015625,14199.5703125,16583.150390625,20664.390625,26418.4609375
2024-09-30 18:00:00,319.1111163840263,991.468670483192,314.6248779296875,311.9497985839844,309.264892578125,306.794921875,304.54827880859375,299.6024169921875,294.5325012207031,289.3175964355469,283.69110107421875,277.97119140625,277.1130065917969,273.58721923828125,267.2127990722656,263.2322998046875,257.96710205078125,250.7220001220703,241.27850341796875,230.14500427246094,219.42889404296875,205.04730224609375,200.07949829101562,206.38340759277344,220.7593994140625,1000.0,975.0,950.0,925.0,900.0,850.0,800.0,750.0,700.0,650.0,600.0,550.0,500.0,450.0,400.0,350.0,300.0,250.0,200.0,150.0,100.0,50.0,20.0,12.660797119140625,244.23489379882812,481.55517578125,722.7808837890625,968.132080078125,1476.051025390625,2005.199951171875,2559.85205078125,3140.702880859375,3752.041015625,4400.931640625,5105.8720703125,5859.8798828125,6678.490234375,7575.962890625,8571.5849609375,9682.8046875,10939.255859375,12405.259765625,14191.419921875,16576.0390625,20652.119140625,26398.970703125
2024-09-30 21:00:00,313.09817566796875,992.216552734375,313.4940185546875,311.82000732421875,309.36798095703125,307.1400146484375,304.63800048828125,299.66900634765625,294.5740051269531,289.343017578125,283.70001220703125,277.9440002441406,280.1116943359375,274.14959716796875,269.1549987792969,263.40081787109375,257.59332275390625,250.61480712890625,240.77540588378906,230.67999267578125,218.79080200195312,205.38389587402344,198.63949584960938,205.41549682617188,221.54139709472656,1000.0,975.0,950.0,925.0,900.0,850.0,800.0,750.0,700.0,650.0,600.0,550.0,500.0,450.0,400.0,350.0,300.0,250.0,200.0,150.0,100.0,50.0,20.0,5.7598876953125,234.7156982421875,473.46331787109375,714.14208984375,960.9727783203125,1467.9549560546875,1998.321044921875,2552.339111328125,3132.7548828125,3743.6220703125,4396.4990234375,5104.9541015625,5862.35205078125,6682.65478515625,7581.578125,8574.939453125,9683.7314453125,10940.853515625,12407.83984375,14190.330078125,16579.650390625,20659.109375,26410.400390625
2024-10-01 00:00:00,302.1829647049302,991.662029858192,304.60089111328125,308.66949462890625,308.08538818359375,306.34588623046875,304.21038818359375,299.36090087890625,294.2467956542969,288.9976806640625,283.33270263671875,283.6453857421875,280.47198486328125,275.50189208984375,269.78411865234375,263.869384765625,257.6546936035156,250.08489990234375,240.4810028076172,230.10870361328125,218.26300048828125,206.59620666503906,199.55709838867188,206.15170288085938,220.69949340820312,1000.0,975.0,950.0,925.0,900.0,850.0,800.0,750.0,700.0,650.0,600.0,550.0,500.0,450.0,400.0,350.0,300.0,250.0,200.0,150.0,100.0,50.0,20.0,18.8878173828125,244.83718872070312,478.607177734375,720.3358764648438,966.2333984375,1475.4139404296875,2002.10302734375,2554.56494140625,3135.54296875,3749.988037109375,4413.05078125,5121.13720703125,5881.51806640625,6705.17578125,7604.9580078125,8596.576171875,9704.1337890625,10959.0263671875,12422.51953125,14206.98046875,16598.669921875,20673.5703125,26404.7890625
2024-10-01 03:00:00,300.98799527690005,991.762127514442,301.9432067871094,306.7554931640625,308.54339599609375,306.56109619140625,304.29339599609375,299.6878967285156,294.690185546875,289.4351806640625,285.01708984375,284.70208740234375,281.0310974121094,276.00439453125,269.40911865234375,264.219482421875,257.4938049316406,250.06680297851562,240.36830139160156,230.09249877929688,218.60130310058594,208.01950073242188,198.22439575195312,204.5478973388672,220.87249755859375,1000.0,975.0,950.0,925.0,900.0,850.0,800.0,750.0,700.0,650.0,600.0,550.0,500.0,450.0,400.0,350.0,300.0,250.0,200.0,150.0,100.0,50.0,20.0,13.64971923828125,240.05538940429688,474.273681640625,716.4500732421875,958.829833984375,1468.9830322265625,1998.69091796875,2550.218017578125,3134.342041015625,3751.50390625,4414.763671875,5123.63818359375,5885.40478515625,6706.73388671875,7606.47998046875,8599.2568359375,9706.2666015625,10960.130859375,12425.4697265625,14217.51953125,16608.5390625,20640.509765625,26422.5
2024-10-01 06:00:00,301.47102810623875,992.017333984375,300.677490234375,303.36248779296875,305.767822265625,305.652587890625,303.8831787109375,299.502685546875,294.74981689453125,289.4783935546875,283.91839599609375,280.31341552734375,280.2019958496094,275.069580078125,269.9158020019531,264.2434997558594,258.1322937011719,250.24119567871094,240.55230712890625,230.2021026611328,218.764892578125,206.9322967529297,196.58399963378906,208.53640747070312,220.9542999267578,1000.0,975.0,950.0,925.0,900.0,850.0,800.0,750.0,700.0,650.0,600.0,550.0,500.0,450.0,400.0,350.0,300.0,250.0,200.0,150.0,100.0,50.0,20.0,12.6575927734375,235.99090576171875,467.1290283203125,706.261474609375,953.604248046875,1461.7750244140625,1989.594970703125,2543.344970703125,3125.804931640625,3740.89599609375,4398.38671875,5103.5048828125,5865.06298828125,6688.8837890625,7590.14697265625,8583.1875,9690.580078125,10945.8896484375,12410.759765625,14203.2001953125,16580.009765625,20621.109375,26371.23046875
2024-10-01 09:00:00,298.69339045673553,993.5337614375001,299.8240051269531,303.1275939941406,304.4060974121094,303.15081787109375,301.3807067871094,297.861083984375,293.34259033203125,288.9373779296875,284.11431884765625,280.44921875,279.6990966796875,274.56451416015625,270.4224853515625,264.7254943847656,258.185791015625,250.014404296875,240.29429626464844,229.64190673828125,218.59640502929688,205.81170654296875,198.32960510253906,205.88600158691406,218.86830139160156,1000.0,975.0,950.0,925.0,900.0,850.0,800.0,750.0,700.0,650.0,600.0,550.0,500.0,450.0,400.0,350.0,300.0,250.0,200.0,150.0,100.0,50.0,20.0,23.3065185546875,247.48690795898438,479.492919921875,719.5203857421875,959.77392578125,1465.81103515625,1991.60009765625,2547.4140625,3128.050048828125,3741.4208984375,4395.89111328125,5102.38818359375,5865.26416015625,6687.23291015625,7589.66796875,8583.3251953125,9689.9052734375,10943.263671875,12406.330078125,14194.5302734375,16572.51953125,20623.869140625,26367.029296875
2024-10-01 12:00:00,309.355463685399,994.608563061317,307.00482177734375,304.55340576171875,302.5834045410156,301.5814208984375,300.55340576171875,297.15289306640625,293.3829040527344,288.708984375,283.8789978027344,280.5238952636719,278.02960205078125,274.36810302734375,271.094482421875,264.97198486328125,258.2207946777344,249.56759643554688,240.375,229.99749755859375,218.62159729003906,206.70660400390625,197.40029907226562,206.9102020263672,218.07000732421875,1000.0,975.0,950.0,925.0,900.0,850.0,800.0,750.0,700.0,650.0,600.0,550.0,500.0,450.0,400.0,350.0,300.0,250.0,200.0,150.0,100.0,50.0,20.0,42.4661865234375,267.1408996582031,499.67681884765625,736.226318359375,981.025146484375,1484.18505859375,2011.14306640625,2564.201904296875,3142.14208984375,3758.31494140625,4412.818359375,5116.091796875,5877.25,6704.865234375,7606.373046875,8599.603515625,9704.8095703125,10958.4990234375,12421.3603515625,14213.76953125,16588.650390625,20627.400390625,26380.01953125
2024-10-01 15:00:00,318.20023514814176,994.5177001953125,313.28839111328125,310.33837890625,307.60040283203125,305.35040283203125,303.06658935546875,298.15667724609375,293.3665771484375,288.1882019042969,284.72320556640625,281.70318603515625,276.8363952636719,273.2655944824219,270.4978942871094,264.66497802734375,257.7449951171875,249.75,240.7635955810547,229.68380737304688,218.5229949951172,206.81179809570312,197.5012969970703,209.24099731445312,220.21969604492188,1000.0,975.0,950.0,925.0,900.0,850.0,800.0,750.0,700.0,650.0,600.0,550.0,500.0,450.0,400.0,350.0,300.0,250.0,200.0,150.0,100.0,50.0,20.0,27.9512939453125,257.3858947753906,494.701171875,736.057373046875,977.663818359375,1486.5250244140625,2011.2470703125,2566.1708984375,3146.071044921875,3761.54296875,4415.6806640625,5116.60400390625,5874.908203125,6700.72412109375,7601.7490234375,8594.3330078125,9700.71875,10955.92578125,12416.669921875,14203.7197265625,16587.140625,20636.869140625,26353.359375
2024-10-01 18:00:00,319.4624347434013,988.807293530067,315.24560546875,312.538818359375,310.0487976074219,307.54388427734375,305.12890625,300.19891357421875,295.1488952636719,289.96209716796875,284.35040283203125,278.73541259765625,278.452880859375,273.78228759765625,270.497314453125,264.6051940917969,257.6954040527344,249.9445037841797,240.58999633789062,229.63400268554688,219.2895965576172,206.8654022216797,195.61520385742188,207.34320068359375,223.87750244140625,1000.0,975.0,950.0,925.0,900.0,850.0,800.0,750.0,700.0,650.0,600.0,550.0,500.0,450.0,400.0,350.0,300.0,250.0,200.0,150.0,100.0,50.0,20.0,-2.9833984375,227.36639404296875,465.59161376953125,707.8909301757812,954.445556640625,1463.2850341796875,1994.092041015625,2551.19091796875,3133.4208984375,3747.135986328125,4401.048828125,5102.15185546875,5862.23876953125,6688.35986328125,7587.02099609375,8580.7158203125,9686.9111328125,10942.0458984375,12405.419921875,14195.1298828125,16576.849609375,20614.859375,26349.66015625
2024-10-01 21:00:00,314.2581762049302,987.758465405067,314.52398681640625,312.80401611328125,310.30401611328125,308.03399658203125,305.6090087890625,300.5518798828125,295.4819030761719,290.0209045410156,284.3908996582031,279.0330810546875,277.38848876953125,274.77398681640625,269.46002197265625,264.17401123046875,257.973388671875,249.8292999267578,240.69749450683594,229.8406982421875,219.42640686035156,207.03799438476562,195.09410095214844,208.19039916992188,223.58450317382812,1000.0,975.0,950.0,925.0,900.0,850.0,800.0,750.0,700.0,650.0,600.0,550.0,500.0,450.0,400.0,350.0,300.0,250.0,200.0,150.0,100.0,50.0,20.0,-7.568603515625,221.92041015625,459.2919921875,702.7719116210938,948.53857421875,1459.865966796875,1991.26611328125,2547.114013671875,3130.216064453125,3744.260009765625,4395.07421875,5101.23291015625,5858.85595703125,6683.23193359375,7584.384765625,8575.474609375,9682.302734375,10938.013671875,12403.98046875,14194.51953125,16570.16015625,20616.490234375,26358.1796875
2024-10-02 00:00:00,305.0793787518053,992.7608122187501,307.43048095703125,310.71002197265625,309.70050048828125,307.30120849609375,304.9954833984375,300.0355224609375,294.9570007324219,289.59197998046875,283.9519958496094,278.60198974609375,276.2890930175781,274.6809997558594,269.07379150390625,264.2077941894531,257.3616027832031,249.51840209960938,240.24249267578125,229.86529541015625,218.72860717773438,206.68809509277344,196.45199584960938,205.8300018310547,223.44810485839844,1000.0,975.0,950.0,925.0,900.0,850.0,800.0,750.0,700.0,650.0,600.0,550.0,500.0,450.0,400.0,350.0,300.0,250.0,200.0,150.0,100.0,50.0,20.0,15.11932373046875,241.84197998046875,480.47918701171875,721.2412109375,968.3310546875,1478.385009765625,2008.654052734375,2563.49609375,3145.76806640625,3760.199951171875,4411.68408203125,5115.5078125,5872.97216796875,6696.6669921875,7594.89013671875,8586.7978515625,9690.80078125,10945.064453125,12409.0,14197.41015625,16574.87109375,20630.98046875,26357.5703125
2024-10-02 03:00:00,304.6360896475502,992.5164794921875,305.1636047363281,307.93359375,308.2998962402344,306.6361999511719,304.32501220703125,299.3464050292969,294.3728942871094,289.12408447265625,283.45428466796875,278.9031982421875,275.5653991699219,275.081298828125,269.26458740234375,263.9902038574219,257.1528015136719,249.02420043945312,239.8144989013672,229.4954071044922,218.593505859375,205.81190490722656,198.6074981689453,203.08670043945312,223.51280212402344,1000.0,975.0,950.0,925.0,900.0,850.0,800.0,750.0,700.0,650.0,600.0,550.0,500.0,450.0,400.0,350.0,300.0,250.0,200.0,150.0,100.0,50.0,20.0,21.26446533203125,247.09149169921875,482.8638916015625,724.773681640625,971.0263671875,1479.5059814453125,2008.322998046875,2563.8369140625,3144.93798828125,3757.367919921875,4407.576171875,5110.64404296875,5869.60302734375,6694.65576171875,7592.001953125,8581.22265625,9683.6181640625,10936.1884765625,12395.3798828125,14183.240234375,16569.9609375,20621.5390625,26338.75
2024-10-02 06:00:00,307.0625143719811,995.008345811317,308.4696960449219,307.23541259765625,305.7297058105469,304.189697265625,302.4962158203125,298.27471923828125,293.79022216796875,288.66522216796875,283.4967041015625,277.8516845703125,274.9224853515625,274.87628173828125,269.64959716796875,263.3168029785156,256.4360046386719,248.49440002441406,239.78970336914062,229.72329711914062,218.33509826660156,207.13079833984375,197.99319458007812,201.6011962890625,223.12879943847656,1000.0,975.0,950.0,925.0,900.0,850.0,800.0,750.0,700.0,650.0,600.0,550.0,500.0,450.0,400.0,350.0,300.0,250.0,200.0,150.0,100.0,50.0,20.0,15.895599365234375,243.95281982421875,477.969970703125,718.1085815429688,962.6142578125,1467.6180419921875,1996.9619140625,2549.030029296875,3130.72998046875,3743.43798828125,4390.611328125,5094.125,5854.15576171875,6676.59521484375,7571.255859375,8559.23046875,9660.25,10913.470703125,12377.169921875,14165.73046875,16557.5,20580.359375,26320.66015625
2024-10-02 09:00:00,299.0324145676199,994.2742399531251,298.6481018066406,297.1654052734375,297.9075927734375,300.1275939941406,299.9326171875,296.34588623046875,292.99859619140625,288.12359619140625,282.83148193359375,278.0430908203125,275.59918212890625,274.038818359375,269.24578857421875,263.4293212890625,256.6591796875,248.07110595703125,239.8491973876953,229.91250610351562,218.32479858398438,207.2689971923828,196.27870178222656,202.49099731445312,221.7736053466797,1000.0,975.0,950.0,925.0,900.0,850.0,800.0,750.0,700.0,650.0,600.0,550.0,500.0,450.0,400.0,350.0,300.0,250.0,200.0,150.0,100.0,50.0,20.0,41.966339111328125,263.5820007324219,491.17510986328125,726.8820190429688,968.932373046875,1471.0030517578125,1997.35791015625,2550.426025390625,3129.01611328125,3740.882080078125,4390.68701171875,5091.52490234375,5850.23779296875,6672.09619140625,7569.0869140625,8555.771484375,9656.32421875,10910.15625,12374.009765625,14162.419921875,16546.69140625,20570.990234375,26306.330078125
2024-10-02 12:00:00,302.1393540841628,998.9694053816295,297.61590576171875,294.8937072753906,292.6455993652344,290.8656005859375,293.8125,294.8656005859375,292.78369140625,288.313720703125,283.54339599609375,278.56341552734375,275.46478271484375,272.5408020019531,268.77587890625,262.6524963378906,255.789794921875,248.2902069091797,240.27630615234375,230.5186004638672,218.9947967529297,205.96380615234375,194.4113006591797,203.46229553222656,219.59219360351562,1000.0,975.0,950.0,925.0,900.0,850.0,800.0,750.0,700.0,650.0,600.0,550.0,500.0,450.0,400.0,350.0,300.0,250.0,200.0,150.0,100.0,50.0,20.0,78.196044921875,300.4880065917969,524.72265625,755.0595703125,989.716064453125,1486.8509521484375,2012.171875,2564.010009765625,3145.201904296875,3758.514892578125,4408.7451171875,5108.2587890625,5863.59716796875,6683.625,7577.35107421875,8562.8671875,9665.935546875,10921.7451171875,12388.6201171875,14174.0,16562.69921875,20575.849609375,26299.400390625
2024-10-02 15:00:00,301.8218135362526,1001.366988389442,295.25201416015625,292.77880859375,291.038818359375,289.52191162109375,289.96881103515625,290.4169921875,290.22198486328125,288.7619934082031,283.77008056640625,279.8569030761719,275.32080078125,271.9194030761719,268.2550048828125,262.4718933105469,255.48959350585938,248.83389282226562,241.29910278320312,230.40919494628906,219.17140197753906,205.6865997314453,196.1903076171875,204.58619689941406,220.04190063476562,1000.0,975.0,950.0,925.0,900.0,850.0,800.0,750.0,700.0,650.0,600.0,550.0,500.0,450.0,400.0,350.0,300.0,250.0,200.0,150.0,100.0,50.0,20.0,97.031982421875,316.32330322265625,541.526611328125,768.7957763671875,1004.3837890625,1491.2889404296875,2010.261962890625,2561.626953125,3144.242919921875,3756.93505859375,4409.7548828125,5107.6748046875,5862.02294921875,6680.98876953125,7575.06298828125,8560.576171875,9667.46484375,10926.919921875,12394.509765625,14177.7197265625,16562.51953125,20584.0,26289.0390625
2024-10-02 18:00:00,301.65740907842064,1001.708097872634,297.152099609375,294.44207763671875,292.46209716796875,290.455322265625,288.915283203125,287.88031005859375,287.4635925292969,286.77679443359375,283.430419921875,279.51361083984375,275.4932861328125,271.82421875,267.68267822265625,262.2929992675781,256.181884765625,249.0886993408203,241.80670166015625,230.8874053955078,218.26600646972656,205.2313995361328,195.4611053466797,204.8822021484375,222.6761016845703,1000.0,975.0,950.0,925.0,900.0,850.0,800.0,750.0,700.0,650.0,600.0,550.0,500.0,450.0,400.0,350.0,300.0,250.0,200.0,150.0,100.0,50.0,20.0,93.07098388671875,314.8009033203125,538.409912109375,768.065673828125,1001.98974609375,1487.470947265625,2002.8349609375,2548.4169921875,3127.02001953125,3741.468017578125,4392.2587890625,5091.6337890625,5844.205078125,6661.58984375,7556.076171875,8543.0771484375,9653.0,10913.474609375,12380.2001953125,14159.4501953125,16540.66015625,20574.880859375,26274.060546875
2024-10-02 21:00:00,295.9109892502957,1003.9038811015625,294.33489990234375,292.13800048828125,290.15802001953125,289.1580810546875,288.12481689453125,287.97491455078125,287.69488525390625,286.52490234375,282.6849060058594,278.9349060058594,276.1040954589844,273.1221008300781,267.9096984863281,262.21051025390625,255.65249633789062,248.3227996826172,241.71890258789062,230.80760192871094,218.59649658203125,205.12060546875,197.81829833984375,205.9987030029297,222.62229919433594,1000.0,975.0,950.0,925.0,900.0,850.0,800.0,750.0,700.0,650.0,600.0,550.0,500.0,450.0,400.0,350.0,300.0,250.0,200.0,150.0,100.0,50.0,20.0,101.74139404296875,320.69439697265625,543.5029296875,770.3350219726562,1003.404541015625,1489.1490478515625,2002.68798828125,2548.363037109375,3126.93701171875,3739.4990234375,4392.197265625,5092.8779296875,5848.7490234375,6665.6279296875,7559.07421875,8543.095703125,9648.88671875,10910.2412109375,12378.48046875,14158.0,16544.19140625,20577.470703125,26274.560546875
2024-10-03 00:00:00,294.635352856356,1005.1215049910045,295.42938232421875,293.47198486328125,291.4993896484375,289.50201416015625,287.4794006347656,286.9556884765625,288.0606994628906,286.14068603515625,282.0706787109375,278.59442138671875,276.080810546875,272.8931884765625,267.69439697265625,262.07281494140625,255.26119995117188,248.40499877929688,241.03140258789062,230.5124053955078,218.37730407714844,206.06300354003906,196.5915985107422,204.54409790039062,220.8834991455078,1000.0,975.0,950.0,925.0,900.0,850.0,800.0,750.0,700.0,650.0,600.0,550.0,500.0,450.0,400.0,350.0,300.0,250.0,200.0,150.0,100.0,50.0,20.0,122.76272583007812,341.2142028808594,565.515869140625,793.850830078125,1026.39501953125,1509.0550537109375,2021.47412109375,2567.946044921875,3145.27197265625,3757.06396484375,4408.673828125,5108.36181640625,5863.65283203125,6680.81689453125,7571.97412109375,8556.609375,9660.64453125,10919.25,12385.76953125,14167.9697265625,16552.359375,20599.619140625,26281.029296875
2024-10-03 03:00:00,293.87158946724054,1006.4694754128795,294.2478942871094,292.04791259765625,290.0579833984375,288.0579833984375,287.1499938964844,288.23980712890625,288.1997985839844,285.651611328125,282.4266052246094,279.5234069824219,276.8883972167969,272.37640380859375,267.88311767578125,261.4671936035156,254.35760498046875,247.5240936279297,240.0218963623047,230.38929748535156,217.99659729003906,206.86669921875,195.6595001220703,202.0399932861328,222.00050354003906,1000.0,975.0,950.0,925.0,900.0,850.0,800.0,750.0,700.0,650.0,600.0,550.0,500.0,450.0,400.0,350.0,300.0,250.0,200.0,150.0,100.0,50.0,20.0,128.89776611328125,348.33837890625,569.6495361328125,796.9990844726562,1028.583740234375,1511.4129638671875,2026.10302734375,2568.962890625,3146.7958984375,3758.385009765625,4411.72705078125,5111.9931640625,5865.4150390625,6682.376953125,7570.8837890625,8551.931640625,9651.150390625,10906.41015625,12370.0,14157.169921875,16540.330078125,20577.98046875,26290.009765625
2024-10-03 06:00:00,291.8533691125265,1006.546745920692,291.52978515625,289.82708740234375,287.8453063964844,287.08380126953125,287.0504150390625,287.01629638671875,287.1112976074219,284.6712951660156,281.7102966308594,277.90631103515625,275.2611999511719,271.89300537109375,267.7698974609375,261.107421875,254.1171875,246.94239807128906,239.68589782714844,230.52859497070312,218.68190002441406,205.84300231933594,197.0388946533203,202.5756072998047,218.5924072265625,1000.0,975.0,950.0,925.0,900.0,850.0,800.0,750.0,700.0,650.0,600.0,550.0,500.0,450.0,400.0,350.0,300.0,250.0,200.0,150.0,100.0,50.0,20.0,133.26885986328125,350.7420959472656,572.0692138671875,797.4390869140625,1027.04638671875,1507.9210205078125,2020.654052734375,2563.56201171875,3139.450927734375,3747.368896484375,4396.5419921875,5094.9541015625,5848.6337890625,6663.4267578125,7552.76708984375,8531.94140625,9629.267578125,10884.83984375,12349.6904296875,14135.9599609375,16523.109375,20565.69921875,26242.529296875
2024-10-03 09:00:00,290.34442933428016,1005.8410124140626,290.20361328125,288.2615966796875,286.5339050292969,286.7814025878906,287.51141357421875,287.8699035644531,287.1000061035156,284.4385070800781,281.8585205078125,277.24700927734375,274.81549072265625,272.45867919921875,267.327392578125,260.606201171875,253.99130249023438,247.25059509277344,238.74330139160156,229.8542938232422,218.6168975830078,206.3052978515625,198.90249633789062,202.37289428710938,219.80279541015625,1000.0,975.0,950.0,925.0,900.0,850.0,800.0,750.0,700.0,650.0,600.0,550.0,500.0,450.0,400.0,350.0,300.0,250.0,200.0,150.0,100.0,50.0,20.0,138.1446533203125,354.4476013183594,574.5716552734375,798.7357177734375,1031.098876953125,1513.407958984375,2023.44384765625,2567.52099609375,3140.4169921875,3748.1708984375,4397.9658203125,5096.01806640625,5852.201171875,6666.2548828125,7551.9140625,8532.5703125,9628.9951171875,10879.4716796875,12342.5400390625,14134.5400390625,16532.01953125,20571.509765625,26219.119140625
2024-10-03 12:00:00,296.0889194137667,1008.398238389442,291.4801940917969,289.29022216796875,287.57470703125,287.08868408203125,288.4490966796875,287.94329833984375,286.4425964355469,284.42608642578125,281.7503967285156,278.168212890625,276.08819580078125,272.8109130859375,266.84149169921875,260.755615234375,254.78439331054688,247.04910278320312,238.70269775390625,229.89349365234375,218.73170471191406,207.60609436035156,197.82090759277344,204.03590393066406,221.8571014404297,1000.0,975.0,950.0,925.0,900.0,850.0,800.0,750.0,700.0,650.0,600.0,550.0,500.0,450.0,400.0,350.0,300.0,250.0,200.0,150.0,100.0,50.0,20.0,159.04083251953125,374.05902099609375,594.8973999023438,817.713623046875,1050.72412109375,1534.2159423828125,2045.30517578125,2584.27294921875,3159.89404296875,3768.77392578125,4420.10205078125,5120.9609375,5873.98681640625,6687.51806640625,7576.26611328125,8557.1171875,9653.2529296875,10903.2255859375,12368.490234375,14162.4697265625,16549.390625,20590.599609375,26269.0
2024-10-03 15:00:00,306.3000985483844,1008.320601670692,297.67681884765625,295.247314453125,293.03680419921875,290.80670166015625,288.7952880859375,285.68731689453125,286.706787109375,284.5852966308594,282.0552978515625,278.35028076171875,277.1602783203125,272.7695007324219,266.7026062011719,260.74359130859375,253.9951171875,246.65589904785156,238.49530029296875,230.41470336914062,218.66940307617188,207.84339904785156,196.6085968017578,203.97300720214844,221.65469360351562,1000.0,975.0,950.0,925.0,900.0,850.0,800.0,750.0,700.0,650.0,600.0,550.0,500.0,450.0,400.0,350.0,300.0,250.0,200.0,150.0,100.0,50.0,20.0,153.47549438476562,371.33612060546875,597.0009765625,826.6251831054688,1056.411865234375,1537.3509521484375,2049.780029296875,2591.950927734375,3166.616943359375,3776.35205078125,4426.958984375,5129.05810546875,5881.3271484375,6694.9580078125,7581.75,8561.125,9656.1572265625,10908.5,12375.240234375,14164.7197265625,16549.44140625,20605.119140625,26287.6796875
2024-10-03 18:00:00,307.2251685210407,1005.2028038191295,300.3369140625,297.6669006347656,295.2169189453125,292.9996032714844,290.9996032714844,286.53460693359375,286.9456787109375,284.095703125,281.83831787109375,278.6483154296875,278.4700927734375,272.81201171875,266.69091796875,261.0872802734375,254.6868896484375,246.6815948486328,238.90460205078125,229.69869995117188,218.80850219726562,206.3874969482422,196.78680419921875,204.04859924316406,221.9290008544922,1000.0,975.0,950.0,925.0,900.0,850.0,800.0,750.0,700.0,650.0,600.0,550.0,500.0,450.0,400.0,350.0,300.0,250.0,200.0,150.0,100.0,50.0,20.0,130.50125122070312,355.00421142578125,579.2867431640625,807.4797973632812,1043.8154296875,1529.7559814453125,2035.02587890625,2577.89208984375,3153.068115234375,3762.85498046875,4417.283203125,5117.708984375,5871.3369140625,6685.3271484375,7574.1298828125,8554.271484375,9651.05078125,10901.7451171875,12366.75,14151.75,16540.6796875,20601.349609375,26277.0
2024-10-03 21:00:00,300.74229187529573,1006.141158311317,298.74591064453125,296.31561279296875,294.115478515625,291.88720703125,289.752197265625,286.4006042480469,287.5455017089844,284.67718505859375,282.02880859375,281.4801025390625,277.7113952636719,272.2882995605469,267.53448486328125,261.6243896484375,254.38421630859375,246.5579071044922,238.60910034179688,230.02059936523438,218.5052032470703,206.7252960205078,196.58920288085938,204.30459594726562,220.625,1000.0,975.0,950.0,925.0,900.0,850.0,800.0,750.0,700.0,650.0,600.0,550.0,500.0,450.0,400.0,350.0,300.0,250.0,200.0,150.0,100.0,50.0,20.0,132.15924072265625,353.7174072265625,579.04345703125,808.3378295898438,1041.7813720703125,1522.0269775390625,2033.70703125,2575.097900390625,3152.9609375,3763.9560546875,4420.21484375,5119.5888671875,5872.36083984375,6691.14111328125,7580.80419921875,8558.091796875,9652.9228515625,10904.3115234375,12370.9599609375,14156.759765625,16548.490234375,20618.0703125,26280.5
2024-10-04 00:00:00,292.970402716649,1006.248988950759,293.63128662109375,293.7127990722656,292.0126953125,290.0426025390625,288.55279541015625,290.34771728515625,288.01422119140625,285.923583984375,283.4241943359375,282.7655944824219,277.1499938964844,271.927490234375,267.478515625,261.4356994628906,254.78021240234375,246.87429809570312,238.73309326171875,230.06739807128906,218.14169311523438,207.13499450683594,197.33290100097656,204.3800048828125,221.05349731445312,1000.0,975.0,950.0,925.0,900.0,850.0,800.0,750.0,700.0,650.0,600.0,550.0,500.0,450.0,400.0,350.0,300.0,250.0,200.0,150.0,100.0,50.0,20.0,147.16290283203125,363.1401062011719,586.8764038085938,814.51708984375,1046.294189453125,1531.06494140625,2047.1259765625,2592.697998046875,3166.528076171875,3782.7109375,4439.0068359375,5138.31494140625,5894.40283203125,6708.73876953125,7599.08984375,8579.33984375,9673.4990234375,10927.45703125,12391.419921875,14176.6796875,16576.30078125,20635.880859375,26310.73046875
2024-10-04 03:00:00,290.32800843855046,1007.443648545692,291.002685546875,290.35260009765625,290.6799011230469,290.22271728515625,290.2498779296875,290.95989990234375,288.2976989746094,285.990478515625,284.030517578125,282.11041259765625,277.3771057128906,271.8961181640625,266.85089111328125,261.03521728515625,254.63229370117188,247.06309509277344,239.22720336914062,230.60569763183594,217.91940307617188,207.55520629882812,196.73300170898438,205.72410583496094,222.61599731445312,1000.0,975.0,950.0,925.0,900.0,850.0,800.0,750.0,700.0,650.0,600.0,550.0,500.0,450.0,400.0,350.0,300.0,250.0,200.0,150.0,100.0,50.0,20.0,143.8446044921875,361.1336975097656,582.1268920898438,808.975830078125,1043.89501953125,1530.7530517578125,2046.595947265625,2589.64990234375,3166.593994140625,3784.035888671875,4439.3720703125,5138.68017578125,5891.6591796875,6704.6240234375,7595.00390625,8574.109375,9671.421875,10926.0771484375,12391.8896484375,14179.0,16567.98046875,20623.369140625,26319.5703125
2024-10-04 06:00:00,287.781162703125,1008.248091905067,287.96368408203125,289.0661926269531,289.89300537109375,290.5711975097656,290.98028564453125,290.8253173828125,288.0543212890625,285.13531494140625,282.6953125,281.42840576171875,276.79840087890625,272.1968994140625,266.7839050292969,260.65899658203125,254.35498046875,246.71270751953125,240.35789489746094,230.08900451660156,217.99789428710938,206.38209533691406,197.143798828125,204.8114013671875,220.4416046142578,1000.0,975.0,950.0,925.0,900.0,850.0,800.0,750.0,700.0,650.0,600.0,550.0,500.0,450.0,400.0,350.0,300.0,250.0,200.0,150.0,100.0,50.0,20.0,141.75341796875,358.0856018066406,578.100830078125,805.9328002929688,1037.831298828125,1526.571044921875,2042.198974609375,2586.9189453125,3159.385986328125,3773.376953125,4427.8447265625,5126.9970703125,5881.34619140625,6693.11376953125,7580.47119140625,8561.572265625,9659.8330078125,10915.7734375,12378.7099609375,14162.5400390625,16543.08984375,20620.919921875,26315.9609375
2024-10-04 09:00:00,285.573560939601,1009.082564561317,285.9971008300781,288.34918212890625,290.31060791015625,291.127197265625,291.54010009765625,290.89288330078125,288.01080322265625,284.7371826171875,283.30902099609375,280.9224853515625,276.8218994140625,272.3035888671875,267.1378173828125,261.281982421875,253.39569091796875,246.14549255371094,240.75439453125,229.16050720214844,218.01170349121094,206.6894989013672,200.4705047607422,205.05189514160156,218.97799682617188,1000.0,975.0,950.0,925.0,900.0,850.0,800.0,750.0,700.0,650.0,600.0,550.0,500.0,450.0,400.0,350.0,300.0,250.0,200.0,150.0,100.0,50.0,20.0,146.84661865234375,358.277587890625,577.3576049804688,808.2725830078125,1039.191162109375,1529.946044921875,2043.4951171875,2586.033935546875,3164.18798828125,3776.840087890625,4430.126953125,5129.38916015625,5881.39697265625,6698.27685546875,7584.77294921875,8560.072265625,9659.51953125,10914.26953125,12374.48046875,14166.2998046875,16548.46875,20623.51953125,26302.490234375
2024-10-04 12:00:00,296.4030704881334,1009.9032432722545,291.15411376953125,289.27288818359375,291.3583068847656,292.41497802734375,292.70611572265625,291.3157043457031,288.17681884765625,285.2796936035156,284.9818115234375,280.6807861328125,276.71771240234375,272.2756042480469,267.2418212890625,261.09332275390625,253.0791015625,247.58419799804688,240.52920532226562,229.34280395507812,218.5164031982422,206.24220275878906,199.7194061279297,205.6309051513672,218.01040649414062,1000.0,975.0,950.0,925.0,900.0,850.0,800.0,750.0,700.0,650.0,600.0,550.0,500.0,450.0,400.0,350.0,300.0,250.0,200.0,150.0,100.0,50.0,20.0,157.63510131835938,372.9953918457031,594.027587890625,822.8585205078125,1057.71826171875,1548.3380126953125,2063.719970703125,2608.10302734375,3184.09912109375,3798.966064453125,4452.24609375,5151.0830078125,5904.02783203125,6719.14111328125,7606.72314453125,8584.1337890625,9685.787109375,10939.646484375,12400.9697265625,14186.7802734375,16570.75,20645.44921875,26341.5390625
2024-10-04 15:00:00,312.1081977692354,1005.5565185546875,300.82611083984375,298.44610595703125,296.0361022949219,293.84930419921875,292.00958251953125,292.0059814453125,288.997802734375,286.35919189453125,285.4360046386719,280.772705078125,276.4035949707031,271.97210693359375,266.87188720703125,260.74920654296875,253.54168701171875,248.12710571289062,240.5576934814453,230.12229919433594,219.21409606933594,205.25059509277344,199.1855926513672,208.0552978515625,218.8218994140625,1000.0,975.0,950.0,925.0,900.0,850.0,800.0,750.0,700.0,650.0,600.0,550.0,500.0,450.0,400.0,350.0,300.0,250.0,200.0,150.0,100.0,50.0,20.0,140.719482421875,363.64599609375,590.2288208007812,820.6207885742188,1055.0244140625,1548.68505859375,2065.0869140625,2610.426025390625,3187.31591796875,3804.071044921875,4455.8779296875,5154.369140625,5905.2978515625,6720.2548828125,7607.23291015625,8585.509765625,9689.1875,10945.5771484375,12411.76953125,14196.669921875,16576.30078125,20655.0,26360.919921875
2024-10-04 18:00:00,311.76441663251666,1002.08349609375,305.1452941894531,302.515380859375,300.1121826171875,297.68389892578125,295.47381591796875,290.978515625,289.9851989746094,287.3634033203125,285.20867919921875,281.23828125,276.6846923828125,272.0081787109375,267.0581970214844,260.90960693359375,254.2711181640625,248.38079833984375,240.75,229.68829345703125,218.77220153808594,205.3686065673828,199.0290069580078,206.55990600585938,218.4066925048828,1000.0,975.0,950.0,925.0,900.0,850.0,800.0,750.0,700.0,650.0,600.0,550.0,500.0,450.0,400.0,350.0,300.0,250.0,200.0,150.0,100.0,50.0,20.0,110.3975830078125,334.4455871582031,564.130615234375,799.6058959960938,1037.07177734375,1528.8170166015625,2045.177978515625,2592.387939453125,3173.02392578125,3787.263916015625,4442.158203125,5141.27294921875,5892.75,6708.3701171875,7595.76904296875,8576.474609375,9679.958984375,10935.7490234375,12399.7197265625,14182.0498046875,16565.2109375,20664.91015625,26356.41015625
2024-10-04 21:00:00,305.1546031814927,1003.187789170692,304.555908203125,302.66900634765625,300.5184020996094,298.21331787109375,295.87860107421875,291.3914794921875,290.77398681640625,287.7705993652344,285.626708984375,282.0863037109375,277.3818054199219,272.802978515625,267.665283203125,261.1495056152344,254.7550048828125,248.3238067626953,240.37789916992188,229.63710021972656,219.11289978027344,206.22560119628906,198.24560546875,205.9340057373047,220.57620239257812,1000.0,975.0,950.0,925.0,900.0,850.0,800.0,750.0,700.0,650.0,600.0,550.0,500.0,450.0,400.0,350.0,300.0,250.0,200.0,150.0,100.0,50.0,20.0,95.71420288085938,321.7038879394531,551.3109741210938,788.719970703125,1026.1085205078125,1517.6820068359375,2037.89599609375,2586.930908203125,3167.412109375,3783.720947265625,4438.80078125,5139.93505859375,5893.72900390625,6708.61376953125,7598.60986328125,8581.73828125,9684.09765625,10939.2119140625,12404.58984375,14191.099609375,16580.2890625,20672.4296875,26355.5
2024-10-05 00:00:00,295.5534853816141,1003.450972764442,298.2969970703125,301.6654968261719,300.25701904296875,298.2073974609375,296.1286926269531,292.760498046875,291.6405029296875,289.1422119140625,285.614013671875,282.22747802734375,277.67889404296875,273.5526123046875,267.9071960449219,260.90020751953125,255.614013671875,248.4261932373047,240.41859436035156,229.7147979736328,218.67559814453125,206.76930236816406,197.30859375,204.86680603027344,221.1544952392578,1000.0,975.0,950.0,925.0,900.0,850.0,800.0,750.0,700.0,650.0,600.0,550.0,500.0,450.0,400.0,350.0,300.0,250.0,200.0,150.0,100.0,50.0,20.0,106.2799072265625,328.2681884765625,557.880126953125,791.2659301757812,1032.669921875,1528.239990234375,2046.446044921875,2597.466064453125,3179.9189453125,3796.48388671875,4453.5478515625,5155.9921875,5911.884765625,6726.85791015625,7618.5498046875,8603.21875,9705.8466796875,10960.23828125,12425.1201171875,14211.490234375,16600.87109375,20687.109375,26390.349609375
2024-10-05 03:00:00,294.07125589272596,1003.457076280067,295.7727966308594,299.38690185546875,299.61212158203125,298.4255065917969,296.9713134765625,293.60101318359375,292.23101806640625,289.2304992675781,285.08050537109375,281.98431396484375,277.47369384765625,273.25469970703125,267.8854064941406,260.9371032714844,254.96719360351562,248.0924072265625,240.2624969482422,229.69329833984375,218.6519012451172,206.47459411621094,197.57009887695312,206.26890563964844,219.2946014404297,1000.0,975.0,950.0,925.0,900.0,850.0,800.0,750.0,700.0,650.0,600.0,550.0,500.0,450.0,400.0,350.0,300.0,250.0,200.0,150.0,100.0,50.0,20.0,103.91470336914062,326.0517883300781,555.828125,789.407470703125,1030.969970703125,1526.89794921875,2049.491943359375,2602.904052734375,3183.791015625,3800.635986328125,4456.2568359375,5158.2509765625,5912.76513671875,6727.4091796875,7618.6591796875,8600.349609375,9703.802734375,10957.052734375,12421.75,14207.5595703125,16594.48046875,20683.25,26397.390625
2024-10-05 06:00:00,292.5222640159207,1001.0833219843751,294.1101989746094,297.7255859375,299.0697021484375,298.38970947265625,296.919677734375,293.41839599609375,291.4143981933594,288.6544189453125,284.369384765625,280.87359619140625,277.92901611328125,273.469482421875,267.5828857421875,261.0830078125,254.64739990234375,247.70640563964844,239.6118927001953,229.7010040283203,218.88319396972656,207.0236053466797,196.94400024414062,206.30889892578125,218.84219360351562,1000.0,975.0,950.0,925.0,900.0,850.0,800.0,750.0,700.0,650.0,600.0,550.0,500.0,450.0,400.0,350.0,300.0,250.0,200.0,150.0,100.0,50.0,20.0,98.67572021484375,319.4454040527344,547.85107421875,782.0797729492188,1022.31591796875,1517.625,2039.6640625,2590.60400390625,3173.089111328125,3785.44091796875,4441.3427734375,5143.97607421875,5898.90576171875,6714.126953125,7603.1591796875,8584.9375,9685.818359375,10938.2490234375,12402.26953125,14192.6796875,16572.359375,20672.130859375,26374.0
2024-10-05 09:00:00,292.752027736476,1003.9469444441295,293.97760009765625,297.0845031738281,298.18499755859375,297.74468994140625,296.5328063964844,293.1575012207031,290.91058349609375,288.2752990722656,283.86212158203125,280.5137939453125,277.443115234375,273.2044982910156,267.45281982421875,261.12042236328125,254.46551513671875,247.9658966064453,239.60279846191406,230.2606964111328,218.57159423828125,207.00509643554688,198.8289031982422,207.076904296875,218.39999389648438,1000.0,975.0,950.0,925.0,900.0,850.0,800.0,750.0,700.0,650.0,600.0,550.0,500.0,450.0,400.0,350.0,300.0,250.0,200.0,150.0,100.0,50.0,20.0,104.99470520019531,323.6695861816406,553.9837036132812,788.0947265625,1026.203857421875,1523.300048828125,2043.0859375,2595.778076171875,3175.992919921875,3788.66796875,4442.9609375,5143.9921875,5899.02392578125,6712.59423828125,7602.76318359375,8583.970703125,9684.3251953125,10937.6943359375,12403.7197265625,14192.01953125,16574.849609375,20673.970703125,26364.5703125
2024-10-05 12:00:00,305.30240293510315,1002.718426342567,300.0458068847656,297.65679931640625,296.2462158203125,297.305908203125,296.22088623046875,293.45977783203125,291.5697937011719,288.67449951171875,283.87481689453125,281.2305908203125,277.55059814453125,273.3565979003906,267.4512023925781,261.4766845703125,254.66580200195312,247.35609436035156,239.72459411621094,230.33389282226562,218.80250549316406,206.64990234375,199.77569580078125,206.44839477539062,218.3061065673828,1000.0,975.0,950.0,925.0,900.0,850.0,800.0,750.0,700.0,650.0,600.0,550.0,500.0,450.0,400.0,350.0,300.0,250.0,200.0,150.0,100.0,50.0,20.0,116.96859741210938,340.2478942871094,567.19140625,801.9390869140625,1040.6982421875,1539.1300048828125,2060.33203125,2610.5009765625,3192.282958984375,3804.45703125,4459.4033203125,5160.9658203125,5917.3837890625,6732.81201171875,7621.416015625,8602.609375,9702.2373046875,10956.7802734375,12422.51953125,14212.01953125,16600.0390625,20693.66015625,26389.48046875
2024-10-05 15:00:00,315.42425649940844,1004.096480576942,307.2955017089844,304.40460205078125,301.9942932128906,299.8045959472656,297.59429931640625,293.0758056640625,293.194580078125,289.17578125,284.6286926269531,280.40521240234375,276.75018310546875,272.7048034667969,267.4600830078125,261.5859069824219,254.99609375,247.4727020263672,239.97169494628906,229.8533935546875,218.89039611816406,207.5847930908203,198.6759033203125,206.49490356445312,219.6060028076172,1000.0,975.0,950.0,925.0,900.0,850.0,800.0,750.0,700.0,650.0,600.0,550.0,500.0,450.0,400.0,350.0,300.0,250.0,200.0,150.0,100.0,50.0,20.0,103.54960632324219,330.8146057128906,563.759521484375,800.4902954101562,1041.2603759765625,1537.6810302734375,2060.8720703125,2615.0390625,3194.81396484375,3809.10107421875,4461.52001953125,5161.38818359375,5915.966796875,6731.1240234375,7620.81591796875,8603.3349609375,9703.283203125,10956.0146484375,12421.4296875,14210.1201171875,16596.0,20690.6796875,26400.73046875
2024-10-05 18:00:00,317.58742717518965,1000.633834092567,311.0482177734375,308.148193359375,305.73138427734375,303.2913818359375,301.0714111328125,296.2913818359375,291.398681640625,286.23150634765625,284.6676940917969,280.6072998046875,276.4193115234375,272.6165771484375,267.6724853515625,261.69000244140625,254.5098876953125,248.0323028564453,240.1302032470703,230.16729736328125,218.9788055419922,207.42019653320312,198.40570068359375,207.5540008544922,221.32049560546875,1000.0,975.0,950.0,925.0,900.0,850.0,800.0,750.0,700.0,650.0,600.0,550.0,500.0,450.0,400.0,350.0,300.0,250.0,200.0,150.0,100.0,50.0,20.0,75.20700073242188,305.4053955078125,541.276123046875,778.9982299804688,1024.75244140625,1527.2010498046875,2050.5419921875,2600.968994140625,3179.123046875,3793.04296875,4447.6396484375,5145.1640625,5901.1318359375,6715.02099609375,7606.18798828125,8587.583984375,9689.7138671875,10944.9833984375,12410.169921875,14200.7099609375,16586.1796875,20684.51953125,26396.150390625
2024-10-05 21:00:00,311.27165740625003,998.5067838984376,310.3569030761719,308.4595947265625,306.043701171875,303.849609375,301.6182861328125,296.84368896484375,291.8186950683594,286.7755126953125,281.9606018066406,281.44830322265625,277.1798095703125,273.17730712890625,267.8215026855469,262.22540283203125,254.54510498046875,247.95509338378906,240.29229736328125,230.33709716796875,218.62789916992188,206.6757049560547,199.64280700683594,206.74729919433594,222.38949584960938,1000.0,975.0,950.0,925.0,900.0,850.0,800.0,750.0,700.0,650.0,600.0,550.0,500.0,450.0,400.0,350.0,300.0,250.0,200.0,150.0,100.0,50.0,20.0,68.05499267578125,298.48291015625,532.5989990234375,772.5543212890625,1016.5582275390625,1521.5269775390625,2047.39111328125,2596.37890625,3175.126953125,3785.5,4441.52197265625,5142.76123046875,5898.255859375,6715.13916015625,7606.52001953125,8588.357421875,9689.8173828125,10946.458984375,12412.0703125,14202.7099609375,16593.1796875,20691.05078125,26408.58984375
2024-10-06 00:00:00,302.99458519050364,1000.6185302734375,303.3441162109375,307.18829345703125,305.5227966308594,303.5700988769531,301.34271240234375,297.0606994628906,292.2764892578125,287.2366027832031,282.4122009277344,281.24298095703125,278.1419982910156,273.59552001953125,268.55279541015625,262.45001220703125,254.72909545898438,247.9093017578125,240.33200073242188,230.40719604492188,218.41470336914062,206.91549682617188,199.7095947265625,206.8990936279297,220.2790985107422,1000.0,975.0,950.0,925.0,900.0,850.0,800.0,750.0,700.0,650.0,600.0,550.0,500.0,450.0,400.0,350.0,300.0,250.0,200.0,150.0,100.0,50.0,20.0,84.66340637207031,313.4507141113281,547.9135131835938,788.2476806640625,1030.626708984375,1534.3790283203125,2061.0791015625,2610.928955078125,3190.597900390625,3802.219970703125,4459.9580078125,5162.1201171875,5919.06689453125,6737.9912109375,7629.421875,8611.611328125,9714.8701171875,10971.25390625,12436.2001953125,14225.73046875,16615.55859375,20718.98046875,26437.9296875
2024-10-06 03:00:00,301.72127975420193,999.791912670692,301.9351806640625,304.02960205078125,304.0964050292969,302.89288330078125,300.9205017089844,297.1204833984375,292.82550048828125,288.14788818359375,282.68841552734375,279.158203125,279.23809814453125,273.875,268.65350341796875,262.04388427734375,254.4376220703125,247.32769775390625,239.5529022216797,230.01390075683594,217.947998046875,207.08799743652344,200.8468017578125,206.24099731445312,221.6529998779297,1000.0,975.0,950.0,925.0,900.0,850.0,800.0,750.0,700.0,650.0,600.0,550.0,500.0,450.0,400.0,350.0,300.0,250.0,200.0,150.0,100.0,50.0,20.0,89.55709838867188,315.1470031738281,548.4456176757812,785.6162719726562,1028.871337890625,1532.41796875,2058.97802734375,2610.79296875,3190.548095703125,3800.735107421875,4457.87109375,5160.716796875,5918.52978515625,6737.89697265625,7627.98583984375,8608.400390625,9707.7451171875,10961.9921875,12423.5595703125,14208.1298828125,16604.75,20705.08984375,26433.630859375
2024-10-06 06:00:00,297.9862976074219,1001.1764366316295,299.41448974609375,302.00531005859375,303.0812072753906,302.37359619140625,300.646484375,296.84429931640625,293.04718017578125,288.4871826171875,282.8999938964844,278.1087951660156,276.75970458984375,274.14251708984375,268.2658996582031,261.9263916015625,253.8922119140625,246.9207000732422,239.47650146484375,229.61929321289062,218.35470581054688,207.881103515625,199.59230041503906,207.07760620117188,219.26280212402344,1000.0,975.0,950.0,925.0,900.0,850.0,800.0,750.0,700.0,650.0,600.0,550.0,500.0,450.0,400.0,350.0,300.0,250.0,200.0,150.0,100.0,50.0,20.0,83.65469360351562,309.418212890625,540.8931884765625,778.2540283203125,1021.676513671875,1523.593994140625,2050.552978515625,2602.780029296875,3180.968994140625,3792.653076171875,4443.8671875,5146.60107421875,5902.22412109375,6720.60400390625,7610.841796875,8588.62109375,9687.4169921875,10938.474609375,12401.900390625,14187.7998046875,16585.9296875,20685.009765625,26413.26953125
2024-10-06 09:00:00,296.41843513535713,999.621014233192,297.48809814453125,301.0758972167969,302.89111328125,302.6773986816406,301.19110107421875,296.9949951171875,293.0657958984375,288.3629150390625,283.37371826171875,278.150390625,273.09539794921875,273.023193359375,267.94171142578125,261.87158203125,253.9678955078125,247.1417999267578,239.4477996826172,229.2382049560547,218.3719024658203,207.53720092773438,201.3466033935547,208.2030029296875,220.8260955810547,1000.0,975.0,950.0,925.0,900.0,850.0,800.0,750.0,700.0,650.0,600.0,550.0,500.0,450.0,400.0,350.0,300.0,250.0,200.0,150.0,100.0,50.0,20.0,90.57489013671875,313.4955139160156,544.17822265625,782.7329711914062,1025.3980712890625,1527.9029541015625,2055.55615234375,2606.636962890625,3186.81201171875,3798.68798828125,4446.3779296875,5142.76318359375,5898.740234375,6716.39990234375,7606.2470703125,8584.931640625,9683.12890625,10935.4609375,12395.6298828125,14186.5703125,16587.509765625,20687.939453125,26406.029296875
2024-10-06 12:00:00,306.81604598979067,1002.1681608515626,302.1289978027344,299.9635925292969,301.03460693359375,302.06939697265625,300.83941650390625,297.2794189453125,293.2243957519531,288.65301513671875,283.92291259765625,278.569091796875,272.85711669921875,270.92498779296875,267.30230712890625,261.9541931152344,254.5172119140625,247.43679809570312,239.59939575195312,229.57139587402344,218.29519653320312,207.27749633789062,199.66259765625,205.86480712890625,221.1804962158203,1000.0,975.0,950.0,925.0,900.0,850.0,800.0,750.0,700.0,650.0,600.0,550.0,500.0,450.0,400.0,350.0,300.0,250.0,200.0,150.0,100.0,50.0,20.0,103.1488037109375,327.6318054199219,555.839599609375,791.9379272460938,1036.1107177734375,1539.6209716796875,2066.22607421875,2618.195068359375,3200.2060546875,3811.548095703125,4459.81201171875,5154.81982421875,5905.8271484375,6721.98486328125,7613.3779296875,8594.017578125,9693.72265625,10944.7919921875,12405.9501953125,14196.0400390625,16602.490234375,20697.51953125,26433.5390625
2024-10-06 15:00:00,316.71814739236873,1002.632927561317,306.2506103515625,303.33551025390625,300.8975830078125,298.93402099609375,297.0610046386719,296.6141052246094,292.5496826171875,287.83489990234375,283.2222900390625,278.56048583984375,274.12811279296875,271.5703125,267.8905944824219,261.4788818359375,255.1278076171875,248.89759826660156,240.172607421875,230.33489990234375,218.57350158691406,206.3325958251953,200.0727996826172,207.69810485839844,222.12449645996094,1000.0,975.0,950.0,925.0,900.0,850.0,800.0,750.0,700.0,650.0,600.0,550.0,500.0,450.0,400.0,350.0,300.0,250.0,200.0,150.0,100.0,50.0,20.0,101.4501953125,326.7596130371094,557.807373046875,792.773681640625,1033.840576171875,1533.178955078125,2057.7138671875,2609.69189453125,3189.845947265625,3801.736083984375,4450.125,5145.90185546875,5900.1728515625,6716.8662109375,7608.14892578125,8593.7568359375,9696.271484375,10951.1982421875,12414.509765625,14201.5400390625,16606.19921875,20699.619140625,26447.150390625
2024-10-06 18:00:00,317.6260018457337,997.7962126093751,307.7297058105469,304.5617980957031,302.3670959472656,300.156982421875,298.034912109375,294.84521484375,292.64990234375,288.3132019042969,283.8251953125,278.9851989746094,275.5614013671875,272.30389404296875,266.9624938964844,262.0549011230469,255.7855224609375,248.74200439453125,239.533203125,230.2075958251953,218.49290466308594,206.39599609375,200.4136962890625,207.2386932373047,223.41819763183594,1000.0,975.0,950.0,925.0,900.0,850.0,800.0,750.0,700.0,650.0,600.0,550.0,500.0,450.0,400.0,350.0,300.0,250.0,200.0,150.0,100.0,50.0,20.0,75.88980102539062,303.1820983886719,536.2083129882812,771.1475830078125,1012.2099609375,1511.489990234375,2035.98193359375,2587.9208984375,3168.02197265625,3781.462890625,4433.291015625,5132.85009765625,5885.05712890625,6701.64794921875,7594.751953125,8581.185546875,9683.6279296875,10939.783203125,12403.490234375,14191.3701171875,16594.51953125,20687.0,26439.890625
2024-10-06 21:00:00,309.5658179044447,997.5570768671876,305.936279296875,303.7760009765625,301.6000061035156,299.3900146484375,297.656005859375,296.23248291015625,292.80499267578125,288.6099853515625,284.5173034667969,279.7510070800781,276.30230712890625,273.2305908203125,267.62139892578125,261.6776123046875,255.9359130859375,248.37469482421875,240.0688934326172,230.13369750976562,218.95640563964844,206.09249877929688,200.56399536132812,205.91180419921875,222.3549041748047,1000.0,975.0,950.0,925.0,900.0,850.0,800.0,750.0,700.0,650.0,600.0,550.0,500.0,450.0,400.0,350.0,300.0,250.0,200.0,150.0,100.0,50.0,20.0,66.0347900390625,292.18890380859375,524.0513916015625,759.8068237304688,999.649658203125,1500.4310302734375,2024.2841796875,2577.4599609375,3158.632080078125,3772.799072265625,4425.3701171875,5126.7138671875,5881.625,6697.591796875,7590.18798828125,8577.986328125,9678.361328125,10934.470703125,12399.26953125,14188.509765625,16597.48046875,20690.900390625,26431.26953125
2024-10-07 00:00:00,301.9971584732477,999.790572373817,301.12939453125,300.34869384765625,301.4197998046875,301.34912109375,300.86907958984375,297.5791015625,293.53369140625,289.22979736328125,285.39910888671875,280.78369140625,277.23370361328125,272.9202880859375,267.8350830078125,262.2135925292969,255.90960693359375,248.6844024658203,240.07200622558594,230.26890563964844,219.10830688476562,206.9604949951172,199.28819274902344,206.7664031982422,221.51539611816406,1000.0,975.0,950.0,925.0,900.0,850.0,800.0,750.0,700.0,650.0,600.0,550.0,500.0,450.0,400.0,350.0,300.0,250.0,200.0,150.0,100.0,50.0,20.0,72.14540100097656,295.5224914550781,526.5941772460938,763.5180053710938,1004.5247802734375,1509.572998046875,2035.6220703125,2588.886962890625,3172.052978515625,3787.06396484375,4442.1728515625,5143.64404296875,5897.91015625,6715.876953125,7608.9609375,8596.2431640625,9698.3515625,10954.447265625,12420.740234375,14205.900390625,16618.94921875,20703.009765625,26449.9609375
2024-10-07 03:00:00,297.9167079993778,999.3090049910045,299.25341796875,299.48150634765625,301.8046875,302.2297058105469,301.5028991699219,298.3417053222656,293.92572021484375,289.2572937011719,285.30072021484375,280.6956787109375,275.9927062988281,271.8742980957031,268.0093994140625,262.3450012207031,256.24951171875,248.74630737304688,240.2864990234375,230.79159545898438,218.97830200195312,206.24099731445312,199.24819946289062,208.14520263671875,222.71339416503906,1000.0,975.0,950.0,925.0,900.0,850.0,800.0,750.0,700.0,650.0,600.0,550.0,500.0,450.0,400.0,350.0,300.0,250.0,200.0,150.0,100.0,50.0,20.0,67.53529357910156,290.6366882324219,521.4249877929688,758.0778198242188,1000.792724609375,1505.2320556640625,2034.64404296875,2587.25,3169.70703125,3785.5009765625,4438.6376953125,5137.6337890625,5891.634765625,6709.6337890625,7603.39306640625,8591.896484375,9695.484375,10952.6943359375,12421.2802734375,14204.5595703125,16600.87109375,20693.080078125,26455.740234375
2024-10-07 06:00:00,295.8746554754967,996.3198942500001,297.2733154296875,298.87799072265625,301.9591064453125,302.64410400390625,301.5491027832031,298.6499938964844,294.3818054199219,289.7266845703125,285.1585998535156,280.72808837890625,276.47412109375,272.60498046875,268.493408203125,262.0628967285156,256.0955810546875,248.5113983154297,239.98129272460938,230.5,218.7736053466797,205.56329345703125,200.3249969482422,208.92039489746094,224.12559509277344,1000.0,975.0,950.0,925.0,900.0,850.0,800.0,750.0,700.0,650.0,600.0,550.0,500.0,450.0,400.0,350.0,300.0,250.0,200.0,150.0,100.0,50.0,20.0,51.65040588378906,273.6366882324219,503.30938720703125,740.8070068359375,984.3427734375,1488.365966796875,2017.239990234375,2571.156005859375,3154.791015625,3768.43310546875,4422.0361328125,5120.8798828125,5878.11279296875,6696.4658203125,7589.4990234375,8575.21484375,9678.04296875,10932.732421875,12400.75,14183.0595703125,16573.41015625,20683.029296875,26424.58984375
2024-10-07 09:00:00,295.2887279150977,998.312789170692,296.3630065917969,299.46759033203125,302.806884765625,303.1065979003906,302.13677978515625,298.622314453125,294.59320068359375,289.81640625,284.37640380859375,279.114990234375,276.03778076171875,271.919189453125,268.760009765625,262.34552001953125,255.89471435546875,248.6168975830078,240.3795928955078,230.16099548339844,218.2012939453125,206.14129638671875,201.02000427246094,207.50030517578125,221.0740966796875,1000.0,975.0,950.0,925.0,900.0,850.0,800.0,750.0,700.0,650.0,600.0,550.0,500.0,450.0,400.0,350.0,300.0,250.0,200.0,150.0,100.0,50.0,20.0,49.08470153808594,270.14910888671875,500.90167236328125,738.4744873046875,982.092041015625,1487.2640380859375,2016.30810546875,2570.40087890625,3152.22412109375,3765.52099609375,4417.615234375,5115.76416015625,5869.876953125,6688.9140625,7583.09521484375,8569.328125,9672.1875,10928.7578125,12391.9404296875,14174.76953125,16573.01953125,20670.439453125,26427.98046875
2024-10-07 12:00:00,308.1223006346177,996.923583984375,304.77117919921875,302.37152099609375,301.9515075683594,304.0007019042969,302.7781066894531,298.74859619140625,294.2214050292969,289.31158447265625,283.86419677734375,278.5805969238281,275.873291015625,273.2493896484375,268.8941955566406,261.84539794921875,255.19207763671875,248.7335968017578,240.8957061767578,230.71009826660156,218.55299377441406,206.1800994873047,202.85369873046875,207.70579528808594,223.6497039794922,1000.0,975.0,950.0,925.0,900.0,850.0,800.0,750.0,700.0,650.0,600.0,550.0,500.0,450.0,400.0,350.0,300.0,250.0,200.0,150.0,100.0,50.0,20.0,52.87379455566406,277.4314880371094,507.6707763671875,745.7435302734375,989.8734130859375,1495.125,2025.27197265625,2578.541015625,3159.60595703125,3772.06103515625,4421.8876953125,5121.3408203125,5880.00390625,6698.2587890625,7589.3701171875,8574.4912109375,9679.07421875,10936.9287109375,12404.5,14189.26953125,16582.169921875,20679.4296875,26449.509765625
2024-10-07 15:00:00,319.1656095210408,997.041060655067,313.7720031738281,310.62200927734375,307.96051025390625,305.77001953125,303.31201171875,298.66497802734375,293.7869873046875,288.88421630859375,284.2120056152344,280.0037841796875,276.80670166015625,273.06298828125,269.0039978027344,262.15191650390625,255.59390258789062,249.01510620117188,240.90640258789062,231.13819885253906,218.61619567871094,206.54969787597656,200.49949645996094,207.54080200195312,221.92990112304688,1000.0,975.0,950.0,925.0,900.0,850.0,800.0,750.0,700.0,650.0,600.0,550.0,500.0,450.0,400.0,350.0,300.0,250.0,200.0,150.0,100.0,50.0,20.0,34.26579284667969,265.7056884765625,500.80999755859375,741.7304077148438,986.6759033203125,1492.4749755859375,2020.053955078125,2572.633056640625,3153.8310546875,3767.044921875,4420.39599609375,5120.8251953125,5877.51513671875,6697.22119140625,7589.39111328125,8576.466796875,9681.947265625,10942.220703125,12409.259765625,14195.7802734375,16589.0,20690.099609375,26464.900390625
2024-10-07 18:00:00,320.6339360192355,992.5533897566295,315.93408203125,313.2943115234375,310.622802734375,308.18280029296875,305.7127990722656,300.8076171875,295.7926025390625,290.501220703125,284.93878173828125,279.0061950683594,275.92169189453125,274.0632019042969,268.89630126953125,263.2348937988281,256.472900390625,249.0811004638672,240.88720703125,230.8074951171875,219.09080505371094,206.67050170898438,199.66310119628906,205.4727020263672,222.17840576171875,1000.0,975.0,950.0,925.0,900.0,850.0,800.0,750.0,700.0,650.0,600.0,550.0,500.0,450.0,400.0,350.0,300.0,250.0,200.0,150.0,100.0,50.0,20.0,0.0,227.64700317382812,465.4556884765625,709.0914916992188,956.7581787109375,1465.06396484375,1996.220947265625,2552.43896484375,3136.39599609375,3748.762939453125,4399.4150390625,5100.52490234375,5858.587890625,6679.625,7575.5908203125,8563.4765625,9670.06640625,10928.1669921875,12397.51953125,14184.0498046875,16575.12109375,20671.349609375,26437.580078125
2024-10-07 21:00:00,313.63220583774273,990.9660349424438,313.9530029296875,312.302978515625,309.88299560546875,307.4359130859375,305.2158203125,300.1815185546875,295.156494140625,289.73541259765625,284.16650390625,278.35101318359375,274.47119140625,275.1799011230469,269.1309814453125,263.4033203125,257.1322021484375,249.2602996826172,240.69569396972656,231.13429260253906,218.7440948486328,207.01449584960938,199.4842987060547,206.58340454101562,220.64630126953125,1000.0,975.0,950.0,925.0,900.0,850.0,800.0,750.0,700.0,650.0,600.0,550.0,500.0,450.0,400.0,350.0,300.0,250.0,200.0,150.0,100.0,50.0,20.0,-1.1053924560546875,227.40560913085938,465.58282470703125,707.6190795898438,955.69091796875,1462.83203125,1994.8701171875,2550.008056640625,3130.949951171875,3744.010009765625,4392.4560546875,5095.875,5854.955078125,6676.259765625,7573.5830078125,8563.4296875,9669.404296875,10927.78515625,12398.4404296875,14184.5595703125,16584.740234375,20674.529296875,26446.0
2024-10-08 00:00:00,303.8864403216588,992.0586637812501,306.5166015625,310.62030029296875,309.947998046875,307.75531005859375,305.40081787109375,300.49310302734375,295.3435974121094,290.04150390625,284.351318359375,278.5443115234375,276.87078857421875,274.9028015136719,269.1248779296875,263.58709716796875,257.46917724609375,249.85400390625,241.6107940673828,230.98980712890625,218.57530212402344,208.06520080566406,198.7187957763672,207.75340270996094,219.95460510253906,1000.0,975.0,950.0,925.0,900.0,850.0,800.0,750.0,700.0,650.0,600.0,550.0,500.0,450.0,400.0,350.0,300.0,250.0,200.0,150.0,100.0,50.0,20.0,11.064697265625,238.81381225585938,476.2471923828125,717.5206298828125,964.867919921875,1473.529052734375,2004.10791015625,2558.841064453125,3141.385986328125,3753.785888671875,4405.03125,5110.31298828125,5868.77001953125,6689.6220703125,7588.87109375,8581.412109375,9689.73828125,10952.1220703125,12419.0302734375,14205.5595703125,16594.740234375,20687.400390625,26451.029296875
2024-10-08 03:00:00,304.1554067160268,992.312176342567,305.6544189453125,308.8858947753906,309.7167053222656,307.5140075683594,305.16900634765625,300.13677978515625,294.9774169921875,289.93731689453125,284.4974060058594,278.8601989746094,273.6806945800781,273.7255859375,268.65667724609375,262.62481689453125,256.8651123046875,250.0695037841797,241.31590270996094,230.68499755859375,218.92750549316406,206.84019470214844,200.66229248046875,207.7823944091797,221.13340759277344,1000.0,975.0,950.0,925.0,900.0,850.0,800.0,750.0,700.0,650.0,600.0,550.0,500.0,450.0,400.0,350.0,300.0,250.0,200.0,150.0,100.0,50.0,20.0,21.742202758789062,248.3970947265625,484.756103515625,726.9569702148438,973.18994140625,1480.6710205078125,2011.080078125,2566.60205078125,3149.93603515625,3762.881103515625,4412.794921875,5108.1630859375,5867.30517578125,6685.76806640625,7581.56591796875,8572.9072265625,9682.537109375,10941.7587890625,12408.23046875,14198.8095703125,16584.19140625,20681.029296875,26440.0390625
2024-10-08 06:00:00,302.429935925618,992.6298828125,303.54779052734375,305.90118408203125,308.97882080078125,307.6596984863281,305.3125,300.5364990234375,295.5122985839844,290.34881591796875,285.0338134765625,279.306884765625,273.352783203125,271.71160888671875,267.43157958984375,262.19818115234375,256.8126220703125,250.8424072265625,241.6376953125,230.55409240722656,218.19850158691406,206.96969604492188,201.24879455566406,208.03379821777344,223.1968994140625,1000.0,975.0,950.0,925.0,900.0,850.0,800.0,750.0,700.0,650.0,600.0,550.0,500.0,450.0,400.0,350.0,300.0,250.0,200.0,150.0,100.0,50.0,20.0,10.244903564453125,234.6549072265625,469.7257080078125,710.6448974609375,957.607177734375,1465.4990234375,1997.27392578125,2552.1689453125,3135.802001953125,3750.801025390625,4400.0009765625,5094.375,5848.9189453125,6665.39501953125,7560.7548828125,8554.498046875,9665.38671875,10924.2646484375,12389.4296875,14178.2099609375,16570.390625,20667.140625,26407.48046875
2024-10-08 09:00:00,300.73130225707297,994.4622282343751,297.54058837890625,298.3887023925781,301.22540283203125,301.40008544921875,300.806884765625,297.7835998535156,293.3817138671875,289.10137939453125,284.16278076171875,279.5169982910156,275.37890625,271.20172119140625,267.5028076171875,263.33251953125,256.8668212890625,249.26539611816406,240.89920043945312,230.28759765625,218.48109436035156,207.220703125,198.98989868164062,209.09219360351562,223.214599609375,1000.0,975.0,950.0,925.0,900.0,850.0,800.0,750.0,700.0,650.0,600.0,550.0,500.0,450.0,400.0,350.0,300.0,250.0,200.0,150.0,100.0,50.0,20.0,36.80479431152344,257.019287109375,486.886474609375,722.6049194335938,964.369140625,1468.8380126953125,1996.177978515625,2550.60205078125,3132.7490234375,3746.35107421875,4399.37109375,5096.59423828125,5848.537109375,6668.22900390625,7566.4140625,8556.0888671875,9661.4658203125,10918.998046875,12382.490234375,14165.51953125,16559.44921875,20667.08984375,26412.80078125
2024-10-08 12:00:00,298.8557917325695,995.770916576942,294.0985107421875,292.9564208984375,298.29400634765625,300.73309326171875,300.51171875,296.7498779296875,293.6143798828125,288.722412109375,283.6752014160156,278.7857971191406,275.652587890625,271.15301513671875,268.36968994140625,263.150390625,255.77499389648438,249.43609619140625,240.60000610351562,230.19219970703125,218.4320068359375,206.71820068359375,199.91879272460938,207.9029998779297,221.92050170898438,1000.0,975.0,950.0,925.0,900.0,850.0,800.0,750.0,700.0,650.0,600.0,550.0,500.0,450.0,400.0,350.0,300.0,250.0,200.0,150.0,100.0,50.0,20.0,58.687103271484375,278.00518798828125,504.99420166015625,739.781005859375,982.5966796875,1485.1300048828125,2011.4130859375,2564.68505859375,3145.569091796875,3758.739013671875,4409.9599609375,5108.375,5862.06103515625,6682.8828125,7576.85693359375,8565.349609375,9672.0478515625,10928.3388671875,12392.4599609375,14179.9697265625,16576.5703125,20693.400390625,26450.369140625
2024-10-08 15:00:00,315.4538171217159,996.633998716384,304.39410400390625,301.49871826171875,299.08050537109375,296.8905029296875,295.1705017089844,296.03338623046875,292.8934020996094,288.6112060546875,283.8040771484375,279.456298828125,274.6201171875,272.67901611328125,268.343994140625,262.4714050292969,256.99200439453125,249.1237030029297,240.18020629882812,230.40879821777344,218.8076934814453,206.21710205078125,199.51519775390625,205.67019653320312,219.7310028076172,1000.0,975.0,950.0,925.0,900.0,850.0,800.0,750.0,700.0,650.0,600.0,550.0,500.0,450.0,400.0,350.0,300.0,250.0,200.0,150.0,100.0,50.0,20.0,63.64410400390625,289.3659973144531,519.755615234375,752.9824829101562,992.2275390625,1490.6419677734375,2015.8701171875,2569.116943359375,3150.04296875,3762.68701171875,4414.509765625,5111.97509765625,5868.9638671875,6687.8818359375,7584.7158203125,8573.6162109375,9678.25,10933.0927734375,12400.4599609375,14185.2802734375,16581.490234375,20691.939453125,26457.7890625
2024-10-08 18:00:00,317.1248023748521,993.278529966384,308.4309997558594,305.791015625,303.3795166015625,301.18890380859375,298.7174987792969,294.19891357421875,291.6925048828125,288.6625061035156,284.3580017089844,279.2424011230469,276.8843994140625,272.2288818359375,267.91571044921875,261.9241027832031,256.66461181640625,249.13450622558594,240.3271026611328,231.048095703125,219.35459899902344,205.4586944580078,199.47360229492188,205.7675018310547,219.17730712890625,1000.0,975.0,950.0,925.0,900.0,850.0,800.0,750.0,700.0,650.0,600.0,550.0,500.0,450.0,400.0,350.0,300.0,250.0,200.0,150.0,100.0,50.0,20.0,35.127899169921875,262.706298828125,495.93267822265625,732.9910888671875,976.080810546875,1475.1390380859375,1997.02001953125,2549.89111328125,3130.410888671875,3745.3330078125,4397.98193359375,5099.4990234375,5854.6708984375,6671.87890625,7565.51806640625,8555.55859375,9659.7470703125,10918.2939453125,12388.33984375,14174.6396484375,16571.490234375,20674.859375,26445.0
2024-10-08 21:00:00,306.0038987367718,994.474654405067,306.726318359375,305.0863037109375,302.9248962402344,300.7348937988281,298.76629638671875,294.2548828125,290.9912109375,288.2077941894531,283.6542053222656,280.2747802734375,276.8992004394531,273.231689453125,269.3345031738281,263.397216796875,256.9989929199219,249.23410034179688,240.62460327148438,230.8657989501953,218.80059814453125,205.33050537109375,200.05490112304688,208.18370056152344,221.1136016845703,1000.0,975.0,950.0,925.0,900.0,850.0,800.0,750.0,700.0,650.0,600.0,550.0,500.0,450.0,400.0,350.0,300.0,250.0,200.0,150.0,100.0,50.0,20.0,27.44219970703125,255.06130981445312,487.31732177734375,724.4168090820312,966.53173828125,1466.677978515625,1988.64306640625,2539.595947265625,3120.218017578125,3734.68798828125,4388.888671875,5090.26904296875,5847.962890625,6670.52001953125,7567.5888671875,8557.939453125,9662.265625,10921.01953125,12389.9599609375,14174.509765625,16582.669921875,20683.41015625,26441.830078125
2024-10-09 00:00:00,301.354806759781,996.7058805781251,301.07159423828125,299.42889404296875,297.3751220703125,297.0567932128906,296.58868408203125,294.0557861328125,291.1535949707031,287.62017822265625,282.92938232421875,279.30450439453125,277.110595703125,274.2395935058594,269.1419982910156,262.806396484375,256.30419921875,249.00230407714844,240.6674041748047,230.32960510253906,219.53469848632812,206.35000610351562,200.83140563964844,206.5426025390625,219.44309997558594,1000.0,975.0,950.0,925.0,900.0,850.0,800.0,750.0,700.0,650.0,600.0,550.0,500.0,450.0,400.0,350.0,300.0,250.0,200.0,150.0,100.0,50.0,20.0,59.218597412109375,283.6370849609375,511.73590087890625,745.6683959960938,985.6318359375,1482.56201171875,2004.39208984375,2555.305908203125,3133.993896484375,3746.64306640625,4400.87890625,5104.580078125,5864.06591796875,6684.73583984375,7580.7998046875,8569.7451171875,9673.689453125,10930.986328125,12397.8603515625,14187.0,16596.51953125,20691.830078125,26453.73046875
2024-10-09 03:00:00,299.80334480140345,997.3428434687501,297.9577941894531,296.04510498046875,294.3455810546875,295.12469482421875,295.2581787109375,293.8009033203125,291.7230224609375,287.2496032714844,282.7449035644531,279.0989074707031,275.3901062011719,272.3016052246094,268.09881591796875,262.50860595703125,256.0653991699219,248.01229858398438,240.65109252929688,230.78579711914062,219.09800720214844,207.62640380859375,201.60780334472656,209.3762969970703,220.7259979248047,1000.0,975.0,950.0,925.0,900.0,850.0,800.0,750.0,700.0,650.0,600.0,550.0,500.0,450.0,400.0,350.0,300.0,250.0,200.0,150.0,100.0,50.0,20.0,71.94110107421875,293.98541259765625,519.7708129882812,751.48291015625,990.308349609375,1486.2340087890625,2009.4189453125,2559.152099609375,3139.135986328125,3751.906005859375,4403.0439453125,5102.126953125,5857.9482421875,6677.30419921875,7571.01123046875,8557.732421875,9660.021484375,10918.8623046875,12386.7998046875,14172.490234375,16596.66015625,20693.330078125,26453.400390625
2024-10-09 06:00:00,295.18103215551065,998.1859831171876,294.473388671875,292.9194030761719,291.96868896484375,293.37109375,293.4871826171875,293.13568115234375,290.91351318359375,287.80010986328125,283.52459716796875,279.2301940917969,275.51690673828125,271.6896057128906,267.1702880859375,262.0914001464844,255.580322265625,250.15240478515625,241.6929931640625,230.4541015625,218.06979370117188,208.07850646972656,200.34280395507812,209.4300994873047,220.49549865722656,1000.0,975.0,950.0,925.0,900.0,850.0,800.0,750.0,700.0,650.0,600.0,550.0,500.0,450.0,400.0,350.0,300.0,250.0,200.0,150.0,100.0,50.0,20.0,66.34269714355469,285.5840148925781,510.61309814453125,741.5841064453125,976.71337890625,1472.3089599609375,1993.302001953125,2543.97900390625,3123.06494140625,3737.18701171875,4388.2509765625,5087.0048828125,5839.64404296875,6658.14404296875,7551.2509765625,8540.28125,9650.4609375,10911.2099609375,12375.01953125,14157.75,16565.44140625,20678.689453125,26429.599609375
2024-10-09 09:00:00,293.8463377988282,1001.429488389442,294.1036071777344,292.16790771484375,291.4609069824219,290.481689453125,290.7178039550781,289.9827880859375,288.3710021972656,286.6083984375,283.3283996582031,278.94927978515625,274.4584045410156,270.02838134765625,266.51751708984375,261.8621826171875,256.40020751953125,249.64010620117188,241.1842041015625,230.5341033935547,217.43370056152344,209.16580200195312,200.28500366210938,207.54100036621094,220.13710021972656,1000.0,975.0,950.0,925.0,900.0,850.0,800.0,750.0,700.0,650.0,600.0,550.0,500.0,450.0,400.0,350.0,300.0,250.0,200.0,150.0,100.0,50.0,20.0,89.25520324707031,308.4223937988281,532.4085083007812,761.33740234375,995.466064453125,1484.0980224609375,2002.23291015625,2548.177978515625,3126.659912109375,3739.77099609375,4389.876953125,5085.65185546875,5835.1171875,6651.9912109375,7546.923828125,8537.236328125,9645.4990234375,10904.45703125,12367.73046875,14141.58984375,16566.87890625,20677.5390625,26420.5
2024-10-09 12:00:00,295.42532655649273,1001.8046875,294.3558044433594,292.6658020019531,291.6956787109375,290.955078125,291.1950988769531,290.32427978515625,288.57440185546875,286.18658447265625,282.88092041015625,279.12640380859375,274.69329833984375,270.0426940917969,266.11151123046875,261.99688720703125,256.47149658203125,249.24969482421875,241.2093963623047,230.8802032470703,218.24310302734375,207.4958038330078,202.93069458007812,207.16270446777344,220.27330017089844,1000.0,975.0,950.0,925.0,900.0,850.0,800.0,750.0,700.0,650.0,600.0,550.0,500.0,450.0,400.0,350.0,300.0,250.0,200.0,150.0,100.0,50.0,20.0,100.35488891601562,319.26361083984375,543.9865112304688,772.7056274414062,1007.5989990234375,1496.8580322265625,2013.7119140625,2560.445068359375,3137.819091796875,3750.0849609375,4401.861328125,5098.18896484375,5847.94384765625,6663.39404296875,7558.51904296875,8548.140625,9656.1318359375,10916.9130859375,12382.259765625,14164.2001953125,16588.62890625,20695.8203125,26441.8203125
2024-10-09 15:00:00,302.0027373963364,1002.980513780067,297.10028076171875,294.91180419921875,292.9418029785156,291.43878173828125,291.5391845703125,291.27569580078125,288.8916931152344,285.10821533203125,281.2891845703125,277.7725830078125,273.96820068359375,270.102294921875,266.935302734375,261.02569580078125,255.97479248046875,249.82440185546875,241.50070190429688,231.93499755859375,218.03880310058594,208.15609741210938,202.12620544433594,206.81199645996094,220.3238067626953,1000.0,975.0,950.0,925.0,900.0,850.0,800.0,750.0,700.0,650.0,600.0,550.0,500.0,450.0,400.0,350.0,300.0,250.0,200.0,150.0,100.0,50.0,20.0,97.45584106445312,319.4822998046875,545.3555908203125,775.2183837890625,1009.3134765625,1501.0250244140625,2020.453125,2565.887939453125,3140.1298828125,3749.2119140625,4397.498046875,5094.26220703125,5844.48388671875,6659.26318359375,7551.5830078125,8541.248046875,9651.1640625,10914.4638671875,12384.76953125,14175.75,16593.26953125,20701.970703125,26449.0390625
2024-10-09 18:00:00,298.08533927133647,1000.9124235468751,297.30438232421875,295.3544006347656,293.87530517578125,292.37530517578125,290.58868408203125,289.688720703125,287.6544189453125,284.727783203125,281.3931884765625,278.0787048339844,274.19970703125,269.9647216796875,265.66278076171875,260.94488525390625,256.13861083984375,249.7843017578125,242.41619873046875,231.73289489746094,217.9875030517578,210.18130493164062,200.05079650878906,206.677001953125,219.9049072265625,1000.0,975.0,950.0,925.0,900.0,850.0,800.0,750.0,700.0,650.0,600.0,550.0,500.0,450.0,400.0,350.0,300.0,250.0,200.0,150.0,100.0,50.0,20.0,86.81231689453125,307.91778564453125,534.87109375,765.86376953125,1001.109619140625,1489.1910400390625,2005.10498046875,2549.1669921875,3124.16796875,3733.7900390625,4382.326171875,5077.48095703125,5826.044921875,6639.744140625,7531.43310546875,8520.4990234375,9631.76171875,10898.859375,12367.16015625,14164.6298828125,16590.51953125,20673.33984375,26425.560546875
2024-10-09 21:00:00,299.4877205111271,999.989791123817,297.228515625,295.01861572265625,292.783203125,291.02850341796875,290.3681945800781,288.07318115234375,287.91278076171875,285.3477783203125,282.00048828125,278.88421630859375,275.5122985839844,270.69671630859375,264.8475036621094,259.33380126953125,255.98129272460938,250.02099609375,242.35960388183594,231.07640075683594,220.8975067138672,211.64920043945312,197.8719940185547,208.18370056152344,219.40179443359375,1000.0,975.0,950.0,925.0,900.0,850.0,800.0,750.0,700.0,650.0,600.0,550.0,500.0,450.0,400.0,350.0,300.0,250.0,200.0,150.0,100.0,50.0,20.0,81.87799072265625,303.66070556640625,529.3204956054688,759.0081787109375,992.9691162109375,1480.5679931640625,1996.0400390625,2541.762939453125,3116.490966796875,3727.5810546875,4379.9189453125,5077.22705078125,5824.701171875,6633.47119140625,7523.541015625,8513.248046875,9628.5986328125,10892.01953125,12361.4599609375,14181.349609375,16602.76953125,20668.220703125,26429.439453125
2024-10-10 00:00:00,294.0927789861802,1001.9596647578126,294.5162048339844,293.05621337890625,292.0762023925781,290.80621337890625,290.5162048339844,289.606201171875,287.68121337890625,285.61077880859375,282.010986328125,278.6278076171875,274.6170959472656,270.4412841796875,266.1340026855469,260.1519775390625,254.63510131835938,249.5789031982422,242.8583984375,230.9947052001953,221.24240112304688,209.85890197753906,198.85400390625,206.92120361328125,219.5113983154297,1000.0,975.0,950.0,925.0,900.0,850.0,800.0,750.0,700.0,650.0,600.0,550.0,500.0,450.0,400.0,350.0,300.0,250.0,200.0,150.0,100.0,50.0,20.0,97.58547973632812,315.7640075683594,541.844482421875,769.961669921875,1004.348876953125,1492.822021484375,2009.22314453125,2553.9208984375,3129.697998046875,3739.5,4391.4091796875,5085.125,5833.875,6646.0732421875,7534.23486328125,8517.4169921875,9627.171875,10892.9951171875,12370.5595703125,14182.4599609375,16601.69921875,20685.640625,26436.259765625
2024-10-10 03:00:00,292.4098360174302,1002.5784391718751,292.09552001953125,291.260498046875,291.0151062011719,290.7550964355469,290.330078125,288.9046936035156,286.8547058105469,284.5242919921875,280.9044189453125,277.17938232421875,274.2127990722656,270.939697265625,265.66229248046875,258.9425048828125,253.69830322265625,248.34140014648438,242.37820434570312,232.38999938964844,221.43060302734375,209.10960388183594,199.65440368652344,208.02780151367188,217.89849853515625,1000.0,975.0,950.0,925.0,900.0,850.0,800.0,750.0,700.0,650.0,600.0,550.0,500.0,450.0,400.0,350.0,300.0,250.0,200.0,150.0,100.0,50.0,20.0,108.81314086914062,325.6153869628906,548.3150024414062,777.0751953125,1012.11474609375,1499.9439697265625,2013.77197265625,2557.9599609375,3131.304931640625,3740.73095703125,4388.10302734375,5083.25,5832.6708984375,6641.10107421875,7525.10107421875,8506.7890625,9613.7607421875,10880.6552734375,12364.4599609375,14169.5703125,16590.490234375,20696.580078125,26421.58984375
2024-10-10 06:00:00,292.5251290315458,1001.6342003035045,292.5715026855469,290.60400390625,289.8590087890625,289.46368408203125,289.54901123046875,288.6182861328125,286.55401611328125,284.718994140625,280.5939025878906,276.548583984375,273.83868408203125,270.14501953125,266.0767822265625,259.0733947753906,252.20230102539062,247.9113006591797,241.40370178222656,232.77720642089844,220.9550018310547,210.35440063476562,199.989501953125,206.81460571289062,219.59109497070312,1000.0,975.0,950.0,925.0,900.0,850.0,800.0,750.0,700.0,650.0,600.0,550.0,500.0,450.0,400.0,350.0,300.0,250.0,200.0,150.0,100.0,50.0,20.0,96.56414794921875,313.70050048828125,536.7535400390625,763.8759155273438,999.29052734375,1485.8919677734375,1998.532958984375,2541.56494140625,3115.81298828125,3724.0869140625,4370.009765625,5064.759765625,5815.76611328125,6626.369140625,7506.68994140625,8484.55078125,9588.603515625,10853.96875,12334.2197265625,14145.5498046875,16571.5,20670.939453125,26378.08984375
2024-10-10 09:00:00,291.4835889789593,1002.1761924910045,291.6165771484375,290.14752197265625,289.4033203125,289.1282958984375,289.33831787109375,288.7734069824219,288.33831787109375,285.2432861328125,281.50030517578125,278.2847900390625,273.672119140625,269.4002990722656,265.8612976074219,259.51348876953125,253.02999877929688,247.1269989013672,240.04710388183594,232.0269012451172,220.61900329589844,210.41119384765625,200.518798828125,206.5811004638672,221.19200134277344,1000.0,975.0,950.0,925.0,900.0,850.0,800.0,750.0,700.0,650.0,600.0,550.0,500.0,450.0,400.0,350.0,300.0,250.0,200.0,150.0,100.0,50.0,20.0,90.9012451171875,306.27020263671875,529.5350952148438,756.8847045898438,992.536376953125,1477.60302734375,1994.760986328125,2538.321044921875,3115.135009765625,3724.076904296875,4370.498046875,5067.2412109375,5813.26123046875,6625.6181640625,7508.1728515625,8485.49609375,9583.9541015625,10846.396484375,12322.419921875,14137.8701171875,16571.78125,20662.5,26373.890625
2024-10-10 12:00:00,293.2624643385128,1003.280562608192,292.80841064453125,290.84521484375,289.8533020019531,289.83978271484375,289.9102783203125,289.2362060546875,287.5458068847656,285.4591064453125,281.84552001953125,277.1105041503906,274.490478515625,269.44561767578125,264.96807861328125,259.11749267578125,254.01400756835938,247.66830444335938,240.74429321289062,232.16709899902344,220.7384033203125,211.86180114746094,200.26480102539062,205.518798828125,219.5666961669922,1000.0,975.0,950.0,925.0,900.0,850.0,800.0,750.0,700.0,650.0,600.0,550.0,500.0,450.0,400.0,350.0,300.0,250.0,200.0,150.0,100.0,50.0,20.0,95.21051025390625,312.3493957519531,535.3834228515625,764.5015258789062,997.90234375,1486.489013671875,2001.114990234375,2546.123046875,3122.376953125,3730.93310546875,4379.626953125,5074.67822265625,5821.65185546875,6630.2587890625,7514.01806640625,8494.462890625,9595.693359375,10857.5595703125,12336.76953125,14149.849609375,16587.80859375,20673.560546875,26405.91015625
2024-10-10 15:00:00,294.1638770700474,998.5449644285045,293.4750061035156,292.00018310546875,290.75689697265625,290.2420959472656,289.9501953125,288.76220703125,286.0692138671875,283.36468505859375,280.85968017578125,277.459716796875,273.6047058105469,269.498291015625,265.5928039550781,259.94281005859375,253.8546142578125,248.41400146484375,240.89039611816406,232.51220703125,221.2091064453125,211.89300537109375,200.7677001953125,205.76519775390625,219.31979370117188,1000.0,975.0,950.0,925.0,900.0,850.0,800.0,750.0,700.0,650.0,600.0,550.0,500.0,450.0,400.0,350.0,300.0,250.0,200.0,150.0,100.0,50.0,20.0,87.41879272460938,304.6675109863281,527.8369140625,757.06591796875,990.609619140625,1479.4439697265625,1992.3408203125,2535.652099609375,3108.18408203125,3717.177001953125,4364.66796875,5058.6767578125,5807.6259765625,6619.2080078125,7505.72900390625,8486.568359375,9591.220703125,10854.056640625,12336.830078125,14148.349609375,16588.890625,20675.470703125,26418.869140625
2024-10-10 18:00:00,293.94746726142296,998.0420622187501,292.8876953125,291.423095703125,290.67010498046875,289.655517578125,288.84918212890625,287.41290283203125,285.8453063964844,283.8878173828125,280.7579040527344,278.18280029296875,273.8577880859375,270.82208251953125,266.43048095703125,260.53399658203125,254.4713134765625,249.35519409179688,240.5063934326172,232.75880432128906,220.85670471191406,210.9051971435547,200.59100341796875,206.02259826660156,220.64669799804688,1000.0,975.0,950.0,925.0,900.0,850.0,800.0,750.0,700.0,650.0,600.0,550.0,500.0,450.0,400.0,350.0,300.0,250.0,200.0,150.0,100.0,50.0,20.0,72.53570556640625,290.1129150390625,513.587890625,741.1400756835938,975.0020751953125,1462.51904296875,1974.135986328125,2516.19091796875,3089.528076171875,3697.60888671875,4347.60009765625,5043.52197265625,5795.0771484375,6608.1181640625,7496.875,8481.66796875,9587.6376953125,10849.5595703125,12331.4599609375,14143.3203125,16585.580078125,20659.900390625,26397.740234375
2024-10-10 21:00:00,290.3522275862332,998.6775602656251,291.24578857421875,289.52581787109375,289.27581787109375,288.99578857421875,288.4483947753906,287.50128173828125,285.4266052246094,283.20660400390625,280.31951904296875,277.1024169921875,273.9468994140625,270.934814453125,266.59130859375,261.0946960449219,255.16351318359375,249.7841033935547,241.1685028076172,233.1490020751953,221.28359985351562,211.4199981689453,199.5614013671875,206.66510009765625,218.9716033935547,1000.0,975.0,950.0,925.0,900.0,850.0,800.0,750.0,700.0,650.0,600.0,550.0,500.0,450.0,400.0,350.0,300.0,250.0,200.0,150.0,100.0,50.0,20.0,73.45852661132812,290.4678955078125,512.40771484375,739.4312133789062,972.770751953125,1457.2960205078125,1968.947021484375,2510.09912109375,3081.580078125,3689.89111328125,4338.26611328125,5034.68603515625,5786.376953125,6601.09619140625,7491.21923828125,8479.306640625,9585.7333984375,10852.59765625,12335.599609375,14151.6201171875,16593.4609375,20666.1796875,26380.349609375
2024-10-11 00:00:00,290.707165777048,1001.8888389753795,291.05841064453125,289.58599853515625,288.4533996582031,287.43231201171875,286.7484130859375,286.5498962402344,285.3435974121094,282.61480712890625,280.34991455078125,277.3186950683594,273.32879638671875,271.602294921875,266.398193359375,259.72491455078125,253.644287109375,247.41090393066406,240.49830627441406,233.59500122070312,222.64590454101562,211.9759979248047,198.84979248046875,205.89430236816406,219.47979736328125,1000.0,975.0,950.0,925.0,900.0,850.0,800.0,750.0,700.0,650.0,600.0,550.0,500.0,450.0,400.0,350.0,300.0,250.0,200.0,150.0,100.0,50.0,20.0,92.97653198242188,309.4173889160156,531.7763671875,758.22900390625,989.015380859375,1472.4520263671875,1984.06982421875,2523.23193359375,3094.7919921875,3702.43798828125,4350.134765625,5045.72900390625,5797.005859375,6608.3779296875,7494.0419921875,8472.5322265625,9573.8193359375,10841.0107421875,12329.1201171875,14157.98046875,16591.96875,20664.359375,26417.5
2024-10-11 03:00:00,290.637133497899,999.3101286250001,290.4161071777344,289.1889953613281,288.43389892578125,287.65899658203125,287.7288818359375,288.52178955078125,286.6965026855469,283.71429443359375,279.822998046875,276.79827880859375,273.76220703125,269.57220458984375,265.89190673828125,259.568115234375,252.698486328125,247.32769775390625,241.27699279785156,233.15179443359375,222.90879821777344,212.07809448242188,197.810302734375,206.4600067138672,218.2053985595703,1000.0,975.0,950.0,925.0,900.0,850.0,800.0,750.0,700.0,650.0,600.0,550.0,500.0,450.0,400.0,350.0,300.0,250.0,200.0,150.0,100.0,50.0,20.0,79.76753234863281,296.2737121582031,516.7094116210938,743.2453002929688,976.11962890625,1461.7249755859375,1974.51806640625,2516.882080078125,3089.6220703125,3696.989990234375,4344.02392578125,5037.26416015625,5786.7421875,6597.1572265625,7479.76220703125,8458.27734375,9559.9912109375,10826.9873046875,12314.9599609375,14148.1103515625,16568.7109375,20654.0390625,26405.970703125
2024-10-11 06:00:00,290.25291156054686,1000.95161059375,290.2598876953125,289.03179931640625,287.7774963378906,287.00750732421875,286.4418029785156,286.3668212890625,285.2825012207031,282.6817932128906,279.03131103515625,274.46630859375,271.919677734375,267.985107421875,264.95648193359375,260.8096008300781,255.75848388671875,249.48959350585938,240.79100036621094,231.82769775390625,221.9219970703125,211.0406951904297,199.89720153808594,208.46609497070312,219.58790588378906,1000.0,975.0,950.0,925.0,900.0,850.0,800.0,750.0,700.0,650.0,600.0,550.0,500.0,450.0,400.0,350.0,300.0,250.0,200.0,150.0,100.0,50.0,20.0,75.95303344726562,292.5177917480469,513.0335083007812,739.657470703125,970.60546875,1453.35205078125,1964.321044921875,2503.840087890625,3073.284912109375,3675.60693359375,4318.740234375,5008.1640625,5752.97509765625,6565.0732421875,7457.06201171875,8446.0849609375,9552.4912109375,10813.7939453125,12295.3798828125,14122.7998046875,16548.0,20635.01953125,26365.1796875
2024-10-11 09:00:00,290.2322262713365,1002.529341905067,290.2161865234375,288.74169921875,287.73822021484375,286.9647216796875,285.90130615234375,284.32110595703125,282.86041259765625,280.63470458984375,277.9822998046875,274.6217956542969,273.7622985839844,269.46942138671875,264.193115234375,258.7012023925781,255.74630737304688,249.25379943847656,241.91510009765625,233.88270568847656,222.31619262695312,210.097900390625,199.57240295410156,205.87049865722656,219.93260192871094,1000.0,975.0,950.0,925.0,900.0,850.0,800.0,750.0,700.0,650.0,600.0,550.0,500.0,450.0,400.0,350.0,300.0,250.0,200.0,150.0,100.0,50.0,20.0,83.10751342773438,299.83758544921875,520.5101318359375,746.2794799804688,977.3892822265625,1457.5030517578125,1962.81689453125,2498.738037109375,3065.0859375,3667.239990234375,4311.2958984375,5005.8427734375,5751.216796875,6558.06787109375,7445.52490234375,8433.23828125,9541.45703125,10810.9287109375,12299.5595703125,14122.1396484375,16544.5,20635.849609375,26336.380859375
2024-10-11 12:00:00,295.038212935399,1002.848189561317,292.19549560546875,289.7214050292969,287.96551513671875,286.8164978027344,286.6315002441406,286.1809997558594,283.96331787109375,281.85919189453125,279.45660400390625,275.9266052246094,272.6038818359375,267.577392578125,261.61248779296875,255.12451171875,256.01031494140625,251.10459899902344,243.8820037841797,233.40789794921875,223.21240234375,212.1571044921875,199.09249877929688,204.04539489746094,221.98719787597656,1000.0,975.0,950.0,925.0,900.0,850.0,800.0,750.0,700.0,650.0,600.0,550.0,500.0,450.0,400.0,350.0,300.0,250.0,200.0,150.0,100.0,50.0,20.0,90.6112060546875,308.3326110839844,528.9893798828125,754.7501831054688,985.84619140625,1467.9110107421875,1977.198974609375,2514.06494140625,3082.368896484375,3685.989990234375,4329.3818359375,5019.06689453125,5758.7861328125,6555.1201171875,7435.701171875,8428.2548828125,9545.4228515625,10819.693359375,12309.0498046875,14136.740234375,16562.0,20637.400390625,26366.23046875
2024-10-11 15:00:00,298.8199211556584,1002.9098350691295,294.93731689453125,292.4570007324219,290.45269775390625,288.42730712890625,286.3673095703125,284.27801513671875,283.44268798828125,280.95770263671875,280.43267822265625,277.93267822265625,272.7875061035156,266.95751953125,261.81439208984375,255.6151123046875,256.3153076171875,252.0760040283203,243.34500122070312,232.8079071044922,222.1529998779297,212.55740356445312,197.92630004882812,205.45770263671875,221.2823944091797,1000.0,975.0,950.0,925.0,900.0,850.0,800.0,750.0,700.0,650.0,600.0,550.0,500.0,450.0,400.0,350.0,300.0,250.0,200.0,150.0,100.0,50.0,20.0,92.7152099609375,311.6123046875,534.438720703125,762.3914184570312,993.6580810546875,1474.1259765625,1980.81103515625,2516.10400390625,3084.875,3690.990966796875,4337.77099609375,5025.8779296875,5764.81396484375,6562.81298828125,7441.35302734375,8438.478515625,9556.4638671875,10828.7919921875,12313.23046875,14140.91015625,16556.96875,20636.33984375,26365.76953125
2024-10-11 18:00:00,301.6628332253794,1000.4286588984376,297.6875,294.95751953125,292.70751953125,290.66748046875,288.48248291015625,284.39752197265625,284.68280029296875,281.56781005859375,280.1671142578125,277.9971008300781,273.531982421875,270.2095031738281,264.81939697265625,258.9624938964844,254.8809814453125,248.74949645996094,241.81640625,232.1553955078125,221.23260498046875,210.86590576171875,199.04469299316406,205.243896484375,221.00079345703125,1000.0,975.0,950.0,925.0,900.0,850.0,800.0,750.0,700.0,650.0,600.0,550.0,500.0,450.0,400.0,350.0,300.0,250.0,200.0,150.0,100.0,50.0,20.0,80.95997619628906,302.0419921875,527.057373046875,756.2036743164062,989.683349609375,1471.5450439453125,1978.6728515625,2515.428955078125,3083.65087890625,3690.741943359375,4337.64990234375,5030.1337890625,5777.4921875,6585.1591796875,7470.68994140625,8455.318359375,9562.4912109375,10826.0556640625,12307.490234375,14129.6201171875,16539.51953125,20626.990234375,26361.109375
2024-10-11 21:00:00,298.2107655724135,997.858563061317,297.76568603515625,295.78302001953125,293.77569580078125,291.49298095703125,289.43292236328125,286.3485107421875,282.75799560546875,282.64300537109375,280.74298095703125,279.1929931640625,275.4921875,271.2904968261719,266.4627990722656,260.380615234375,254.20440673828125,247.1042022705078,239.96209716796875,232.029296875,221.64109802246094,210.09410095214844,198.73939514160156,206.71820068359375,219.5637969970703,1000.0,975.0,950.0,925.0,900.0,850.0,800.0,750.0,700.0,650.0,600.0,550.0,500.0,450.0,400.0,350.0,300.0,250.0,200.0,150.0,100.0,50.0,20.0,79.97015380859375,301.11639404296875,527.1987915039062,757.3997802734375,991.9326171875,1475.9219970703125,1984.18115234375,2521.075927734375,3090.4560546875,3699.18505859375,4350.01611328125,5045.884765625,5796.037109375,6608.61376953125,7495.32080078125,8474.4990234375,9574.26953125,10830.9365234375,12312.0400390625,14129.2998046875,16550.83984375,20620.029296875,26356.990234375
2024-10-12 00:00:00,291.716332888524,1003.227339951942,293.2310791015625,294.7611999511719,293.5111999511719,292.4810791015625,291.04608154296875,287.4722900390625,285.51251220703125,284.4111022949219,283.5122985839844,279.3323059082031,275.9794921875,272.1831970214844,266.66741943359375,260.37469482421875,253.572509765625,245.9658966064453,238.656494140625,230.8585968017578,221.33729553222656,209.05039978027344,197.47630310058594,209.03370666503906,220.74119567871094,1000.0,975.0,950.0,925.0,900.0,850.0,800.0,750.0,700.0,650.0,600.0,550.0,500.0,450.0,400.0,350.0,300.0,250.0,200.0,150.0,100.0,50.0,20.0,93.64230346679688,314.2113952636719,538.7077026367188,769.2922973632812,1004.217529296875,1490.9439697265625,2000.8701171875,2541.360107421875,3115.757080078125,3726.4169921875,4376.9287109375,5075.73876953125,5827.2421875,6639.8818359375,7525.89990234375,8501.814453125,9595.5107421875,10845.2548828125,12323.6201171875,14135.26953125,16548.05859375,20628.689453125,26379.830078125
2024-10-12 03:00:00,290.5244776012667,1002.35498046875,292.2476806640625,293.7877197265625,293.0465087890625,292.1514892578125,290.8627014160156,287.68267822265625,286.5065002441406,285.1826171875,282.9364929199219,279.0140075683594,276.42578125,272.1068115234375,266.2962951660156,259.6813049316406,253.66162109375,245.51390075683594,237.22329711914062,230.01499938964844,221.2279052734375,207.8643035888672,197.74009704589844,208.47349548339844,218.68980407714844,1000.0,975.0,950.0,925.0,900.0,850.0,800.0,750.0,700.0,650.0,600.0,550.0,500.0,450.0,400.0,350.0,300.0,250.0,200.0,150.0,100.0,50.0,20.0,105.34649658203125,324.0632019042969,548.6738891601562,778.3485717773438,1013.2996826171875,1499.9620361328125,2010.60595703125,2551.612060546875,3126.277099609375,3735.7548828125,4386.2470703125,5086.09716796875,5836.3359375,6647.63818359375,7531.9091796875,8508.5,9597.2587890625,10842.173828125,12317.3203125,14124.26953125,16530.359375,20626.0703125,26384.470703125
2024-10-12 06:00:00,289.38607475571143,1002.67529296875,291.02008056640625,292.56768798828125,292.34228515625,291.33770751953125,290.06231689453125,287.03729248046875,286.0126953125,285.45928955078125,282.373779296875,278.68951416015625,276.54290771484375,271.789306640625,265.75408935546875,259.54888916015625,253.71649169921875,245.6685028076172,236.3354949951172,229.22000122070312,220.8291015625,208.8251953125,197.98489379882812,208.09170532226562,218.69119262695312,1000.0,975.0,950.0,925.0,900.0,850.0,800.0,750.0,700.0,650.0,600.0,550.0,500.0,450.0,400.0,350.0,300.0,250.0,200.0,150.0,100.0,50.0,20.0,105.59140014648438,323.4736022949219,547.2100219726562,775.9658203125,1010.9736328125,1495.5789794921875,2005.98193359375,2546.032958984375,3119.98388671875,3728.675048828125,4379.85009765625,5078.26220703125,5827.919921875,6638.00390625,7523.4619140625,8499.353515625,9586.748046875,10827.5517578125,12298.759765625,14108.4599609375,16521.8203125,20617.849609375,26357.529296875
2024-10-12 09:00:00,288.9118284665011,1002.273113842567,290.43768310546875,292.25628662109375,292.0563049316406,291.0863037109375,289.8262939453125,287.1098937988281,286.25628662109375,285.3948974609375,282.1248779296875,279.00860595703125,276.8040771484375,271.96209716796875,265.57562255859375,259.41229248046875,253.5845947265625,245.39019775390625,236.3260040283203,229.7978057861328,220.3585968017578,208.43040466308594,198.1522979736328,207.00320434570312,218.88099670410156,1000.0,975.0,950.0,925.0,900.0,850.0,800.0,750.0,700.0,650.0,600.0,550.0,500.0,450.0,400.0,350.0,300.0,250.0,200.0,150.0,100.0,50.0,20.0,115.61210632324219,332.72491455078125,556.60400390625,785.4456787109375,1019.42333984375,1504.720947265625,2014.419921875,2554.800048828125,3128.571044921875,3736.571044921875,4388.5947265625,5087.4609375,5837.6650390625,6647.13720703125,7532.212890625,8507.822265625,9593.923828125,10836.0087890625,12306.75,14112.0498046875,16522.330078125,20613.189453125,26348.560546875
2024-10-12 12:00:00,298.638442681197,1007.2428428816295,294.6199951171875,292.4440002441406,291.0,291.1549987792969,290.27850341796875,288.818115234375,288.11358642578125,285.6325988769531,281.87158203125,279.3900146484375,276.5599060058594,271.617919921875,264.98748779296875,259.4259033203125,252.959716796875,245.0823974609375,236.78829956054688,229.75599670410156,220.59339904785156,207.5561981201172,198.148193359375,207.66749572753906,219.2926025390625,1000.0,975.0,950.0,925.0,900.0,850.0,800.0,750.0,700.0,650.0,600.0,550.0,500.0,450.0,400.0,350.0,300.0,250.0,200.0,150.0,100.0,50.0,20.0,134.3907928466797,352.7051086425781,575.780029296875,804.793212890625,1038.9249267578125,1525.4720458984375,2038.333984375,2580.27490234375,3153.52587890625,3762.0390625,4413.85595703125,5112.13623046875,5860.787109375,6668.77490234375,7552.97119140625,8526.3720703125,9611.7392578125,10857.111328125,12328.5400390625,14128.009765625,16539.0390625,20641.990234375,26365.109375
2024-10-12 15:00:00,306.7343494346595,1006.533736436317,299.6463928222656,297.2164001464844,294.75640869140625,292.5364074707031,290.404296875,287.0543212890625,288.20220947265625,285.5921936035156,281.94720458984375,280.0050964355469,276.3847961425781,271.16168212890625,264.8408203125,259.67828369140625,252.9530029296875,245.55169677734375,236.9154052734375,228.78750610351562,219.58799743652344,208.18699645996094,198.44869995117188,208.44419860839844,219.8220977783203,1000.0,975.0,950.0,925.0,900.0,850.0,800.0,750.0,700.0,650.0,600.0,550.0,500.0,450.0,400.0,350.0,300.0,250.0,200.0,150.0,100.0,50.0,20.0,131.11880493164062,353.38409423828125,579.4315185546875,810.415771484375,1045.56884765625,1530.197998046875,2043.248046875,2585.985107421875,3159.14990234375,3768.506103515625,4421.22900390625,5118.55908203125,5867.0068359375,6675.09912109375,7559.07080078125,8532.337890625,9620.7568359375,10863.478515625,12328.7900390625,14126.330078125,16545.3203125,20637.23046875,26379.869140625
2024-10-12 18:00:00,307.6415765637137,1003.7981657343751,302.1923828125,299.763916015625,297.5523986816406,295.07379150390625,292.93890380859375,288.330322265625,288.72528076171875,285.3468017578125,281.6918029785156,280.3482971191406,276.68890380859375,271.49530029296875,266.30072021484375,260.3594970703125,253.2930908203125,245.58810424804688,236.3520050048828,228.1107940673828,218.8751983642578,208.6575927734375,198.51780700683594,208.22410583496094,219.72740173339844,1000.0,975.0,950.0,925.0,900.0,850.0,800.0,750.0,700.0,650.0,600.0,550.0,500.0,450.0,400.0,350.0,300.0,250.0,200.0,150.0,100.0,50.0,20.0,110.12429809570312,333.98699951171875,562.6292724609375,795.248779296875,1032.018310546875,1520.968017578125,2032.3740234375,2575.56005859375,3148.261962890625,3758.009033203125,4411.6123046875,5110.37890625,5859.89306640625,6672.64697265625,7557.9580078125,8533.0361328125,9620.0146484375,10860.0068359375,12319.990234375,14118.5302734375,16529.9609375,20624.66015625,26377.619140625
2024-10-12 21:00:00,300.93204974174387,1003.4557585078126,300.910400390625,299.2333068847656,297.03192138671875,294.8048095703125,292.5447998046875,288.0712890625,290.09271240234375,286.09918212890625,282.8206787109375,281.0921936035156,277.2055969238281,271.92938232421875,266.7409973144531,260.5369873046875,253.7283935546875,245.7906036376953,236.1613006591797,227.6947021484375,219.18960571289062,208.53460693359375,199.6027069091797,208.2440948486328,221.1761932373047,1000.0,975.0,950.0,925.0,900.0,850.0,800.0,750.0,700.0,650.0,600.0,550.0,500.0,450.0,400.0,350.0,300.0,250.0,200.0,150.0,100.0,50.0,20.0,107.40739440917969,330.86981201171875,559.1134033203125,791.3142700195312,1027.674560546875,1515.751953125,2029.2529296875,2574.486083984375,3149.158935546875,3760.76611328125,4415.326171875,5114.33203125,5865.42919921875,6679.43505859375,7566.35107421875,8542.474609375,9629.720703125,10866.6845703125,12327.740234375,14123.6201171875,16543.1796875,20646.330078125,26380.2890625
2024-10-13 00:00:00,294.26573275256,1003.5836881953126,297.0277099609375,298.6076965332031,296.7742004394531,294.9176940917969,292.794189453125,289.31451416015625,289.9595031738281,286.97772216796875,284.69451904296875,281.59771728515625,277.33160400390625,272.10198974609375,267.25518798828125,260.9425048828125,254.39801025390625,246.0904998779297,236.18589782714844,228.60899353027344,219.1920928955078,208.8231964111328,198.87710571289062,206.3022003173828,223.38800048828125,1000.0,975.0,950.0,925.0,900.0,850.0,800.0,750.0,700.0,650.0,600.0,550.0,500.0,450.0,400.0,350.0,300.0,250.0,200.0,150.0,100.0,50.0,20.0,116.04859924316406,338.42230224609375,566.5706787109375,798.6569213867188,1035.9189453125,1524.77001953125,2039.05908203125,2585.05810546875,3161.98193359375,3776.3740234375,4431.2890625,5131.39794921875,5883.82421875,6698.72802734375,7587.35107421875,8566.193359375,9653.693359375,10890.5380859375,12354.5,14150.9697265625,16564.51953125,20643.0,26409.880859375
2024-10-13 03:00:00,293.04943222626673,1005.758101670692,294.722412109375,297.28558349609375,296.45751953125,294.7305908203125,292.7205810546875,289.485595703125,288.630615234375,286.7606201171875,284.6055908203125,281.68060302734375,277.9252014160156,272.3328857421875,267.30792236328125,261.02020263671875,254.10498046875,245.6134033203125,236.63229370117188,228.82029724121094,218.85879516601562,207.05589294433594,198.03610229492188,208.8076934814453,220.90780639648438,1000.0,975.0,950.0,925.0,900.0,850.0,800.0,750.0,700.0,650.0,600.0,550.0,500.0,450.0,400.0,350.0,300.0,250.0,200.0,150.0,100.0,50.0,20.0,123.53790283203125,345.2232971191406,572.7052001953125,804.1353759765625,1041.74658203125,1531.31298828125,2044.843017578125,2589.12890625,3165.889892578125,3780.656005859375,4436.14306640625,5137.31005859375,5890.2578125,6705.14697265625,7592.35400390625,8569.115234375,9656.5537109375,10895.9833984375,12359.2099609375,14153.669921875,16549.4609375,20635.130859375,26404.060546875
2024-10-13 06:00:00,292.92912692368026,1005.850875108192,293.37841796875,296.1968994140625,295.99560546875,294.7586975097656,293.3746032714844,291.39208984375,288.6654052734375,285.03997802734375,282.75592041015625,279.877197265625,276.37298583984375,271.86700439453125,267.02728271484375,261.0050048828125,253.87408447265625,245.5041961669922,237.0540008544922,228.5135955810547,218.3643035888672,206.7707061767578,198.1407928466797,210.1697998046875,219.63710021972656,1000.0,975.0,950.0,925.0,900.0,850.0,800.0,750.0,700.0,650.0,600.0,550.0,500.0,450.0,400.0,350.0,300.0,250.0,200.0,150.0,100.0,50.0,20.0,121.76840209960938,341.5877990722656,568.180419921875,800.7415161132812,1037.4769287109375,1529.2989501953125,2046.6220703125,2590.177978515625,3164.257080078125,3775.06201171875,4426.5810546875,5125.18017578125,5876.455078125,6691.044921875,7578.64892578125,8554.646484375,9642.4951171875,10883.369140625,12344.25,14133.830078125,16535.12890625,20628.69921875,26380.599609375
2024-10-13 09:00:00,293.2147476968219,1004.264324780067,292.99688720703125,295.5623779296875,295.8486022949219,294.8599853515625,293.60137939453125,291.24420166015625,287.9996032714844,284.4949035644531,281.32489013671875,278.99261474609375,275.87158203125,272.05059814453125,267.4530029296875,260.798583984375,253.27081298828125,245.73680114746094,237.5207977294922,228.6699981689453,218.05470275878906,207.06610107421875,197.79660034179688,209.1320037841797,218.73379516601562,1000.0,975.0,950.0,925.0,900.0,850.0,800.0,750.0,700.0,650.0,600.0,550.0,500.0,450.0,400.0,350.0,300.0,250.0,200.0,150.0,100.0,50.0,20.0,129.67669677734375,348.9529113769531,575.0020141601562,807.0460815429688,1044.2523193359375,1536.083984375,2052.44287109375,2596.6220703125,3170.34912109375,3780.0869140625,4430.6298828125,5128.6240234375,5881.78515625,6696.375,7582.4931640625,8557.779296875,9648.2744140625,10890.5029296875,12347.5595703125,14133.759765625,16537.4609375,20644.220703125,26378.060546875
2024-10-13 12:00:00,297.49204186118027,1008.764693467567,296.5364074707031,294.84912109375,296.38458251953125,295.8948059082031,294.8760986328125,292.25579833984375,288.3760986328125,284.8638000488281,281.9270935058594,277.82208251953125,274.1734924316406,271.02117919921875,267.6309814453125,260.456787109375,253.6439208984375,246.48179626464844,237.75900268554688,227.6842041015625,218.25799560546875,206.97109985351562,199.49169921875,207.74229431152344,219.7028045654297,1000.0,975.0,950.0,925.0,900.0,850.0,800.0,750.0,700.0,650.0,600.0,550.0,500.0,450.0,400.0,350.0,300.0,250.0,200.0,150.0,100.0,50.0,20.0,142.539794921875,363.5669860839844,589.4215698242188,822.2647094726562,1060.3021240234375,1554.85302734375,2073.009033203125,2618.056884765625,3192.77587890625,3802.593994140625,4452.15234375,5147.4921875,5901.4267578125,6715.92919921875,7601.0400390625,8578.984375,9671.9951171875,10912.9072265625,12369.509765625,14156.599609375,16559.48046875,20659.58984375,26402.30078125
2024-10-13 15:00:00,308.8572336499469,1007.6288292097545,302.33929443359375,299.9022216796875,297.6842041015625,295.44281005859375,293.6741943359375,291.930419921875,288.5498962402344,284.78350830078125,281.72808837890625,277.5816955566406,274.533203125,271.78338623046875,267.5819091796875,260.9036865234375,253.96389770507812,246.4228973388672,237.5052032470703,227.5131072998047,218.2633056640625,207.70069885253906,198.7877960205078,207.22109985351562,219.7082977294922,1000.0,975.0,950.0,925.0,900.0,850.0,800.0,750.0,700.0,650.0,600.0,550.0,500.0,450.0,400.0,350.0,300.0,250.0,200.0,150.0,100.0,50.0,20.0,139.90899658203125,363.989501953125,592.8817749023438,825.7617797851562,1062.845947265625,1557.4820556640625,2075.72900390625,2620.883056640625,3196.202880859375,3805.818115234375,4455.14404296875,5152.85888671875,5907.8671875,6722.14892578125,7610.56103515625,8588.337890625,9680.7607421875,10921.2890625,12377.7197265625,14167.7900390625,16569.80859375,20661.509765625,26417.779296875
2024-10-13 18:00:00,311.1269778242187,1004.0796598750001,305.42828369140625,302.98828125,300.7783203125,298.5382995605469,296.143310546875,291.7733154296875,289.9082946777344,286.018310546875,281.84332275390625,278.002197265625,275.66900634765625,272.3870849609375,267.65240478515625,261.58502197265625,253.96249389648438,245.86900329589844,237.13290405273438,227.5467987060547,217.35040283203125,208.18739318847656,198.60459899902344,208.58619689941406,218.68179321289062,1000.0,975.0,950.0,925.0,900.0,850.0,800.0,750.0,700.0,650.0,600.0,550.0,500.0,450.0,400.0,350.0,300.0,250.0,200.0,150.0,100.0,50.0,20.0,116.82699584960938,343.5902099609375,575.17138671875,809.7415161132812,1050.492919921875,1545.45703125,2064.98291015625,2612.387939453125,3188.91796875,3799.05810546875,4449.947265625,5150.01904296875,5905.77099609375,6721.68212890625,7610.48193359375,8587.12109375,9677.705078125,10916.271484375,12373.7001953125,14160.169921875,16565.1796875,20653.619140625,26421.529296875
2024-10-13 21:00:00,305.08950545703124,1003.0691618281251,305.0859069824219,303.15509033203125,300.9351806640625,298.57879638671875,296.8101806640625,293.18878173828125,289.3231201171875,285.80731201171875,282.3822937011719,279.6716003417969,277.31658935546875,274.2485046386719,268.1099853515625,261.69232177734375,253.92108154296875,245.75869750976562,236.45249938964844,227.4394989013672,217.40269470214844,208.70249938964844,199.10940551757812,209.01589965820312,219.43179321289062,1000.0,975.0,950.0,925.0,900.0,850.0,800.0,750.0,700.0,650.0,600.0,550.0,500.0,450.0,400.0,350.0,300.0,250.0,200.0,150.0,100.0,50.0,20.0,110.75311279296875,337.4588623046875,568.98876953125,804.4869995117188,1044.1748046875,1541.97998046875,2062.376953125,2608.615966796875,3185.487060546875,3797.1201171875,4451.0302734375,5154.1337890625,5910.60888671875,6728.82177734375,7617.2998046875,8595.21875,9682.7890625,10919.103515625,12375.26953125,14164.41015625,16580.46875,20671.51953125,26432.630859375
2024-10-14 00:00:00,299.89268327914897,1003.281170483192,300.9768981933594,302.5375061035156,301.0762023925781,299.59619140625,297.5767822265625,293.456787109375,289.96551513671875,286.82537841796875,283.5360107421875,280.07470703125,276.69219970703125,273.8576965332031,268.1123046875,261.77850341796875,254.73129272460938,246.0592041015625,236.3679962158203,227.8625030517578,217.4102020263672,209.1627960205078,198.73089599609375,208.7313995361328,219.0305938720703,1000.0,975.0,950.0,925.0,900.0,850.0,800.0,750.0,700.0,650.0,600.0,550.0,500.0,450.0,400.0,350.0,300.0,250.0,200.0,150.0,100.0,50.0,20.0,120.72308349609375,346.3583984375,577.8023681640625,813.2116088867188,1054.821044921875,1552.4560546875,2073.66796875,2621.722900390625,3199.87109375,3813.091064453125,4466.7880859375,5168.53515625,5924.51123046875,6742.48876953125,7632.7919921875,8611.98046875,9699.7177734375,10937.4462890625,12393.3798828125,14188.0400390625,16605.53125,20691.849609375,26441.439453125
2024-10-14 03:00:00,298.3710581678209,1004.6792692500001,299.4216003417969,301.7315979003906,301.02740478515625,299.4169921875,297.5220031738281,293.6578063964844,290.16778564453125,286.7872009277344,282.87261962890625,278.29241943359375,274.5714111328125,273.10400390625,268.3457946777344,262.3616943359375,255.23300170898438,245.9947967529297,236.3188018798828,227.64329528808594,217.7451934814453,208.4853973388672,197.69580078125,210.27420043945312,218.33309936523438,1000.0,975.0,950.0,925.0,900.0,850.0,800.0,750.0,700.0,650.0,600.0,550.0,500.0,450.0,400.0,350.0,300.0,250.0,200.0,150.0,100.0,50.0,20.0,128.68719482421875,353.0914001464844,584.3010864257812,820.4876708984375,1060.8515625,1558.989990234375,2080.6650390625,2628.673095703125,3206.748046875,3818.488037109375,4468.337890625,5168.48681640625,5924.18310546875,6742.2548828125,7634.73876953125,8614.197265625,9702.5615234375,10938.541015625,12392.2099609375,14185.4404296875,16595.330078125,20690.150390625,26438.25
2024-10-14 06:00:00,298.52451741465404,1004.7132047968751,298.7279968261719,300.55328369140625,300.34271240234375,299.3627014160156,297.726318359375,293.99591064453125,290.26800537109375,286.39801025390625,282.87078857421875,277.77117919921875,274.3605041503906,272.673095703125,267.69921875,261.9224853515625,254.2747802734375,245.64639282226562,235.92739868164062,227.88259887695312,217.60079956054688,209.34609985351562,197.14320373535156,210.22059631347656,219.018798828125,1000.0,975.0,950.0,925.0,900.0,850.0,800.0,750.0,700.0,650.0,600.0,550.0,500.0,450.0,400.0,350.0,300.0,250.0,200.0,150.0,100.0,50.0,20.0,121.16830444335938,344.88848876953125,574.378173828125,810.831787109375,1052.454833984375,1551.0660400390625,2073.14111328125,2620.43798828125,3198.718994140625,3809.89208984375,4457.74609375,5156.5087890625,5910.60888671875,6727.796875,7617.3671875,8595.0380859375,9681.517578125,10917.015625,12370.4501953125,14167.509765625,16576.25,20684.73046875,26420.150390625
2024-10-14 09:00:00,296.80947817095705,1006.8024131941295,298.70867919921875,298.7794189453125,299.32940673828125,298.85009765625,297.60009765625,294.0010070800781,290.15740966796875,286.423095703125,282.64501953125,278.0028991699219,275.0692138671875,271.0621032714844,265.9132995605469,259.78509521484375,253.02169799804688,245.31480407714844,236.67059326171875,228.57249450683594,216.64869689941406,210.52369689941406,198.2602996826172,207.7794952392578,217.04690551757812,1000.0,975.0,950.0,925.0,900.0,850.0,800.0,750.0,700.0,650.0,600.0,550.0,500.0,450.0,400.0,350.0,300.0,250.0,200.0,150.0,100.0,50.0,20.0,131.70501708984375,354.8348083496094,584.7529907226562,819.6203002929688,1060.630126953125,1559.9830322265625,2081.740966796875,2629.152099609375,3206.97607421875,3817.93408203125,4467.486328125,5164.85986328125,5914.4951171875,6725.4990234375,7610.55517578125,8584.853515625,9671.5546875,10911.673828125,12364.099609375,14157.8798828125,16574.21875,20678.509765625,26410.939453125
2024-10-14 12:00:00,300.9090312232477,1005.1179624753795,298.50390625,297.0745849609375,298.615478515625,298.3861999511719,297.37371826171875,294.2680969238281,290.5397033691406,286.17108154296875,281.7620849609375,278.32208251953125,274.62249755859375,271.06109619140625,266.76422119140625,260.5252990722656,253.44540405273438,245.4833984375,238.71209716796875,228.5688934326172,217.49029541015625,208.2259979248047,199.7541961669922,207.36380004882812,219.03089904785156,1000.0,975.0,950.0,925.0,900.0,850.0,800.0,750.0,700.0,650.0,600.0,550.0,500.0,450.0,400.0,350.0,300.0,250.0,200.0,150.0,100.0,50.0,20.0,141.6907958984375,364.4161071777344,592.9273681640625,827.4119873046875,1068.047119140625,1566.68701171875,2088.802978515625,2636.64501953125,3213.48388671875,3823.613037109375,4473.5791015625,5170.06982421875,5921.4677734375,6735.30419921875,7621.7861328125,8596.486328125,9688.859375,10937.9931640625,12392.66015625,14178.580078125,16595.0,20688.279296875,26432.560546875
2024-10-14 15:00:00,310.97602295824487,1004.1778044062501,306.11810302734375,303.69158935546875,301.4818115234375,299.252197265625,297.0018005371094,295.648193359375,291.30340576171875,286.69342041015625,282.6697998046875,279.0140075683594,275.3840026855469,271.6199951171875,266.63720703125,260.2498779296875,252.96551513671875,244.80650329589844,238.41749572753906,230.210205078125,218.44349670410156,206.36849975585938,201.8466033935547,209.99200439453125,220.1136932373047,1000.0,975.0,950.0,925.0,900.0,850.0,800.0,750.0,700.0,650.0,600.0,550.0,500.0,450.0,400.0,350.0,300.0,250.0,200.0,150.0,100.0,50.0,20.0,123.58639526367188,350.843505859375,582.8662109375,818.8572998046875,1059.9896240234375,1559.5880126953125,2083.60205078125,2632.306884765625,3210.431884765625,3822.552001953125,4474.2802734375,5171.81982421875,5923.2509765625,6736.7470703125,7622.51220703125,8594.935546875,9685.2158203125,10936.4716796875,12402.0,14180.4697265625,16594.669921875,20683.55078125,26446.98046875
2024-10-14 18:00:00,314.2863575584459,1000.9624723750001,309.63079833984375,306.95068359375,304.50079345703125,302.03082275390625,299.7781066894531,295.0657043457031,290.22808837890625,285.36541748046875,282.59979248046875,278.86279296875,275.46209716796875,272.20709228515625,267.15679931640625,260.818115234375,252.67379760742188,244.57080078125,237.993896484375,229.6427001953125,218.46730041503906,207.6761932373047,202.33779907226562,209.0092010498047,218.4405059814453,1000.0,975.0,950.0,925.0,900.0,850.0,800.0,750.0,700.0,650.0,600.0,550.0,500.0,450.0,400.0,350.0,300.0,250.0,200.0,150.0,100.0,50.0,20.0,97.28720092773438,327.99371337890625,562.47265625,800.8878173828125,1043.448974609375,1544.844970703125,2067.60205078125,2614.97509765625,3191.18896484375,3803.40087890625,4454.447265625,5154.162109375,5908.0048828125,6721.8701171875,7607.4912109375,8579.0361328125,9667.68359375,10917.4931640625,12378.150390625,14168.0,16579.1796875,20683.48046875,26442.759765625
2024-10-14 21:00:00,307.6661768321791,999.0588804441295,306.98779296875,305.3110046386719,303.10821533203125,300.890380859375,298.63861083984375,294.05181884765625,289.33721923828125,285.23260498046875,282.468017578125,278.8334045410156,275.48980712890625,272.47259521484375,268.28668212890625,261.7200927734375,253.22918701171875,245.02220153808594,239.1378936767578,228.8966064453125,219.0756072998047,208.147705078125,200.8751983642578,209.24710083007812,217.09500122070312,1000.0,975.0,950.0,925.0,900.0,850.0,800.0,750.0,700.0,650.0,600.0,550.0,500.0,450.0,400.0,350.0,300.0,250.0,200.0,150.0,100.0,50.0,20.0,91.03558349609375,321.6333923339844,554.0128173828125,791.2979125976562,1033.742919921875,1532.9129638671875,2055.41796875,2601.52490234375,3177.97607421875,3789.60693359375,4441.11328125,5140.48193359375,5895.9931640625,6713.93115234375,7601.955078125,8575.2529296875,9668.9931640625,10917.8046875,12376.0400390625,14174.23046875,16585.44921875,20689.970703125,26423.529296875
2024-10-15 00:00:00,301.9971630485324,1001.9170622187501,302.13427734375,303.6997985839844,302.49871826171875,300.5142822265625,298.38641357421875,294.1588134765625,290.056396484375,286.69091796875,283.7947998046875,280.73040771484375,277.50299072265625,272.92218017578125,266.9895935058594,260.91168212890625,253.41339111328125,246.29750061035156,237.85350036621094,228.2458038330078,219.1728057861328,211.02420043945312,197.65879821777344,209.25180053710938,217.8397979736328,1000.0,975.0,950.0,925.0,900.0,850.0,800.0,750.0,700.0,650.0,600.0,550.0,500.0,450.0,400.0,350.0,300.0,250.0,200.0,150.0,100.0,50.0,20.0,99.7493896484375,327.2013854980469,559.433837890625,795.6124267578125,1037.95654296875,1536.9940185546875,2059.469970703125,2606.64794921875,3185.778076171875,3799.910888671875,4455.8349609375,5158.416015625,5912.12109375,6726.57080078125,7613.9140625,8590.5068359375,9683.5048828125,10926.130859375,12381.9404296875,14194.0498046875,16603.0390625,20693.44921875,26434.5390625
2024-10-15 03:00:00,298.41514855498326,1002.1514372187501,299.3682861328125,300.93408203125,301.47711181640625,300.49700927734375,298.86199951171875,295.0036926269531,291.3847961425781,287.8898010253906,284.47479248046875,280.25927734375,276.01239013671875,271.83990478515625,266.5885009765625,260.6676940917969,253.8380126953125,246.40179443359375,237.4174041748047,227.3769073486328,218.78720092773438,210.8166046142578,197.24639892578125,210.38980102539062,218.78819274902344,1000.0,975.0,950.0,925.0,900.0,850.0,800.0,750.0,700.0,650.0,600.0,550.0,500.0,450.0,400.0,350.0,300.0,250.0,200.0,150.0,100.0,50.0,20.0,102.1925048828125,326.1758117675781,555.9661865234375,793.7188720703125,1035.648193359375,1535.8819580078125,2058.615966796875,2609.114013671875,3188.64990234375,3803.447021484375,4456.52490234375,5155.9638671875,5906.8720703125,6721.55615234375,7608.1220703125,8586.4580078125,9676.822265625,10917.3828125,12371.26953125,14185.33984375,16587.990234375,20688.48046875,26433.16015625
2024-10-15 06:00:00,297.3154184275865,999.659344311317,297.19940185546875,299.5177001953125,300.5567932128906,299.8291931152344,298.4368896484375,294.46038818359375,290.85540771484375,287.60137939453125,283.5662841796875,279.31390380859375,274.87310791015625,270.76751708984375,266.92578125,260.11370849609375,253.54498291015625,246.05169677734375,237.20509338378906,227.2624053955078,218.3115997314453,210.90499877929688,197.60580444335938,210.00729370117188,218.78469848632812,1000.0,975.0,950.0,925.0,900.0,850.0,800.0,750.0,700.0,650.0,600.0,550.0,500.0,450.0,400.0,350.0,300.0,250.0,200.0,150.0,100.0,50.0,20.0,94.46530151367188,317.3429870605469,547.0025024414062,783.6276245117188,1025.409912109375,1524.363037109375,2046.80810546875,2596.50390625,3175.695068359375,3788.048095703125,4439.23193359375,5135.23876953125,5885.35009765625,6697.5908203125,7584.85693359375,8560.75390625,9651.1015625,10890.470703125,12344.8896484375,14154.7998046875,16566.5390625,20668.890625,26402.560546875
2024-10-15 09:00:00,296.90442637890624,999.8535581785045,296.93988037109375,299.5028076171875,300.551513671875,299.82220458984375,298.44110107421875,294.71978759765625,291.11480712890625,287.2427978515625,282.4714050292969,278.2545166015625,274.07940673828125,270.4956970214844,267.1813049316406,260.48529052734375,253.6400146484375,245.66839599609375,236.96209716796875,227.02830505371094,217.28309631347656,212.36810302734375,197.60940551757812,207.67550659179688,217.6802978515625,1000.0,975.0,950.0,925.0,900.0,850.0,800.0,750.0,700.0,650.0,600.0,550.0,500.0,450.0,400.0,350.0,300.0,250.0,200.0,150.0,100.0,50.0,20.0,96.88540649414062,319.37359619140625,548.6411743164062,784.8635864257812,1027.258544921875,1526.384033203125,2048.9560546875,2598.22900390625,3175.955078125,3786.85107421875,4435.81201171875,5130.8388671875,5881.1630859375,6694.55322265625,7580.880859375,8557.6171875,9645.736328125,10884.2412109375,12334.26953125,14151.5703125,16564.5703125,20680.0390625,26388.9609375
2024-10-15 12:00:00,304.7053626678209,1005.046920030067,302.2506103515625,299.82061767578125,298.87158203125,299.1331787109375,297.8773193359375,294.7778015136719,291.16790771484375,287.2962951660156,283.1365051269531,279.2052001953125,274.82110595703125,271.5328063964844,267.40911865234375,259.9835205078125,254.30999755859375,246.17449951171875,237.4875030517578,227.53269958496094,216.63600158691406,212.09010314941406,197.85279846191406,207.63099670410156,215.76730346679688,1000.0,975.0,950.0,925.0,900.0,850.0,800.0,750.0,700.0,650.0,600.0,550.0,500.0,450.0,400.0,350.0,300.0,250.0,200.0,150.0,100.0,50.0,20.0,101.12451171875,325.8424072265625,555.359375,790.8287963867188,1031.4752197265625,1531.114990234375,2053.218017578125,2603.077880859375,3180.406005859375,3792.7041015625,4442.93505859375,5139.126953125,5892.1259765625,6705.001953125,7592.01806640625,8570.0087890625,9661.353515625,10900.470703125,12354.5,14166.7099609375,16584.0,20683.5,26405.330078125
2024-10-15 15:00:00,313.715921183298,999.527996655067,308.64251708984375,305.4624938964844,303.25811767578125,300.7828063964844,298.6430969238281,294.0430908203125,289.3131103515625,287.8193054199219,283.539306640625,279.16387939453125,274.3621826171875,271.8981018066406,267.14080810546875,259.9949951171875,253.89599609375,246.30909729003906,238.79510498046875,228.731201171875,217.63470458984375,209.12840270996094,198.96800231933594,207.71670532226562,219.32839965820312,1000.0,975.0,950.0,925.0,900.0,850.0,800.0,750.0,700.0,650.0,600.0,550.0,500.0,450.0,400.0,350.0,300.0,250.0,200.0,150.0,100.0,50.0,20.0,91.37869262695312,320.0184020996094,553.461181640625,789.834716796875,1032.393798828125,1530.865966796875,2052.7861328125,2600.446044921875,3179.576904296875,3792.10791015625,4441.986328125,5137.76513671875,5891.4951171875,6704.759765625,7589.2529296875,8566.890625,9661.166015625,10910.00390625,12367.25,14156.650390625,16569.6796875,20676.330078125,26429.55078125
2024-10-15 18:00:00,315.0639100015095,1001.050826280067,310.4462890625,307.7648010253906,305.30999755859375,303.08319091796875,300.5767822265625,295.8403015136719,290.8670959472656,285.7471008300781,283.5921936035156,278.5989990234375,274.1788024902344,271.4580078125,266.32928466796875,260.21441650390625,253.59930419921875,246.6696014404297,238.47000122070312,229.00250244140625,216.27639770507812,210.1627960205078,197.44349670410156,209.7808074951172,217.40769958496094,1000.0,975.0,950.0,925.0,900.0,850.0,800.0,750.0,700.0,650.0,600.0,550.0,500.0,450.0,400.0,350.0,300.0,250.0,200.0,150.0,100.0,50.0,20.0,71.8411865234375,301.53009033203125,536.0045166015625,775.4334716796875,1019.0277099609375,1520.5770263671875,2044.5859375,2593.34912109375,3170.5830078125,3782.97998046875,4432.44189453125,5127.90283203125,5879.8818359375,6692.35302734375,7577.5888671875,8555.263671875,9650.421875,10897.9912109375,12352.4404296875,14140.5302734375,16558.099609375,20667.98046875,26415.73046875
2024-10-15 21:00:00,308.32463969081465,998.5935758906251,308.7147216796875,307.52471923828125,305.064697265625,303.084716796875,300.6965026855469,295.83660888671875,290.7183837890625,285.58837890625,281.2969055175781,277.990478515625,276.156494140625,272.4359130859375,266.21112060546875,259.51068115234375,253.8900146484375,246.90220642089844,238.0500030517578,228.85980224609375,217.2689971923828,210.01339721679688,197.78570556640625,210.22109985351562,218.35769653320312,1000.0,975.0,950.0,925.0,900.0,850.0,800.0,750.0,700.0,650.0,600.0,550.0,500.0,450.0,400.0,350.0,300.0,250.0,200.0,150.0,100.0,50.0,20.0,68.82119750976562,299.0722961425781,534.1304931640625,773.1414794921875,1016.34228515625,1519.137939453125,2042.4580078125,2590.5810546875,3166.262939453125,3774.785888671875,4426.431640625,5126.62109375,5878.7548828125,6688.85009765625,7575.0419921875,8553.564453125,9648.888671875,10895.0126953125,12353.1298828125,14146.240234375,16567.509765625,20682.130859375,26424.5390625
2024-10-16 00:00:00,301.30755783084817,999.706707592567,298.14129638671875,298.71240234375,301.1251220703125,300.5144958496094,299.3825988769531,295.148681640625,290.4107971191406,285.40692138671875,281.8621826171875,281.58258056640625,277.2781066894531,271.38812255859375,265.7406005859375,260.5850830078125,254.127197265625,246.78359985351562,238.3571014404297,228.55850219726562,217.84950256347656,210.68600463867188,197.87869262695312,208.31570434570312,218.40589904785156,1000.0,975.0,950.0,925.0,900.0,850.0,800.0,750.0,700.0,650.0,600.0,550.0,500.0,450.0,400.0,350.0,300.0,250.0,200.0,150.0,100.0,50.0,20.0,93.19232177734375,316.3919982910156,546.40673828125,782.3701782226562,1025.520751953125,1526.199951171875,2049.419921875,2596.416015625,3172.47607421875,3786.260009765625,4442.06689453125,5141.27099609375,5891.4951171875,6702.86083984375,7590.86181640625,8570.8203125,9665.142578125,10909.90625,12367.5302734375,14174.0595703125,16598.05859375,20682.470703125,26417.810546875
2024-10-16 03:00:00,297.92164499865373,1002.4768766718751,296.4580078125,296.2720031738281,299.798095703125,300.04608154296875,298.6510925292969,294.6448974609375,289.8817138671875,286.0966796875,283.39849853515625,280.477783203125,276.147216796875,271.58709716796875,265.6973876953125,260.78759765625,254.6439208984375,246.7584991455078,237.35069274902344,228.047607421875,218.82310485839844,209.8892059326172,197.80850219726562,208.74110412597656,219.4384002685547,1000.0,975.0,950.0,925.0,900.0,850.0,800.0,750.0,700.0,650.0,600.0,550.0,500.0,450.0,400.0,350.0,300.0,250.0,200.0,150.0,100.0,50.0,20.0,99.5469970703125,320.4631042480469,549.217529296875,784.9722900390625,1026.94873046875,1526.425048828125,2048.60791015625,2595.787109375,3173.248046875,3787.154052734375,4440.48388671875,5139.35693359375,5889.60986328125,6701.880859375,7590.9267578125,8571.404296875,9663.048828125,10903.9208984375,12359.8095703125,14168.009765625,16586.150390625,20674.16015625,26412.970703125
2024-10-16 06:00:00,296.1102026089313,999.727459545692,294.8212890625,294.8656005859375,296.3851013183594,298.2543029785156,298.09161376953125,294.43719482421875,289.6477966308594,285.8428039550781,282.61920166015625,279.50909423828125,275.41790771484375,270.91131591796875,265.6976013183594,259.9450988769531,254.27969360351562,246.3220977783203,236.71859741210938,228.14109802246094,220.1248016357422,208.33120727539062,198.57940673828125,208.4416046142578,219.50509643554688,1000.0,975.0,950.0,925.0,900.0,850.0,800.0,750.0,700.0,650.0,600.0,550.0,500.0,450.0,400.0,350.0,300.0,250.0,200.0,150.0,100.0,50.0,20.0,96.8270263671875,317.3125915527344,543.6558837890625,778.04248046875,1018.680419921875,1518.6090087890625,2039.39697265625,2586.386962890625,3162.85791015625,3774.462890625,4425.98291015625,5122.9599609375,5872.125,6682.64697265625,7569.869140625,8548.65234375,9638.4931640625,10876.1982421875,12338.240234375,14144.3203125,16560.94140625,20663.509765625,26398.990234375
2024-10-16 09:00:00,293.74032649428847,1002.7534880000001,293.85821533203125,294.14752197265625,294.9130859375,295.8970947265625,296.857421875,294.19091796875,289.9022216796875,286.2023010253906,281.85760498046875,277.85760498046875,275.1600036621094,270.5421142578125,266.16259765625,259.6994934082031,254.05230712890625,246.3260040283203,236.8184051513672,228.16830444335938,220.68490600585938,209.63900756835938,198.3415985107422,207.38909912109375,217.85560607910156,1000.0,975.0,950.0,925.0,900.0,850.0,800.0,750.0,700.0,650.0,600.0,550.0,500.0,450.0,400.0,350.0,300.0,250.0,200.0,150.0,100.0,50.0,20.0,105.23663330078125,324.2998962402344,550.2426147460938,782.2335205078125,1022.4835205078125,1520.6829833984375,2042.823974609375,2589.7099609375,3165.6708984375,3775.324951171875,4424.361328125,5120.7529296875,5869.294921875,6680.884765625,7566.40478515625,8545.359375,9635.177734375,10873.5498046875,12333.5302734375,14142.23046875,16560.53125,20661.2109375,26386.01953125
2024-10-16 12:00:00,302.2598888013727,1005.5524131941295,297.5216064453125,295.31158447265625,293.32208251953125,294.2998046875,294.506103515625,293.8280944824219,290.02099609375,286.43988037109375,281.57598876953125,277.3323974609375,275.09808349609375,270.5950927734375,265.385009765625,260.33001708984375,254.36810302734375,246.71820068359375,237.21609497070312,228.98399353027344,219.42869567871094,209.04100036621094,197.50360107421875,208.5579071044922,217.09800720214844,1000.0,975.0,950.0,925.0,900.0,850.0,800.0,750.0,700.0,650.0,600.0,550.0,500.0,450.0,400.0,350.0,300.0,250.0,200.0,150.0,100.0,50.0,20.0,121.00531005859375,341.9284973144531,567.7481689453125,798.6535034179688,1036.824951171875,1532.9449462890625,2054.0830078125,2601.5849609375,3178.27587890625,3787.80908203125,4437.0478515625,5132.7841796875,5880.93994140625,6691.8671875,7579.84619140625,8559.251953125,9650.580078125,10893.9736328125,12359.51953125,14166.150390625,16581.4609375,20675.240234375,26417.05078125
2024-10-16 15:00:00,303.62945272153445,1002.9749235468751,298.63092041015625,297.4176025390625,295.66510009765625,293.8948974609375,293.60089111328125,293.41949462890625,289.97589111328125,285.888916015625,281.7689208984375,277.9259033203125,274.8468933105469,270.8148193359375,265.94171142578125,261.00958251953125,253.93328857421875,246.20750427246094,238.1060028076172,229.24490356445312,220.82839965820312,208.39100646972656,198.40980529785156,208.07769775390625,218.9929962158203,1000.0,975.0,950.0,925.0,900.0,850.0,800.0,750.0,700.0,650.0,600.0,550.0,500.0,450.0,400.0,350.0,300.0,250.0,200.0,150.0,100.0,50.0,20.0,115.45751953125,337.83428955078125,565.1212158203125,797.4752807617188,1034.1378173828125,1530.2469482421875,2051.43408203125,2598.027099609375,3174.85888671875,3784.52294921875,4434.0546875,5130.84423828125,5879.2001953125,6692.1259765625,7580.59423828125,8557.681640625,9651.265625,10897.4267578125,12366.9599609375,14173.9697265625,16584.0,20676.650390625,26413.630859375
2024-10-16 18:00:00,312.3309013131222,999.2429899531251,303.56060791015625,300.845703125,298.60150146484375,296.33001708984375,294.2799987792969,293.3485107421875,289.7869873046875,285.9523010253906,281.9447021484375,277.77618408203125,274.9390869140625,271.398681640625,267.1036071777344,261.2825012207031,253.9127197265625,245.71800231933594,238.72650146484375,229.35980224609375,220.3332977294922,208.9008026123047,198.00010681152344,209.4687957763672,219.12939453125,1000.0,975.0,950.0,925.0,900.0,850.0,800.0,750.0,700.0,650.0,600.0,550.0,500.0,450.0,400.0,350.0,300.0,250.0,200.0,150.0,100.0,50.0,20.0,89.89878845214844,315.2215881347656,544.4598999023438,778.7739868164062,1017.38525390625,1513.3609619140625,2034.4208984375,2581.90087890625,3158.10791015625,3767.81396484375,4417.81689453125,5114.294921875,5865.9580078125,6681.89892578125,7569.5078125,8545.765625,9640.259765625,10887.2919921875,12354.0400390625,14162.7197265625,16573.990234375,20665.009765625,26410.029296875
2024-10-16 21:00:00,305.4473364897907,999.5474333125001,303.936279296875,301.71630859375,299.46588134765625,297.3209228515625,295.2709045410156,293.32708740234375,290.63330078125,287.0379943847656,283.031494140625,278.7864990234375,275.6716003417969,271.9967041015625,267.005615234375,260.69989013671875,253.57611083984375,245.61709594726562,238.279296875,229.61920166015625,220.99490356445312,209.964599609375,198.585693359375,207.25340270996094,217.43429565429688,1000.0,975.0,950.0,925.0,900.0,850.0,800.0,750.0,700.0,650.0,600.0,550.0,500.0,450.0,400.0,350.0,300.0,250.0,200.0,150.0,100.0,50.0,20.0,78.29800415039062,304.08660888671875,535.7966918945312,769.5955810546875,1009.698486328125,1505.7149658203125,2026.828125,2576.429931640625,3154.3310546875,3766.44091796875,4417.376953125,5115.88720703125,5867.8828125,6682.98876953125,7569.1337890625,8545.244140625,9635.7490234375,10887.22265625,12358.580078125,14170.509765625,16587.580078125,20677.51953125,26424.6796875
2024-10-17 00:00:00,299.05868524775116,1001.908492295692,299.840087890625,301.11981201171875,299.61981201171875,297.72100830078125,295.9132995605469,293.3441162109375,290.5252990722656,287.17620849609375,283.2846984863281,280.393310546875,277.0549011230469,272.6080017089844,267.6873779296875,261.1409912109375,253.86480712890625,245.80459594726562,238.80250549316406,230.51840209960938,220.39059448242188,209.46600341796875,197.9727020263672,208.81959533691406,217.90289306640625,1000.0,975.0,950.0,925.0,900.0,850.0,800.0,750.0,700.0,650.0,600.0,550.0,500.0,450.0,400.0,350.0,300.0,250.0,200.0,150.0,100.0,50.0,20.0,85.6859130859375,309.7828063964844,539.79248046875,775.8936157226562,1016.324462890625,1511.9949951171875,2033.81494140625,2583.14697265625,3161.822998046875,3773.964111328125,4428.32421875,5129.01318359375,5884.1259765625,6698.998046875,7587.47412109375,8563.60546875,9655.7490234375,10909.19140625,12380.669921875,14188.5,16604.30078125,20680.109375,26431.41015625
2024-10-17 03:00:00,298.61488179296873,999.2992643671876,298.5596923828125,300.84228515625,299.5989074707031,298.0758972167969,296.7789001464844,293.7203063964844,290.53228759765625,286.69769287109375,282.94281005859375,280.6571044921875,277.24560546875,272.4194030761719,267.0552978515625,260.67138671875,253.255615234375,245.57919311523438,239.6627960205078,230.0980987548828,220.3874969482422,210.0417022705078,196.79310607910156,208.4322967529297,218.54800415039062,1000.0,975.0,950.0,925.0,900.0,850.0,800.0,750.0,700.0,650.0,600.0,550.0,500.0,450.0,400.0,350.0,300.0,250.0,200.0,150.0,100.0,50.0,20.0,82.42825317382812,305.74310302734375,536.974609375,772.2778930664062,1011.874755859375,1508.866943359375,2031.9189453125,2579.376953125,3157.072998046875,3769.169921875,4423.96484375,5124.47998046875,5877.615234375,6691.26220703125,7577.8759765625,8551.974609375,9646.412109375,10899.408203125,12373.51953125,14189.33984375,16596.80859375,20688.48046875,26406.599609375
2024-10-17 06:00:00,296.77814709164903,999.3834928828126,297.4461975097656,298.98309326171875,298.99688720703125,297.73150634765625,296.44970703125,293.4064025878906,290.72979736328125,286.914794921875,283.056884765625,279.0610046386719,275.65338134765625,272.6309814453125,267.37188720703125,260.99371337890625,253.45611572265625,244.63609313964844,237.97430419921875,230.13619995117188,219.67230224609375,210.50889587402344,197.04379272460938,210.00990295410156,220.4300994873047,1000.0,975.0,950.0,925.0,900.0,850.0,800.0,750.0,700.0,650.0,600.0,550.0,500.0,450.0,400.0,350.0,300.0,250.0,200.0,150.0,100.0,50.0,20.0,70.6068115234375,294.71929931640625,522.7314453125,758.7932739257812,999.1187744140625,1495.4599609375,2016.73583984375,2565.2958984375,3142.407958984375,3754.200927734375,4404.8720703125,5103.76513671875,5858.02392578125,6673.24609375,7559.7890625,8533.7548828125,9622.5888671875,10871.4384765625,12341.259765625,14162.1796875,16568.0,20649.48046875,26417.890625
2024-10-17 09:00:00,297.1491312695312,999.8269743281251,297.02630615234375,298.80889892578125,299.32720947265625,298.31231689453125,297.018310546875,294.1060791015625,290.6806945800781,286.1051025390625,282.742919921875,279.27728271484375,276.0668029785156,271.28228759765625,265.98309326171875,259.6123046875,252.68649291992188,244.42539978027344,237.4010009765625,230.6011962890625,219.95230102539062,210.87989807128906,196.42430114746094,208.8343963623047,217.81039428710938,1000.0,975.0,950.0,925.0,900.0,850.0,800.0,750.0,700.0,650.0,600.0,550.0,500.0,450.0,400.0,350.0,300.0,250.0,200.0,150.0,100.0,50.0,20.0,76.48660278320312,298.8533935546875,528.1202392578125,763.430908203125,1004.021728515625,1501.9139404296875,2023.751953125,2571.9140625,3149.173095703125,3760.343994140625,4412.244140625,5110.35302734375,5861.11279296875,6672.10986328125,7555.046875,8525.46875,9613.59375,10861.6416015625,12335.26953125,14153.240234375,16566.69921875,20664.849609375,26397.23046875
2024-10-17 12:00:00,305.88180348046876,1002.6949913191295,302.539306640625,299.82818603515625,298.33221435546875,298.694091796875,297.27618408203125,293.836181640625,290.27618408203125,286.81878662109375,283.577392578125,279.4577941894531,275.2117919921875,270.47509765625,265.86041259765625,259.8190002441406,252.4224853515625,245.0751953125,237.5251007080078,230.8054962158203,220.94020080566406,210.5552978515625,197.0146026611328,207.964599609375,220.86439514160156,1000.0,975.0,950.0,925.0,900.0,850.0,800.0,750.0,700.0,650.0,600.0,550.0,500.0,450.0,400.0,350.0,300.0,250.0,200.0,150.0,100.0,50.0,20.0,89.56271362304688,314.68438720703125,543.7177124023438,778.8214111328125,1019.21484375,1517.7679443359375,2039.3720703125,2587.363037109375,3166.051025390625,3778.2490234375,4429.3232421875,5125.0830078125,5874.7158203125,6686.13720703125,7569.01318359375,8540.978515625,9630.2021484375,10878.208984375,12353.4501953125,14168.9599609375,16584.509765625,20685.640625,26419.33984375
2024-10-17 15:00:00,313.82375780619697,997.943768139442,308.4544982910156,305.4744873046875,302.98199462890625,300.7052001953125,298.40521240234375,293.8302001953125,289.75701904296875,286.65838623046875,282.8887023925781,278.65631103515625,275.16229248046875,270.2951965332031,265.0565185546875,259.1168212890625,252.110107421875,245.78770446777344,236.85760498046875,231.22169494628906,221.65699768066406,211.15040588378906,195.4488983154297,206.9575958251953,219.94329833984375,1000.0,975.0,950.0,925.0,900.0,850.0,800.0,750.0,700.0,650.0,600.0,550.0,500.0,450.0,400.0,350.0,300.0,250.0,200.0,150.0,100.0,50.0,20.0,80.28790283203125,309.4565124511719,542.5401000976562,779.7379760742188,1022.2379150390625,1521.10595703125,2042.10498046875,2590.635009765625,3168.51611328125,3779.81591796875,4430.10400390625,5126.5419921875,5874.3349609375,6683.2109375,7565.18212890625,8537.0068359375,9626.2001953125,10876.6015625,12356.2197265625,14180.740234375,16592.78125,20665.470703125,26424.98046875
2024-10-17 18:00:00,315.7071526987751,994.829998608192,311.0126953125,308.5426940917969,306.04638671875,303.7763977050781,301.22119140625,296.5281066894531,291.57989501953125,286.48858642578125,281.48358154296875,278.8870849609375,274.4210205078125,269.897705078125,264.43157958984375,258.9577941894531,252.0509033203125,245.77110290527344,238.25729370117188,231.99620056152344,221.53399658203125,210.04420471191406,196.45730590820312,207.01499938964844,220.9326934814453,1000.0,975.0,950.0,925.0,900.0,850.0,800.0,750.0,700.0,650.0,600.0,550.0,500.0,450.0,400.0,350.0,300.0,250.0,200.0,150.0,100.0,50.0,20.0,52.921356201171875,283.76251220703125,518.524169921875,758.360107421875,1002.5250244140625,1506.6590576171875,2031.91015625,2580.64404296875,3157.7041015625,3767.737060546875,4417.3671875,5112.2080078125,5858.69091796875,6666.89501953125,7548.47216796875,8522.3408203125,9611.2587890625,10867.5791015625,12348.5595703125,14170.990234375,16582.9609375,20661.869140625,26416.05078125
2024-10-17 21:00:00,310.5042762426464,996.735640733192,310.4080810546875,308.6881103515625,306.44818115234375,303.92669677734375,301.62030029296875,296.8085021972656,291.732177734375,286.522216796875,281.88427734375,278.836181640625,275.3583984375,270.58721923828125,265.406982421875,259.58978271484375,253.94839477539062,245.88209533691406,240.89309692382812,232.6573028564453,221.8061981201172,209.68479919433594,196.11000061035156,206.67489624023438,220.73399353027344,1000.0,975.0,950.0,925.0,900.0,850.0,800.0,750.0,700.0,650.0,600.0,550.0,500.0,450.0,400.0,350.0,300.0,250.0,200.0,150.0,100.0,50.0,20.0,39.82347106933594,269.5845947265625,505.2783203125,745.0385131835938,989.121337890625,1493.08203125,2019.169921875,2568.72607421875,3145.576904296875,3755.818115234375,4407.076171875,5104.05712890625,5852.4521484375,6663.0517578125,7548.41015625,8524.341796875,9621.0419921875,10884.1708984375,12369.6201171875,14186.73046875,16582.2109375,20658.619140625,26445.580078125
2024-10-18 00:00:00,301.72316385622344,996.279949780067,303.90460205078125,306.943115234375,305.69598388671875,303.4306945800781,301.1307067871094,296.32269287109375,291.51220703125,286.1842956542969,281.92779541015625,279.36041259765625,275.42901611328125,270.73577880859375,265.7734069824219,258.93438720703125,252.5950927734375,245.8343963623047,240.423095703125,232.7277069091797,221.57179260253906,207.8415985107422,199.14920043945312,206.57879638671875,218.09530639648438,1000.0,975.0,950.0,925.0,900.0,850.0,800.0,750.0,700.0,650.0,600.0,550.0,500.0,450.0,400.0,350.0,300.0,250.0,200.0,150.0,100.0,50.0,20.0,63.52960205078125,291.72918701171875,525.843994140625,765.0244750976562,1009.510986328125,1512.251953125,2037.02685546875,2586.237060546875,3162.64697265625,3773.012939453125,4424.4140625,5121.5078125,5870.68505859375,6680.75,7562.60400390625,8535.939453125,9633.5,10895.5595703125,12379.0,14183.4697265625,16577.51953125,20684.140625,26420.919921875
2024-10-18 03:00:00,295.38523642308866,999.5744108515626,296.20611572265625,294.989990234375,293.25970458984375,291.9998779296875,293.32861328125,294.7899169921875,290.36920166015625,285.6788024902344,281.444091796875,277.01409912109375,272.91058349609375,269.5661926269531,265.3148193359375,259.940185546875,255.71990966796875,249.2624969482422,241.4582061767578,230.23800659179688,220.37570190429688,207.65980529785156,200.84579467773438,210.09609985351562,220.61300659179688,1000.0,975.0,950.0,925.0,900.0,850.0,800.0,750.0,700.0,650.0,600.0,550.0,500.0,450.0,400.0,350.0,300.0,250.0,200.0,150.0,100.0,50.0,20.0,99.36720275878906,320.4873962402344,545.498291015625,775.5505981445312,1011.88037109375,1508.2340087890625,2031.531982421875,2578.095947265625,3153.738037109375,3762.3310546875,4408.02001953125,5100.48291015625,5848.748046875,6659.31689453125,7547.7587890625,8536.6796875,9643.7529296875,10901.759765625,12371.4501953125,14173.7099609375,16569.87890625,20667.509765625,26423.01953125
2024-10-18 06:00:00,294.5170400661105,1000.7193083125001,294.8876953125,294.43768310546875,296.45770263671875,296.205810546875,295.927001953125,293.6528015136719,289.74578857421875,285.0758056640625,281.2344970703125,278.04150390625,274.26129150390625,269.30120849609375,263.72161865234375,258.04827880859375,254.318603515625,248.88580322265625,240.54750061035156,229.05320739746094,220.10369873046875,208.4741973876953,200.82359313964844,209.02020263671875,220.1844024658203,1000.0,975.0,950.0,925.0,900.0,850.0,800.0,750.0,700.0,650.0,600.0,550.0,500.0,450.0,400.0,350.0,300.0,250.0,200.0,150.0,100.0,50.0,20.0,84.05450439453125,304.01348876953125,530.8331909179688,764.6871948242188,1003.7772216796875,1500.5780029296875,2021.201171875,2567.43603515625,3142.1259765625,3751.10009765625,4400.76708984375,5094.35009765625,5839.11279296875,6644.373046875,7529.24609375,8513.845703125,9620.2939453125,10872.3740234375,12340.83984375,14140.830078125,16560.75,20656.890625,26414.490234375
2024-10-18 09:00:00,293.13008081220426,1001.5813688593751,292.8662109375,291.17230224609375,290.9578857421875,292.58258056640625,292.80828857421875,292.8027038574219,289.2908020019531,284.7655944824219,280.33258056640625,277.03167724609375,273.6614074707031,269.2048034667969,264.49468994140625,259.3345947265625,255.377685546875,248.23440551757812,240.20750427246094,229.25270080566406,218.40809631347656,209.80340576171875,200.35350036621094,208.36329650878906,219.5760955810547,1000.0,975.0,950.0,925.0,900.0,850.0,800.0,750.0,700.0,650.0,600.0,550.0,500.0,450.0,400.0,350.0,300.0,250.0,200.0,150.0,100.0,50.0,20.0,100.11410522460938,318.75909423828125,541.2501220703125,770.718505859375,1007.4105224609375,1501.302978515625,2020.8798828125,2566.43310546875,3139.72607421875,3746.784912109375,4393.7919921875,5086.5029296875,5831.12109375,6640.6748046875,7528.5009765625,8513.611328125,9616.7333984375,10869.955078125,12329.490234375,14129.16015625,16559.640625,20664.91015625,26399.560546875
2024-10-18 12:00:00,295.121229341649,1004.852339951942,292.923583984375,291.239013671875,292.02838134765625,291.544921875,290.2803955078125,288.414794921875,288.42938232421875,284.1788024902344,280.3861083984375,276.611083984375,271.99542236328125,268.25018310546875,265.16998291015625,260.6090087890625,254.985107421875,248.24000549316406,239.66799926757812,229.21249389648438,218.3721923828125,210.94830322265625,199.7303009033203,206.97869873046875,219.98109436035156,1000.0,975.0,950.0,925.0,900.0,850.0,800.0,750.0,700.0,650.0,600.0,550.0,500.0,450.0,400.0,350.0,300.0,250.0,200.0,150.0,100.0,50.0,20.0,124.23680114746094,342.44610595703125,565.4495849609375,795.434814453125,1030.5872802734375,1517.291015625,2034.537109375,2578.572021484375,3151.179931640625,3757.60595703125,4402.86328125,5092.11279296875,5838.18701171875,6650.56396484375,7540.0810546875,8524.345703125,9625.75390625,10878.4462890625,12334.5595703125,14138.0,16584.109375,20672.83984375,26413.900390625
2024-10-18 15:00:00,295.55544597413507,1005.121138780067,294.4436950683594,292.2705993652344,290.82598876953125,290.10400390625,289.61187744140625,287.650390625,286.6920166015625,283.9707946777344,280.593994140625,276.13812255859375,272.7481994628906,267.9555969238281,264.40911865234375,260.21160888671875,254.86798095703125,248.32000732421875,240.3144989013672,229.7584991455078,218.88189697265625,212.14669799804688,200.59820556640625,207.2946014404297,218.20970153808594,1000.0,975.0,950.0,925.0,900.0,850.0,800.0,750.0,700.0,650.0,600.0,550.0,500.0,450.0,400.0,350.0,300.0,250.0,200.0,150.0,100.0,50.0,20.0,124.26759338378906,343.456298828125,567.405029296875,795.2708740234375,1029.264404296875,1515.52197265625,2028.0888671875,2570.23193359375,3143.14306640625,3749.407958984375,4394.7861328125,5084.97412109375,5829.125,6640.171875,7529.5009765625,8513.818359375,9617.2265625,10872.19140625,12331.169921875,14142.0,16590.30859375,20674.01953125,26423.48046875
2024-10-18 18:00:00,295.24274557031254,1002.6112760859376,294.6748962402344,292.76177978515625,291.56842041015625,290.59381103515625,289.60211181640625,288.1405944824219,285.94110107421875,281.7178955078125,279.0914001464844,275.98358154296875,272.2340087890625,270.57049560546875,266.65069580078125,260.21929931640625,254.40618896484375,247.69500732421875,239.72760009765625,229.97140502929688,221.37460327148438,211.1558074951172,200.6132049560547,207.56460571289062,220.17379760742188,1000.0,975.0,950.0,925.0,900.0,850.0,800.0,750.0,700.0,650.0,600.0,550.0,500.0,450.0,400.0,350.0,300.0,250.0,200.0,150.0,100.0,50.0,20.0,108.51690673828125,328.51129150390625,552.2542114257812,780.9083251953125,1015.709716796875,1501.5279541015625,2014.64990234375,2553.303955078125,3121.701904296875,3726.595947265625,4370.00390625,5063.384765625,5814.86376953125,6627.296875,7515.32177734375,8497.9970703125,9598.939453125,10850.00390625,12321.490234375,14147.48046875,16583.5,20666.919921875,26415.990234375
2024-10-18 21:00:00,297.5285524944364,1002.4275602656251,296.07281494140625,293.8981018066406,291.9512939453125,290.4812927246094,289.4750061035156,287.14031982421875,284.6770935058594,283.31707763671875,278.68060302734375,276.68609619140625,273.17169189453125,270.8999938964844,267.538818359375,261.78521728515625,254.81649780273438,248.50230407714844,240.24130249023438,230.44459533691406,220.31019592285156,211.39990234375,200.3441925048828,207.0216064453125,217.39739990234375,1000.0,975.0,950.0,925.0,900.0,850.0,800.0,750.0,700.0,650.0,600.0,550.0,500.0,450.0,400.0,350.0,300.0,250.0,200.0,150.0,100.0,50.0,20.0,100.52420043945312,321.1890869140625,545.603515625,774.9650268554688,1009.45458984375,1494.7459716796875,2005.405029296875,2544.6708984375,3114.79296875,3719.669921875,4365.134765625,5058.01220703125,5810.64306640625,6627.39501953125,7517.4267578125,8501.736328125,9604.80078125,10861.23828125,12335.5,14152.419921875,16584.259765625,20667.650390625,26431.580078125
2024-10-19 00:00:00,293.6947021484375,1004.519087998817,294.1331787109375,293.452880859375,292.24761962890625,291.01361083984375,289.01300048828125,286.9082946777344,285.42401123046875,282.5540771484375,279.65411376953125,277.6094970703125,274.54168701171875,270.8999938964844,266.32159423828125,261.5496826171875,255.482421875,248.14869689941406,240.3332061767578,230.87860107421875,220.90750122070312,211.29379272460938,202.1800994873047,207.75770568847656,217.481201171875,1000.0,975.0,950.0,925.0,900.0,850.0,800.0,750.0,700.0,650.0,600.0,550.0,500.0,450.0,400.0,350.0,300.0,250.0,200.0,150.0,100.0,50.0,20.0,111.2279052734375,330.8505859375,555.27001953125,784.6386108398438,1019.1710205078125,1503.593994140625,2014.48486328125,2554.10498046875,3123.718994140625,3730.10498046875,4377.7080078125,5073.09814453125,5822.9921875,6637.1171875,7529.26513671875,8513.2529296875,9616.5,10874.669921875,12347.7001953125,14161.41015625,16595.46875,20681.33984375,26415.73046875
2024-10-19 03:00:00,292.56217613071146,1004.168990342567,293.1629943847656,293.4783935546875,292.52618408203125,291.54840087890625,290.1712951660156,287.19378662109375,286.2244873046875,282.73199462890625,279.7073974609375,276.7178039550781,274.177978515625,270.9078063964844,266.1256103515625,259.194091796875,255.2003173828125,249.08399963378906,240.41419982910156,231.27859497070312,220.00070190429688,211.29319763183594,201.09710693359375,208.70120239257812,217.9075927734375,1000.0,975.0,950.0,925.0,900.0,850.0,800.0,750.0,700.0,650.0,600.0,550.0,500.0,450.0,400.0,350.0,300.0,250.0,200.0,150.0,100.0,50.0,20.0,107.68170166015625,326.9591979980469,552.01123046875,781.0067749023438,1016.163330078125,1502.8189697265625,2014.885009765625,2554.159912109375,3124.35595703125,3729.910888671875,4376.123046875,5071.06103515625,5820.6728515625,6630.369140625,7517.89208984375,8505.798828125,9608.822265625,10865.5234375,12337.76953125,14142.3203125,16582.80859375,20671.439453125,26418.380859375
2024-10-19 06:00:00,293.0678735423772,1001.2345671015626,292.4705810546875,292.7893981933594,292.5845031738281,291.60699462890625,290.3554992675781,287.75701904296875,285.02899169921875,282.65899658203125,279.76422119140625,276.2210998535156,273.5252990722656,270.86688232421875,265.7421875,259.07098388671875,252.1190185546875,247.72120666503906,239.4927978515625,230.71859741210938,219.23049926757812,212.16610717773438,202.32989501953125,208.44659423828125,218.10400390625,1000.0,975.0,950.0,925.0,900.0,850.0,800.0,750.0,700.0,650.0,600.0,550.0,500.0,450.0,400.0,350.0,300.0,250.0,200.0,150.0,100.0,50.0,20.0,95.72709655761719,314.0342102050781,538.1312866210938,768.1801147460938,1003.39697265625,1489.1490478515625,2000.31494140625,2539.68798828125,3109.5,3714.40087890625,4359.8232421875,5054.2041015625,5803.009765625,6613.6171875,7493.5341796875,8469.4267578125,9570.8701171875,10825.3037109375,12294.9404296875,14108.0302734375,16557.859375,20651.98046875,26391.08984375
2024-10-19 09:00:00,292.70830668300215,1003.260054795692,291.7310791015625,291.7944030761719,291.58599853515625,290.85009765625,289.84552001953125,287.48858642578125,285.001708984375,282.62548828125,279.83648681640625,276.3787841796875,272.48199462890625,270.5567932128906,265.5133056640625,259.27581787109375,251.96551513671875,244.93190002441406,238.91259765625,229.35069274902344,221.9947052001953,213.24960327148438,201.7357940673828,205.8227996826172,219.06179809570312,1000.0,975.0,950.0,925.0,900.0,850.0,800.0,750.0,700.0,650.0,600.0,550.0,500.0,450.0,400.0,350.0,300.0,250.0,200.0,150.0,100.0,50.0,20.0,101.77940368652344,319.8482971191406,542.7263793945312,771.5422973632812,1006.555419921875,1491.9580078125,2002.869140625,2542.570068359375,3112.31689453125,3718.319091796875,4362.1708984375,5054.005859375,5802.89404296875,6611.9931640625,7493.55712890625,8463.1875,9556.2578125,10805.49609375,12276.7197265625,14114.0302734375,16556.509765625,20657.5,26387.41015625
2024-10-19 12:00:00,296.0557032041602,1003.195357530067,294.65679931640625,292.4752197265625,290.76788330078125,291.2749938964844,290.3909912109375,287.7799987792969,285.16497802734375,283.1600036621094,280.1228942871094,277.17608642578125,274.1732177734375,270.79681396484375,265.335205078125,259.252197265625,252.7783203125,245.36880493164062,236.60769653320312,228.89649963378906,224.2006072998047,212.98570251464844,200.6707000732422,208.10769653320312,218.52769470214844,1000.0,975.0,950.0,925.0,900.0,850.0,800.0,750.0,700.0,650.0,600.0,550.0,500.0,450.0,400.0,350.0,300.0,250.0,200.0,150.0,100.0,50.0,20.0,111.16969299316406,329.36871337890625,553.3712158203125,781.342529296875,1016.4788818359375,1502.1719970703125,2013.384033203125,2552.416015625,3123.97607421875,3729.7919921875,4376.3779296875,5071.32177734375,5819.0732421875,6628.01708984375,7511.09619140625,8485.14453125,9572.798828125,10813.0615234375,12293.509765625,14137.400390625,16575.669921875,20669.0,26402.990234375
2024-10-19 15:00:00,306.59375921049383,1002.891402451942,300.9757995605469,298.0357971191406,295.56689453125,293.31939697265625,291.2958068847656,287.0386047363281,286.0386047363281,283.63641357421875,280.951416015625,278.2709045410156,275.19329833984375,270.9888000488281,265.80889892578125,260.0430908203125,253.34088134765625,244.88450622558594,236.37010192871094,230.83050537109375,223.29559326171875,212.62510681152344,199.97560119628906,207.21299743652344,218.36839294433594,1000.0,975.0,950.0,925.0,900.0,850.0,800.0,750.0,700.0,650.0,600.0,550.0,500.0,450.0,400.0,350.0,300.0,250.0,200.0,150.0,100.0,50.0,20.0,94.13340759277344,317.68109130859375,544.05126953125,775.4301147460938,1011.007568359375,1497.6689453125,2009.0048828125,2550.306884765625,3121.825927734375,3729.408935546875,4378.4189453125,5074.208984375,5823.26904296875,6634.34912109375,7519.462890625,8493.763671875,9577.2626953125,10822.7138671875,12303.9697265625,14146.1103515625,16574.859375,20666.990234375,26399.560546875
2024-10-19 18:00:00,306.0947517683482,998.9115440535045,302.81048583984375,300.1204833984375,297.6419982910156,295.3919982910156,293.12200927734375,288.60699462890625,284.33868408203125,283.8037109375,281.985107421875,279.7451171875,276.1318054199219,271.6737976074219,266.68060302734375,260.2026062011719,253.18899536132812,245.1136016845703,238.9774932861328,231.125,222.4127960205078,212.2104034423828,199.05709838867188,205.92849731445312,217.37010192871094,1000.0,975.0,950.0,925.0,900.0,850.0,800.0,750.0,700.0,650.0,600.0,550.0,500.0,450.0,400.0,350.0,300.0,250.0,200.0,150.0,100.0,50.0,20.0,67.55419921875,292.7215881347656,520.7235717773438,753.744384765625,990.9871826171875,1480.0250244140625,1990.794921875,2531.60205078125,3103.72998046875,3714.094970703125,4365.7529296875,5063.51806640625,5814.39013671875,6627.62109375,7511.7529296875,8486.5009765625,9574.7587890625,10833.228515625,12312.2197265625,14146.9296875,16575.33984375,20659.4296875,26394.4609375
2024-10-19 21:00:00,301.26189929687496,998.754683701942,301.7008056640625,299.75079345703125,297.53662109375,295.28179931640625,293.01080322265625,288.3765869140625,284.8554992675781,283.94659423828125,282.2515869140625,280.84161376953125,277.17059326171875,272.97308349609375,267.1477966308594,260.6510925292969,253.34552001953125,247.7552947998047,240.8083953857422,231.7006072998047,221.314697265625,211.1519012451172,198.03109741210938,205.1728057861328,217.84500122070312,1000.0,975.0,950.0,925.0,900.0,850.0,800.0,750.0,700.0,650.0,600.0,550.0,500.0,450.0,400.0,350.0,300.0,250.0,200.0,150.0,100.0,50.0,20.0,59.207000732421875,283.2847900390625,512.2128295898438,744.1420288085938,981.3095703125,1471.156005859375,1981.740966796875,2521.3330078125,3093.756103515625,3706.18994140625,4359.9912109375,5060.66015625,5814.81689453125,6628.66796875,7515.09814453125,8490.23828125,9596.9775390625,10856.359375,12336.849609375,14153.75,16579.30859375,20661.529296875,26394.75
2024-10-20 00:00:00,295.291833335346,998.8583213972545,296.5162048339844,298.8118896484375,297.3323059082031,295.3287048339844,293.2944030761719,289.4005126953125,285.985595703125,284.31768798828125,282.227783203125,281.4895935058594,278.465087890625,273.4276123046875,267.41888427734375,260.9627990722656,253.9971923828125,249.83689880371094,240.0500030517578,230.84140014648438,222.84210205078125,209.69590759277344,198.81739807128906,207.34320068359375,218.30690002441406,1000.0,975.0,950.0,925.0,900.0,850.0,800.0,750.0,700.0,650.0,600.0,550.0,500.0,450.0,400.0,350.0,300.0,250.0,200.0,150.0,100.0,50.0,20.0,64.46749877929688,287.5242004394531,514.4470825195312,747.4044799804688,984.5938720703125,1475.593017578125,1988.41796875,2529.39404296875,3102.301025390625,3715.10498046875,4371.0810546875,5074.384765625,5828.81298828125,6642.9267578125,7530.71923828125,8516.310546875,9621.064453125,10876.0048828125,12358.8095703125,14173.7001953125,16596.990234375,20677.98046875,26399.08984375
2024-10-20 03:00:00,292.9761414492187,998.038818359375,294.8843994140625,297.4335021972656,297.202880859375,295.56781005859375,293.66131591796875,289.74981689453125,285.59332275390625,284.2850036621094,282.94580078125,282.4689025878906,279.0783996582031,273.92340087890625,267.4921875,261.07049560546875,257.69219970703125,249.1324005126953,239.9499053955078,229.93179321289062,222.63299560546875,209.3341064453125,198.0341033935547,206.58120727539062,220.11520385742188,1000.0,975.0,950.0,925.0,900.0,850.0,800.0,750.0,700.0,650.0,600.0,550.0,500.0,450.0,400.0,350.0,300.0,250.0,200.0,150.0,100.0,50.0,20.0,62.75379943847656,284.0806884765625,511.28961181640625,744.52099609375,982.00146484375,1473.6109619140625,1987.06689453125,2527.697021484375,3101.31494140625,3715.5048828125,4373.7216796875,5077.828125,5833.0517578125,6648.2490234375,7541.13916015625,8532.740234375,9635.3896484375,10888.05078125,12364.91015625,14179.830078125,16600.98046875,20653.650390625,26397.98046875
2024-10-20 06:00:00,292.50025283954795,998.840865342567,293.6663818359375,295.1990051269531,295.20941162109375,294.2003173828125,293.0289001464844,289.6058044433594,285.9216003417969,284.35040283203125,282.86260986328125,282.54931640625,278.95037841796875,273.1965026855469,267.80419921875,261.93780517578125,257.8294982910156,248.99270629882812,239.6927032470703,230.34959411621094,221.0930938720703,209.1392059326172,197.9355010986328,206.9011993408203,219.4158935546875,1000.0,975.0,950.0,925.0,900.0,850.0,800.0,750.0,700.0,650.0,600.0,550.0,500.0,450.0,400.0,350.0,300.0,250.0,200.0,150.0,100.0,50.0,20.0,57.63819885253906,278.2973937988281,502.843505859375,735.4555053710938,972.34423828125,1462.8599853515625,1976.365966796875,2517.22412109375,3091.219970703125,3705.757080078125,4363.8447265625,5067.6171875,5821.865234375,6639.005859375,7534.8427734375,8524.7861328125,9627.5751953125,10880.5224609375,12351.3203125,14163.7197265625,16585.0,20634.849609375,26380.509765625
2024-10-20 09:00:00,292.4270598631333,997.738525390625,292.86590576171875,294.15667724609375,294.28662109375,293.64459228515625,292.3480224609375,289.41180419921875,286.720703125,284.13970947265625,282.14849853515625,280.7984924316406,278.6348876953125,273.39691162109375,268.40008544921875,263.5986022949219,257.793212890625,248.78810119628906,239.1988067626953,229.83399963378906,221.51939392089844,209.0166015625,198.06129455566406,208.14759826660156,217.6298065185547,1000.0,975.0,950.0,925.0,900.0,850.0,800.0,750.0,700.0,650.0,600.0,550.0,500.0,450.0,400.0,350.0,300.0,250.0,200.0,150.0,100.0,50.0,20.0,63.643798828125,282.82080078125,507.90283203125,739.0579833984375,976.513916015625,1465.1650390625,1979.886962890625,2521.001953125,3095.343994140625,3706.7470703125,4364.27001953125,5066.2861328125,5823.509765625,6642.69384765625,7542.9658203125,8533.23828125,9634.25,10883.9365234375,12355.009765625,14168.5400390625,16591.21875,20649.9609375,26370.9609375
2024-10-20 12:00:00,301.8682287869615,999.8831266718751,298.64599609375,295.67919921875,293.6846008300781,292.16461181640625,291.8645935058594,288.92138671875,286.36138916015625,284.38818359375,282.6431884765625,281.39508056640625,278.79931640625,273.7919006347656,268.88250732421875,265.1506042480469,257.7279968261719,249.05560302734375,239.5175018310547,230.49530029296875,221.36180114746094,208.48150634765625,197.48939514160156,208.37049865722656,217.1457061767578,1000.0,975.0,950.0,925.0,900.0,850.0,800.0,750.0,700.0,650.0,600.0,550.0,500.0,450.0,400.0,350.0,300.0,250.0,200.0,150.0,100.0,50.0,20.0,77.99099731445312,299.5647888183594,525.0504150390625,755.6043701171875,991.484130859375,1481.010986328125,1994.64208984375,2536.7099609375,3111.06298828125,3723.323974609375,4381.1689453125,5084.30712890625,5842.240234375,6664.3828125,7567.1669921875,8558.125,9659.7060546875,10914.3154296875,12386.240234375,14196.01953125,16608.169921875,20676.58984375,26390.140625
2024-10-20 15:00:00,310.4419182295815,997.800048828125,304.3139953613281,301.3419189453125,298.848388671875,296.56988525390625,294.2698059082031,289.95172119140625,285.3748779296875,284.6549072265625,283.51318359375,282.50640869140625,278.92010498046875,274.18328857421875,270.01251220703125,266.04937744140625,257.9270935058594,249.1750946044922,239.85009765625,230.34829711914062,220.8603973388672,207.83059692382812,197.6356964111328,207.25140380859375,219.08290100097656,1000.0,975.0,950.0,925.0,900.0,850.0,800.0,750.0,700.0,650.0,600.0,550.0,500.0,450.0,400.0,350.0,300.0,250.0,200.0,150.0,100.0,50.0,20.0,59.778106689453125,285.83660888671875,515.8287963867188,749.91552734375,988.3035888671875,1480.9320068359375,1994.7060546875,2534.986083984375,3110.6279296875,3725.9189453125,4384.01611328125,5088.01123046875,5847.60693359375,6675.02001953125,7577.85791015625,8569.6591796875,9671.7646484375,10926.5166015625,12396.91015625,14201.2099609375,16610.94140625,20678.01953125,26389.01953125
2024-10-20 18:00:00,307.35121669969305,995.8643278437501,303.8961181640625,301.668212890625,299.418212890625,297.1423034667969,295.09228515625,290.8856201171875,287.06231689453125,284.08428955078125,281.93841552734375,282.8258056640625,279.1378173828125,275.2415771484375,271.6641845703125,266.28350830078125,258.2850036621094,249.46009826660156,240.06289672851562,230.42999267578125,220.16470336914062,207.47799682617188,198.22360229492188,207.36839294433594,219.30909729003906,1000.0,975.0,950.0,925.0,900.0,850.0,800.0,750.0,700.0,650.0,600.0,550.0,500.0,450.0,400.0,350.0,300.0,250.0,200.0,150.0,100.0,50.0,20.0,40.35310363769531,264.64898681640625,494.8843994140625,729.2130737304688,969.880126953125,1463.031982421875,1979.362060546875,2521.23193359375,3094.467041015625,3708.748046875,4368.01806640625,5074.64111328125,5836.43603515625,6667.623046875,7572.11083984375,8564.5830078125,9668.6796875,10923.6689453125,12395.7197265625,14196.66015625,16610.48046875,20669.5390625,26407.560546875
2024-10-20 21:00:00,301.7920239130273,995.6526579218751,300.8734130859375,299.6453857421875,298.4053955078125,296.6253967285156,294.82537841796875,291.0065002441406,287.06158447265625,283.4606018066406,281.20770263671875,281.4617004394531,278.9163818359375,276.17718505859375,273.33709716796875,266.7003173828125,258.79510498046875,249.7657012939453,240.0198974609375,230.50160217285156,220.34800720214844,207.6468963623047,198.59519958496094,207.1385040283203,218.26620483398438,1000.0,975.0,950.0,925.0,900.0,850.0,800.0,750.0,700.0,650.0,600.0,550.0,500.0,450.0,400.0,350.0,300.0,250.0,200.0,150.0,100.0,50.0,20.0,47.608001708984375,271.5199890136719,501.35870361328125,735.280029296875,973.5283203125,1466.8380126953125,1983.27099609375,2525.180908203125,3097.431884765625,3710.740966796875,4368.5146484375,5076.22802734375,5842.48681640625,6675.875,7583.06103515625,8576.0517578125,9679.97265625,10934.75390625,12407.5,14207.8701171875,16623.66015625,20679.51953125,26416.439453125
2024-10-21 00:00:00,299.80015771543526,996.7734800535045,300.0894775390625,299.49749755859375,298.63250732421875,296.98748779296875,295.0625,290.88250732421875,287.8125,284.72772216796875,283.8507080078125,280.6558837890625,278.96331787109375,276.5,273.5480041503906,267.46002197265625,259.0496826171875,249.68479919433594,239.84339904785156,230.30960083007812,219.822998046875,208.49819946289062,197.37770080566406,207.34539794921875,217.55580139160156,1000.0,975.0,950.0,925.0,900.0,850.0,800.0,750.0,700.0,650.0,600.0,550.0,500.0,450.0,400.0,350.0,300.0,250.0,200.0,150.0,100.0,50.0,20.0,57.585906982421875,280.931396484375,510.1746826171875,744.50439453125,984.129150390625,1477.1700439453125,1994.27099609375,2537.802001953125,3114.56201171875,3729.23291015625,4384.3017578125,5093.6611328125,5860.0,6694.69677734375,7602.7470703125,8596.693359375,9701.017578125,10953.7412109375,12424.25,14225.01953125,16639.3203125,20701.98046875,26434.91015625
2024-10-21 03:00:00,297.3836825055636,996.847576733192,297.726806640625,298.64691162109375,298.28192138671875,296.6383972167969,294.973388671875,291.54681396484375,288.1224060058594,286.16839599609375,283.80902099609375,280.62628173828125,277.4945983886719,277.19818115234375,273.23358154296875,267.6723937988281,259.4241943359375,250.1614990234375,239.47039794921875,229.87989807128906,219.30349731445312,209.2830047607422,196.81849670410156,206.10169982910156,217.44329833984375,1000.0,975.0,950.0,925.0,900.0,850.0,800.0,750.0,700.0,650.0,600.0,550.0,500.0,450.0,400.0,350.0,300.0,250.0,200.0,150.0,100.0,50.0,20.0,61.649688720703125,284.25640869140625,512.7708740234375,747.3250732421875,986.1693115234375,1479.5970458984375,1997.998046875,2542.738037109375,3120.6279296875,3734.534912109375,4388.89501953125,5096.61181640625,5864.97119140625,6699.744140625,7608.02880859375,8603.9453125,9708.73046875,10959.673828125,12426.740234375,14229.009765625,16639.509765625,20689.830078125,26419.91015625
2024-10-21 06:00:00,295.350027312959,997.629638671875,296.11328125,296.5234069824219,296.4064025878906,295.64080810546875,293.96649169921875,290.6669006347656,287.6069030761719,285.65557861328125,282.91058349609375,279.76422119140625,277.7681884765625,277.78570556640625,272.923583984375,267.419677734375,259.34881591796875,250.09249877929688,239.25399780273438,229.6208038330078,219.3177947998047,208.69000244140625,198.4676971435547,206.93179321289062,217.8074951171875,1000.0,975.0,950.0,925.0,900.0,850.0,800.0,750.0,700.0,650.0,600.0,550.0,500.0,450.0,400.0,350.0,300.0,250.0,200.0,150.0,100.0,50.0,20.0,62.274810791015625,283.2593078613281,510.14898681640625,744.1060791015625,982.36328125,1474.60400390625,1990.88916015625,2534.555908203125,3111.41796875,3723.177978515625,4377.02734375,5085.62109375,5854.1318359375,6687.8818359375,7595.73193359375,8591.771484375,9695.4345703125,10945.2158203125,12412.009765625,14213.650390625,16616.83984375,20672.080078125,26397.470703125
2024-10-21 09:00:00,294.05746891045203,996.900311108192,294.89111328125,295.92108154296875,295.9224853515625,295.0272216796875,293.4761962890625,290.656005859375,288.0908203125,286.24407958984375,283.119384765625,280.0148010253906,276.2755126953125,276.25439453125,272.1217041015625,267.1477966308594,259.08721923828125,250.16270446777344,239.9875030517578,230.4055938720703,218.93490600585938,207.99850463867188,198.83389282226562,207.19129943847656,219.37359619140625,1000.0,975.0,950.0,925.0,900.0,850.0,800.0,750.0,700.0,650.0,600.0,550.0,500.0,450.0,400.0,350.0,300.0,250.0,200.0,150.0,100.0,50.0,20.0,72.02249145507812,292.7737121582031,519.4365234375,752.1868896484375,989.2371826171875,1481.166015625,1997.2041015625,2542.718017578125,3119.527099609375,3732.40087890625,4385.263671875,5088.4619140625,5856.5087890625,6687.63916015625,7594.5380859375,8590.091796875,9695.580078125,10949.98828125,12419.009765625,14213.9501953125,16621.48046875,20675.859375,26391.4609375
2024-10-21 12:00:00,303.5866674158677,1002.4034874128795,300.4700012207031,297.49578857421875,295.5057067871094,293.4871826171875,293.6853942871094,290.9971008300781,288.7969055175781,286.2095031738281,283.330078125,279.8472900390625,276.2012023925781,275.6047058105469,272.772216796875,266.6986083984375,258.92218017578125,249.8549041748047,239.9333953857422,230.1049041748047,218.7978973388672,208.67669677734375,198.4322967529297,207.15089416503906,219.6909942626953,1000.0,975.0,950.0,925.0,900.0,850.0,800.0,750.0,700.0,650.0,600.0,550.0,500.0,450.0,400.0,350.0,300.0,250.0,200.0,150.0,100.0,50.0,20.0,89.64630126953125,312.26971435546875,539.8016357421875,771.4249877929688,1008.3441162109375,1500.9840087890625,2018.744140625,2563.93994140625,3140.922119140625,3754.131103515625,4407.30810546875,5109.5380859375,5877.89990234375,6708.8701171875,7615.755859375,8609.837890625,9715.005859375,10967.23828125,12435.650390625,14233.0595703125,16646.669921875,20702.48046875,26421.5703125
2024-10-21 15:00:00,311.42711532211774,1000.0088590937501,305.9313049316406,302.71881103515625,300.2266845703125,297.9530029296875,295.6605224609375,291.22052001953125,286.78192138671875,285.6968994140625,282.81689453125,279.39691162109375,276.06732177734375,273.8399963378906,273.127685546875,266.281982421875,258.80108642578125,249.56399536132812,239.94630432128906,230.69760131835938,219.2209014892578,208.7301025390625,198.327392578125,207.14230346679688,219.19509887695312,1000.0,975.0,950.0,925.0,900.0,850.0,800.0,750.0,700.0,650.0,600.0,550.0,500.0,450.0,400.0,350.0,300.0,250.0,200.0,150.0,100.0,50.0,20.0,83.36810302734375,310.784912109375,542.097412109375,776.5006713867188,1017.19384765625,1511.3759765625,2027.64013671875,2571.31591796875,3148.26904296875,3759.886962890625,4412.9970703125,5113.71484375,5879.84619140625,6710.9912109375,7616.7490234375,8610.4990234375,9715.4052734375,10969.7275390625,12440.9697265625,14242.509765625,16655.349609375,20707.509765625,26433.349609375
2024-10-21 18:00:00,311.5877004358425,999.182662217567,307.16650390625,304.71258544921875,302.4761962890625,299.97650146484375,297.6864929199219,293.0264892578125,288.24029541015625,284.5603942871094,281.58538818359375,279.4403991699219,276.21929931640625,273.8522033691406,273.2333984375,267.1083068847656,258.7510986328125,249.97979736328125,240.65350341796875,230.9467010498047,219.07000732421875,208.80409240722656,197.5229034423828,206.0290069580078,217.54139709472656,1000.0,975.0,950.0,925.0,900.0,850.0,800.0,750.0,700.0,650.0,600.0,550.0,500.0,450.0,400.0,350.0,300.0,250.0,200.0,150.0,100.0,50.0,20.0,63.80409240722656,291.34490966796875,523.7473754882812,761.206298828125,1001.9163818359375,1499.968994140625,2018.907958984375,2563.054931640625,3137.208984375,3748.3740234375,4401.6337890625,5103.3818359375,5867.7529296875,6702.0078125,7608.09716796875,8601.7919921875,9708.90625,10966.505859375,12437.7998046875,14236.830078125,16647.009765625,20694.380859375,26438.619140625
2024-10-21 21:00:00,305.61622903980196,999.7060386824107,305.56170654296875,303.60601806640625,301.37109375,299.361083984375,297.0744934082031,292.5380859375,287.74658203125,284.43670654296875,281.715087890625,280.28448486328125,277.0791931152344,274.53997802734375,273.22259521484375,267.18280029296875,258.9727783203125,250.41360473632812,241.15029907226562,230.98269653320312,219.09800720214844,208.35850524902344,196.64210510253906,204.8292999267578,216.5789031982422,1000.0,975.0,950.0,925.0,900.0,850.0,800.0,750.0,700.0,650.0,600.0,550.0,500.0,450.0,400.0,350.0,300.0,250.0,200.0,150.0,100.0,50.0,20.0,66.53010559082031,294.1684875488281,525.6931762695312,763.2432861328125,1003.064208984375,1500.35595703125,2018.5361328125,2561.943115234375,3137.35302734375,3748.868896484375,4403.7900390625,5107.62890625,5872.68994140625,6706.5869140625,7613.5888671875,8608.2568359375,9717.0087890625,10976.0224609375,12447.259765625,14244.919921875,16654.3203125,20693.509765625,26417.970703125
2024-10-22 00:00:00,300.8883138279618,998.6841245847545,302.388916015625,301.42889404296875,299.80908203125,297.79901123046875,296.12890625,292.3306884765625,287.900390625,283.82220458984375,281.83038330078125,282.0504150390625,276.9849853515625,273.6439208984375,272.70611572265625,267.165283203125,258.8403015136719,250.32150268554688,242.2427978515625,230.88099670410156,219.2906951904297,208.56039428710938,197.3802947998047,206.71620178222656,220.25509643554688,1000.0,975.0,950.0,925.0,900.0,850.0,800.0,750.0,700.0,650.0,600.0,550.0,500.0,450.0,400.0,350.0,300.0,250.0,200.0,150.0,100.0,50.0,20.0,88.42439270019531,314.1365051269531,544.7559814453125,779.44189453125,1019.410888671875,1516.094970703125,2034.76513671875,2577.800048828125,3152.989990234375,3765.927001953125,4422.380859375,5125.1171875,5887.9208984375,6722.251953125,7628.94189453125,8624.09765625,9733.9951171875,10996.359375,12467.759765625,14266.48046875,16670.91015625,20714.400390625,26435.9609375
2024-10-22 03:00:00,298.81489149638946,1001.4170327080689,299.9089050292969,301.069580078125,300.20458984375,298.55389404296875,296.62890625,292.32391357421875,288.25390625,284.78961181640625,281.03887939453125,280.94891357421875,277.0540771484375,273.1455993652344,270.8352966308594,266.7203063964844,259.1708984375,250.23350524902344,242.27940368652344,231.00430297851562,218.80430603027344,208.24960327148438,197.0133056640625,208.5959014892578,219.58250427246094,1000.0,975.0,950.0,925.0,900.0,850.0,800.0,750.0,700.0,650.0,600.0,550.0,500.0,450.0,400.0,350.0,300.0,250.0,200.0,150.0,100.0,50.0,20.0,95.80720520019531,321.1886901855469,551.4912109375,786.8693237304688,1027.553955078125,1523.68896484375,2041.89599609375,2587.052001953125,3160.948974609375,3772.35107421875,4427.85302734375,5129.5771484375,5888.85009765625,6721.46484375,7627.548828125,8623.09765625,9734.2255859375,10994.544921875,12466.23046875,14262.1904296875,16667.150390625,20714.3203125,26433.990234375
2024-10-22 06:00:00,296.62165797580775,998.743328686317,297.419189453125,299.4465026855469,299.3197021484375,298.1748046875,296.49041748046875,292.544677734375,289.2247009277344,285.123291015625,281.368896484375,280.539306640625,276.5437927246094,272.27838134765625,268.0946960449219,265.9393005371094,258.7216796875,249.75559997558594,242.08999633789062,230.731201171875,219.2270965576172,209.20359802246094,196.98350524902344,206.9243927001953,218.69810485839844,1000.0,975.0,950.0,925.0,900.0,850.0,800.0,750.0,700.0,650.0,600.0,550.0,500.0,450.0,400.0,350.0,300.0,250.0,200.0,150.0,100.0,50.0,20.0,88.35240173339844,311.3970031738281,541.3607177734375,776.427978515625,1015.791748046875,1512.364990234375,2031.593994140625,2576.833984375,3151.39599609375,3762.77587890625,4416.93896484375,5117.02783203125,5871.5361328125,6694.7412109375,7600.5859375,8594.517578125,9703.7587890625,10965.384765625,12436.009765625,14237.490234375,16638.30078125,20692.529296875,26421.939453125
2024-10-22 09:00:00,295.56079351923546,1001.3964933710938,296.4517822265625,298.7216796875,298.97308349609375,297.94830322265625,296.1387023925781,292.1951904296875,288.48828125,284.63250732421875,280.62200927734375,278.915283203125,275.9169921875,272.72369384765625,268.54730224609375,263.7379150390625,258.4766845703125,249.8217010498047,241.8551025390625,231.28819274902344,220.1573944091797,209.25979614257812,197.7209930419922,207.57749938964844,218.404296875,1000.0,975.0,950.0,925.0,900.0,850.0,800.0,750.0,700.0,650.0,600.0,550.0,500.0,450.0,400.0,350.0,300.0,250.0,200.0,150.0,100.0,50.0,20.0,97.09219360351562,319.4400939941406,548.7103881835938,784.0814208984375,1023.78662109375,1520.02294921875,2038.455078125,2582.407958984375,3155.761962890625,3764.35693359375,4416.1357421875,5115.3837890625,5872.27099609375,6693.708984375,7596.9921875,8589.501953125,9698.880859375,10961.005859375,12434.1904296875,14242.9697265625,16641.37890625,20704.16015625,26414.51953125
2024-10-22 12:00:00,306.0100657911635,1004.2018882917857,302.54888916015625,300.3233947753906,298.322021484375,297.7974853515625,296.37249755859375,292.5465087890625,288.4739074707031,284.3704833984375,280.97711181640625,279.63201904296875,275.87188720703125,272.02410888671875,268.2308044433594,263.6265869140625,258.4884948730469,249.74969482421875,241.5948028564453,232.21249389648438,221.2718048095703,208.6300048828125,197.73480224609375,206.40130615234375,215.41050720214844,1000.0,975.0,950.0,925.0,900.0,850.0,800.0,750.0,700.0,650.0,600.0,550.0,500.0,450.0,400.0,350.0,300.0,250.0,200.0,150.0,100.0,50.0,20.0,109.96829223632812,335.2052001953125,564.3609008789062,798.6232299804688,1039.196044921875,1535.1939697265625,2053.3720703125,2597.06396484375,3171.1279296875,3781.00390625,4432.3330078125,5130.34619140625,5885.6337890625,6706.97998046875,7607.55322265625,8599.732421875,9709.896484375,10974.1923828125,12453.7001953125,14262.9599609375,16656.5,20718.029296875,26438.01953125
2024-10-22 15:00:00,314.24307312890625,1001.6634611445313,308.7189025878906,305.75,303.25,300.9700012207031,298.419677734375,293.84619140625,289.1400146484375,284.1683044433594,279.5299987792969,278.36328125,275.5050048828125,271.8372802734375,268.53399658203125,263.76031494140625,258.2655944824219,251.23199462890625,242.35769653320312,231.50599670410156,220.56199645996094,208.44320678710938,197.6378936767578,205.30819702148438,218.75509643554688,1000.0,975.0,950.0,925.0,900.0,850.0,800.0,750.0,700.0,650.0,600.0,550.0,500.0,450.0,400.0,350.0,300.0,250.0,200.0,150.0,100.0,50.0,20.0,92.21630859375,321.3926086425781,554.4976806640625,791.6884765625,1033.20703125,1532.0770263671875,2053.11083984375,2597.64404296875,3170.55810546875,3777.8330078125,4428.22998046875,5125.740234375,5881.35302734375,6703.89404296875,7604.06884765625,8600.560546875,9714.126953125,10980.2490234375,12454.76953125,14259.76953125,16659.05078125,20716.650390625,26422.0703125
2024-10-22 18:00:00,313.3397961245564,999.7542114257812,309.1925048828125,306.71649169921875,304.20648193359375,301.9309997558594,299.625,294.91949462890625,289.95391845703125,285.08740234375,279.9359130859375,275.815185546875,275.79681396484375,272.81829833984375,268.39910888671875,264.82720947265625,258.53619384765625,250.82640075683594,242.19309997558594,231.76649475097656,220.5218048095703,208.45680236816406,197.42990112304688,205.39959716796875,216.93479919433594,1000.0,975.0,950.0,925.0,900.0,850.0,800.0,750.0,700.0,650.0,600.0,550.0,500.0,450.0,400.0,350.0,300.0,250.0,200.0,150.0,100.0,50.0,20.0,71.50790405273438,300.4020080566406,534.2391967773438,773.1945190429688,1015.486328125,1515.93701171875,2038.64111328125,2584.9560546875,3157.716064453125,3762.592041015625,4412.4580078125,5111.84521484375,5867.90087890625,6691.2421875,7594.35888671875,8590.9990234375,9703.353515625,10970.12890625,12447.5302734375,14254.2099609375,16653.9296875,20700.41015625,26430.19921875
2024-10-22 21:00:00,305.2202019112221,997.9215177851563,306.3174133300781,305.8320007324219,304.0675048828125,302.0360107421875,299.84552001953125,295.25048828125,290.406005859375,285.1505126953125,281.8594970703125,278.2341003417969,276.40008544921875,272.981689453125,268.1116027832031,264.6470947265625,259.35748291015625,251.17779541015625,242.02499389648438,232.04119873046875,220.84210205078125,208.1844940185547,198.12789916992188,205.92999267578125,219.4553985595703,1000.0,975.0,950.0,925.0,900.0,850.0,800.0,750.0,700.0,650.0,600.0,550.0,500.0,450.0,400.0,350.0,300.0,250.0,200.0,150.0,100.0,50.0,20.0,64.85519409179688,292.58221435546875,526.2763671875,764.0869140625,1006.25732421875,1507.5550537109375,2030.18310546875,2576.510009765625,3151.430908203125,3760.714111328125,4413.0,5113.14306640625,5869.25,6691.0087890625,7594.9638671875,8592.6015625,9705.8349609375,10972.751953125,12450.8701171875,14258.6796875,16662.609375,20708.150390625,26422.7890625
2024-10-23 00:00:00,299.75963552704803,1000.08837890625,301.6144104003906,304.36981201171875,302.99072265625,301.19671630859375,299.2528991699219,294.89788818359375,289.9187927246094,285.2838134765625,281.7288818359375,278.7987976074219,276.1273193359375,272.1091003417969,267.58111572265625,263.97589111328125,257.89208984375,251.4315948486328,243.09910583496094,232.95550537109375,220.91510009765625,208.58709716796875,197.96629333496094,207.8791046142578,219.6511993408203,1000.0,975.0,950.0,925.0,900.0,850.0,800.0,750.0,700.0,650.0,600.0,550.0,500.0,450.0,400.0,350.0,300.0,250.0,200.0,150.0,100.0,50.0,20.0,76.88591003417969,303.2098083496094,536.4970092773438,773.9404907226562,1015.7371826171875,1516.3380126953125,2038.3359375,2585.10009765625,3159.52099609375,3770.735107421875,4422.09765625,5121.98291015625,5874.81982421875,6697.076171875,7595.869140625,8593.435546875,9708.7568359375,10978.2470703125,12456.5400390625,14267.919921875,16674.30859375,20719.490234375,26438.099609375
2024-10-23 03:00:00,297.7417592004325,1000.35888671875,299.69439697265625,302.2074890136719,301.69708251953125,300.2794189453125,298.57440185546875,294.59442138671875,289.9739990234375,285.461181640625,281.0352783203125,278.81988525390625,275.1614074707031,271.8748779296875,268.0563049316406,263.0294189453125,256.2412109375,250.87130737304688,243.1968994140625,232.68569946289062,220.97000122070312,208.4553985595703,197.95489501953125,209.48779296875,218.67019653320312,1000.0,975.0,950.0,925.0,900.0,850.0,800.0,750.0,700.0,650.0,600.0,550.0,500.0,450.0,400.0,350.0,300.0,250.0,200.0,150.0,100.0,50.0,20.0,82.55140686035156,307.30841064453125,538.0490112304688,774.9329223632812,1017.1943359375,1516.77001953125,2038.76904296875,2584.60791015625,3160.135986328125,3768.885009765625,4420.638671875,5117.880859375,5872.169921875,6693.0,7587.92919921875,8582.3701171875,9697.9208984375,10967.7470703125,12445.25,14257.990234375,16653.140625,20718.919921875,26438.5703125
2024-10-23 06:00:00,296.7058429242718,999.0351042109376,297.82440185546875,299.7138977050781,299.943603515625,299.15447998046875,297.5744934082031,293.84307861328125,289.7330017089844,285.4630126953125,281.90802001953125,278.20550537109375,274.3825988769531,271.4165954589844,267.1790771484375,262.8320007324219,257.0057067871094,251.8022003173828,243.5771942138672,232.5225067138672,220.8446044921875,208.47889709472656,197.4019012451172,207.41259765625,216.98190307617188,1000.0,975.0,950.0,925.0,900.0,850.0,800.0,750.0,700.0,650.0,600.0,550.0,500.0,450.0,400.0,350.0,300.0,250.0,200.0,150.0,100.0,50.0,20.0,72.81739807128906,295.5610046386719,525.3034057617188,761.1865844726562,1002.4561767578125,1501.029052734375,2022.01708984375,2567.85205078125,3143.406982421875,3752.951904296875,4402.8056640625,5099.865234375,5852.630859375,6670.89013671875,7567.544921875,8561.2099609375,9680.5869140625,10951.2333984375,12428.2998046875,14238.2900390625,16633.69140625,20697.91015625,26403.869140625
2024-10-23 09:00:00,295.56283380888954,999.4932045830689,296.4302062988281,297.4389953613281,298.17291259765625,297.88458251953125,296.8153991699219,293.32708740234375,289.46002197265625,285.45001220703125,281.8919982910156,278.2183837890625,274.2410888671875,271.37249755859375,267.36981201171875,264.15399169921875,257.6499938964844,252.54469299316406,242.8489990234375,232.5778045654297,220.4927978515625,207.7404022216797,197.3657989501953,205.2353057861328,217.7187042236328,1000.0,975.0,950.0,925.0,900.0,850.0,800.0,750.0,700.0,650.0,600.0,550.0,500.0,450.0,400.0,350.0,300.0,250.0,200.0,150.0,100.0,50.0,20.0,72.48089599609375,294.2268981933594,522.9478149414062,757.81982421875,998.0753173828125,1494.6180419921875,2015.5830078125,2561.39501953125,3136.889892578125,3747.368896484375,4395.7646484375,5092.80078125,5846.125,6667.84423828125,7568.15185546875,8565.478515625,9682.708984375,10951.91015625,12428.8896484375,14235.4599609375,16631.46875,20699.609375,26403.849609375
2024-10-23 12:00:00,306.10781477959256,997.7099424558482,303.0108947753906,300.2734069824219,298.26318359375,298.22308349609375,296.7781982421875,293.1630859375,289.0557861328125,285.6680908203125,281.98822021484375,278.7366943359375,275.185791015625,272.127685546875,268.5621032714844,264.17901611328125,257.6553039550781,252.2957000732422,242.57449340820312,232.28619384765625,220.63929748535156,208.49310302734375,196.15859985351562,205.46510314941406,215.20179748535156,1000.0,975.0,950.0,925.0,900.0,850.0,800.0,750.0,700.0,650.0,600.0,550.0,500.0,450.0,400.0,350.0,300.0,250.0,200.0,150.0,100.0,50.0,20.0,72.17379760742188,297.783203125,526.3763427734375,761.1209716796875,1001.24462890625,1498.501953125,2018.18994140625,2563.678955078125,3139.868896484375,3750.0830078125,4400.638671875,5099.31005859375,5854.51123046875,6677.35986328125,7578.673828125,8576.8740234375,9694.18359375,10959.4501953125,12439.009765625,14245.2001953125,16643.0390625,20704.599609375,26420.630859375
2024-10-23 15:00:00,313.61589638627515,996.9802946406251,308.3611145019531,305.364013671875,302.85400390625,300.56732177734375,298.2440185546875,293.6423034667969,288.9002990722656,284.89398193359375,283.3419189453125,279.02618408203125,275.48858642578125,272.7637939453125,268.26580810546875,264.30340576171875,258.92608642578125,251.5059051513672,242.5948944091797,232.68499755859375,220.52549743652344,208.49679565429688,196.72259521484375,207.39480590820312,217.22509765625,1000.0,975.0,950.0,925.0,900.0,850.0,800.0,750.0,700.0,650.0,600.0,550.0,500.0,450.0,400.0,350.0,300.0,250.0,200.0,150.0,100.0,50.0,20.0,48.98590087890625,277.49420166015625,511.96209716796875,748.5839233398438,989.564697265625,1489.5670166015625,2009.98486328125,2555.2109375,3132.094970703125,3744.4140625,4396.3623046875,5095.9580078125,5852.22998046875,6674.02880859375,7575.47216796875,8573.736328125,9689.7421875,10958.8134765625,12439.26953125,14244.1396484375,16640.46875,20704.94921875,26414.55078125
2024-10-23 18:00:00,314.96893070703123,990.9794421813732,311.05059814453125,308.31060791015625,306.04351806640625,303.50347900390625,301.190185546875,296.4664001464844,291.60308837890625,286.4696960449219,281.42230224609375,278.7191162109375,276.4638977050781,272.76849365234375,269.14471435546875,265.42041015625,258.97039794921875,251.8907012939453,242.9770965576172,232.3863983154297,221.20970153808594,208.24119567871094,197.38189697265625,206.63650512695312,220.08529663085938,1000.0,975.0,950.0,925.0,900.0,850.0,800.0,750.0,700.0,650.0,600.0,550.0,500.0,450.0,400.0,350.0,300.0,250.0,200.0,150.0,100.0,50.0,20.0,13.83929443359375,242.0924072265625,476.34088134765625,716.7075805664062,961.4520263671875,1464.9429931640625,1988.823974609375,2539.47412109375,3115.782958984375,3723.947998046875,4377.3291015625,5078.3828125,5834.744140625,6661.23193359375,7565.5322265625,8562.654296875,9679.103515625,10948.58203125,12430.0498046875,14233.919921875,16635.240234375,20705.66015625,26409.630859375
2024-10-23 21:00:00,309.71590754086776,992.706343858192,309.8739929199219,307.89678955078125,305.6268005371094,303.3428955078125,301.02679443359375,296.30230712890625,291.19677734375,286.06732177734375,282.64068603515625,279.3472900390625,277.49359130859375,273.98028564453125,270.8825988769531,265.8043212890625,259.23321533203125,251.5074005126953,242.981201171875,232.63710021972656,221.4340057373047,208.06570434570312,197.39810180664062,207.0699005126953,221.28909301757812,1000.0,975.0,950.0,925.0,900.0,850.0,800.0,750.0,700.0,650.0,600.0,550.0,500.0,450.0,400.0,350.0,300.0,250.0,200.0,150.0,100.0,50.0,20.0,0.0,225.68130493164062,461.7960205078125,700.0411987304688,944.657958984375,1447.8759765625,1973.4599609375,2521.802978515625,3099.803955078125,3711.97607421875,4368.380859375,5071.93505859375,5833.1201171875,6660.59716796875,7565.7529296875,8565.1484375,9680.7578125,10949.728515625,12432.4697265625,14238.509765625,16639.75,20699.9296875,26412.94921875
2024-10-24 00:00:00,304.00698906085796,993.479048936317,304.43658447265625,306.83477783203125,305.83160400390625,303.6798095703125,301.4915771484375,297.0415954589844,292.32208251953125,287.59197998046875,283.0670166015625,279.897705078125,278.1522216796875,274.4255065917969,270.5249938964844,266.2669982910156,259.17108154296875,251.326904296875,242.90499877929688,232.6156005859375,221.93760681152344,207.72349548339844,197.552001953125,208.26939392089844,218.68479919433594,1000.0,975.0,950.0,925.0,900.0,850.0,800.0,750.0,700.0,650.0,600.0,550.0,500.0,450.0,400.0,350.0,300.0,250.0,200.0,150.0,100.0,50.0,20.0,4.6114959716796875,229.49371337890625,464.3314208984375,705.2645263671875,948.541015625,1452.989013671875,1979.68896484375,2530.98388671875,3109.758056640625,3722.89306640625,4380.14697265625,5085.14794921875,5846.10107421875,6672.89404296875,7580.259765625,8578.96484375,9693.7255859375,10961.7392578125,12446.900390625,14249.0400390625,16645.30859375,20702.4296875,26435.48046875
2024-10-24 03:00:00,301.7338386909626,993.793990342567,301.9140930175781,304.06060791015625,304.68560791015625,303.39459228515625,301.4606018066406,297.0006103515625,292.15960693359375,287.16961669921875,282.7705993652344,279.94207763671875,278.07940673828125,274.2980041503906,269.455078125,264.67529296875,258.5415954589844,250.8134002685547,242.4779052734375,232.72799682617188,221.43499755859375,206.5352020263672,197.87730407714844,206.70069885253906,218.05670166015625,1000.0,975.0,950.0,925.0,900.0,850.0,800.0,750.0,700.0,650.0,600.0,550.0,500.0,450.0,400.0,350.0,300.0,250.0,200.0,150.0,100.0,50.0,20.0,10.229995727539062,235.37490844726562,468.4630126953125,709.6864013671875,951.23291015625,1456.262939453125,1981.5390625,2533.486083984375,3110.9169921875,3724.180908203125,4380.9111328125,5085.466796875,5844.55078125,6667.6572265625,7570.84716796875,8566.759765625,9679.6318359375,10946.73046875,12430.0302734375,14231.0,16628.16015625,20702.490234375,26435.48046875
2024-10-24 06:00:00,302.2173729926311,993.9847862410045,302.8406982421875,302.8580017089844,303.9730224609375,303.1929931640625,301.25689697265625,296.79022216796875,292.19219970703125,287.45098876953125,282.16522216796875,278.20721435546875,275.72998046875,273.635498046875,270.09100341796875,263.78009033203125,257.3601989746094,250.32130432128906,241.64410400390625,233.2346954345703,221.69479370117188,207.1273956298828,197.93460083007812,207.2738037109375,217.17300415039062,1000.0,975.0,950.0,925.0,900.0,850.0,800.0,750.0,700.0,650.0,600.0,550.0,500.0,450.0,400.0,350.0,300.0,250.0,200.0,150.0,100.0,50.0,20.0,5.1024017333984375,226.45880126953125,459.78167724609375,701.2144775390625,943.013916015625,1448.5240478515625,1974.31689453125,2526.7900390625,3104.783935546875,3714.493896484375,4364.630859375,5068.55517578125,5828.080078125,6649.59619140625,7548.68505859375,8540.31640625,9651.234375,10917.537109375,12403.900390625,14207.66015625,16600.349609375,20688.0,26397.51953125
2024-10-24 09:00:00,299.59260647502236,991.7837614375001,301.9768981933594,301.5010986328125,302.3659973144531,301.71112060546875,300.0242919921875,295.8201904296875,291.60321044921875,287.1165771484375,282.83160400390625,279.1759948730469,276.3319091796875,271.95220947265625,268.9837951660156,263.444580078125,256.706787109375,250.8791961669922,242.63710021972656,232.9438934326172,221.7657012939453,207.29800415039062,198.0980987548828,204.8144989013672,217.2270965576172,1000.0,975.0,950.0,925.0,900.0,850.0,800.0,750.0,700.0,650.0,600.0,550.0,500.0,450.0,400.0,350.0,300.0,250.0,200.0,150.0,100.0,50.0,20.0,8.531997680664062,229.63888549804688,462.68328857421875,699.8380126953125,941.3502197265625,1446.258056640625,1971.447998046875,2519.26806640625,3100.572021484375,3710.162109375,4361.85302734375,5063.0859375,5819.5810546875,6641.4521484375,7537.52099609375,8530.8203125,9644.4462890625,10910.708984375,12398.41015625,14205.4501953125,16599.849609375,20686.41015625,26379.029296875
2024-10-24 12:00:00,309.31387051816955,995.079146592567,305.52899169921875,303.3125,301.0625,299.2825012207031,297.977783203125,295.0325012207031,290.9525146484375,286.85748291015625,283.4619140625,279.9910888671875,275.3298034667969,274.3627014160156,269.1168212890625,263.1492004394531,257.08477783203125,250.13589477539062,241.7075958251953,231.85740661621094,223.23150634765625,208.4633026123047,197.8083038330078,205.51280212402344,219.0625,1000.0,975.0,950.0,925.0,900.0,850.0,800.0,750.0,700.0,650.0,600.0,550.0,500.0,450.0,400.0,350.0,300.0,250.0,200.0,150.0,100.0,50.0,20.0,17.886703491210938,244.08340454101562,476.2288818359375,712.4609985351562,953.020263671875,1453.9739990234375,1977.10205078125,2526.764892578125,3105.81298828125,3720.304931640625,4372.60791015625,5074.40087890625,5831.6240234375,6652.56494140625,7549.09423828125,8539.9921875,9650.701171875,10913.9814453125,12397.26953125,14212.66015625,16607.890625,20690.44921875,26413.94921875
2024-10-24 15:00:00,309.5918177142828,992.6543669062501,305.6412048339844,303.9093017578125,301.9136962890625,299.6392822265625,297.4580993652344,293.25811767578125,289.04931640625,286.3131103515625,283.048095703125,281.29132080078125,277.8034973144531,273.28350830078125,267.78118896484375,261.6228942871094,255.67950439453125,250.12469482421875,241.3072052001953,231.21539306640625,223.8240966796875,209.21490478515625,198.9333953857422,206.54029846191406,218.80859375,1000.0,975.0,950.0,925.0,900.0,850.0,800.0,750.0,700.0,650.0,600.0,550.0,500.0,450.0,400.0,350.0,300.0,250.0,200.0,150.0,100.0,50.0,20.0,21.891998291015625,250.35919189453125,482.764404296875,719.2813110351562,960.12353515625,1459.655029296875,1979.39599609375,2525.699951171875,3105.419921875,3718.52197265625,4375.6240234375,5081.90283203125,5835.8818359375,6651.76513671875,7542.26318359375,8530.564453125,9640.5009765625,10900.0068359375,12387.0,14209.4697265625,16608.28125,20684.119140625,26425.560546875
2024-10-24 18:00:00,302.9305560250948,992.9600309687501,299.9100036621094,297.19000244140625,295.42999267578125,295.15557861328125,295.0955810546875,293.0126037597656,290.047607421875,285.81689453125,283.0419006347656,279.75750732421875,279.02911376953125,272.73968505859375,267.023681640625,260.2922058105469,255.3671875,250.59869384765625,241.86669921875,230.45590209960938,222.58680725097656,209.66490173339844,198.81370544433594,207.33599853515625,218.033203125,1000.0,975.0,950.0,925.0,900.0,850.0,800.0,750.0,700.0,650.0,600.0,550.0,500.0,450.0,400.0,350.0,300.0,250.0,200.0,150.0,100.0,50.0,20.0,27.532394409179688,248.40139770507812,473.19317626953125,706.122802734375,947.373046875,1439.77197265625,1964.4169921875,2511.673095703125,3088.367919921875,3702.658935546875,4361.2578125,5064.65576171875,5819.2412109375,6634.65087890625,7520.98193359375,8509.8818359375,9624.044921875,10880.2119140625,12363.740234375,14185.2802734375,16602.0,20685.619140625,26404.849609375
2024-10-24 21:00:00,300.2375318371205,993.5442594843751,300.71807861328125,298.4927978515625,296.24517822265625,294.2227783203125,293.044921875,293.34490966796875,289.89410400390625,286.6741027832031,283.0382080078125,282.21319580078125,278.3226013183594,272.5444030761719,266.65631103515625,260.57159423828125,255.63760375976562,249.30409240722656,241.45309448242188,233.35299682617188,221.37860107421875,211.1439971923828,198.22500610351562,208.23280334472656,220.88290405273438,1000.0,975.0,950.0,925.0,900.0,850.0,800.0,750.0,700.0,650.0,600.0,550.0,500.0,450.0,400.0,350.0,300.0,250.0,200.0,150.0,100.0,50.0,20.0,25.002899169921875,247.15310668945312,475.25128173828125,707.4312744140625,943.93896484375,1436.7900390625,1957.80908203125,2505.361083984375,3084.256103515625,3700.381103515625,4357.787109375,5059.63720703125,5814.1298828125,6625.63818359375,7518.380859375,8503.73828125,9611.75390625,10876.64453125,12364.849609375,14187.4501953125,16611.53125,20678.4609375,26411.009765625
2024-10-25 00:00:00,295.68370879116344,995.8709716796875,297.08880615234375,299.3688049316406,298.37310791015625,296.34881591796875,294.17822265625,290.35931396484375,291.2930908203125,287.205322265625,284.20318603515625,281.7752990722656,278.20538330078125,273.89752197265625,267.52691650390625,260.7926025390625,254.47991943359375,248.09449768066406,242.22459411621094,232.39559936523438,223.98399353027344,211.0677947998047,196.6063995361328,208.106201171875,220.41209411621094,1000.0,975.0,950.0,925.0,900.0,850.0,800.0,750.0,700.0,650.0,600.0,550.0,500.0,450.0,400.0,350.0,300.0,250.0,200.0,150.0,100.0,50.0,20.0,44.480499267578125,266.0790100097656,493.59832763671875,727.1934204101562,965.09814453125,1454.699951171875,1972.4189453125,2520.58203125,3098.050048828125,3714.680908203125,4368.84375,5072.626953125,5828.85009765625,6642.0400390625,7530.130859375,8513.134765625,9620.26171875,10886.27734375,12376.0,14201.3203125,16622.87109375,20681.640625,26431.4609375
2024-10-25 03:00:00,293.0842968768052,995.89501953125,294.15509033203125,296.9450988769531,296.20709228515625,294.44708251953125,293.28619384765625,290.1148986816406,288.701904296875,288.0059814453125,285.760986328125,283.15460205078125,278.20550537109375,272.5289001464844,267.58349609375,261.7218017578125,254.09979248046875,246.80450439453125,242.32870483398438,233.3231964111328,222.3551025390625,209.16879272460938,196.6876983642578,207.18280029296875,219.30679321289062,1000.0,975.0,950.0,925.0,900.0,850.0,800.0,750.0,700.0,650.0,600.0,550.0,500.0,450.0,400.0,350.0,300.0,250.0,200.0,150.0,100.0,50.0,20.0,51.59449768066406,269.66229248046875,495.61187744140625,729.615478515625,963.9000244140625,1454.14599609375,1968.3310546875,2516.7919921875,3094.34912109375,3712.56298828125,4369.2841796875,5073.73779296875,5824.21923828125,6641.24609375,7531.60693359375,8508.025390625,9614.77734375,10883.4951171875,12369.740234375,14191.26953125,16599.55078125,20665.76953125,26435.94921875
2024-10-25 06:00:00,290.4431213747042,996.1063232421875,291.88409423828125,293.6838073730469,294.198486328125,293.0729064941406,291.2976989746094,288.26519775390625,284.6101989746094,284.0635986328125,285.84649658203125,283.5216064453125,278.8312072753906,273.93359375,268.4725036621094,261.7637023925781,254.18890380859375,247.35830688476562,242.09170532226562,231.56930541992188,222.8242950439453,208.2205047607422,197.53689575195312,208.5435028076172,219.18209838867188,1000.0,975.0,950.0,925.0,900.0,850.0,800.0,750.0,700.0,650.0,600.0,550.0,500.0,450.0,400.0,350.0,300.0,250.0,200.0,150.0,100.0,50.0,20.0,55.05009460449219,273.9966125488281,498.7935791015625,729.6226196289062,964.700927734375,1450.45703125,1960.031005859375,2497.739013671875,3074.406005859375,3694.22802734375,4352.740234375,5057.38720703125,5813.7578125,6631.06689453125,7519.7529296875,8500.251953125,9604.9208984375,10867.2646484375,12347.349609375,14165.3095703125,16572.990234375,20663.5,26403.7109375
2024-10-25 09:00:00,289.40338872866346,995.502361889442,290.7315979003906,293.0299987792969,293.04998779296875,292.798583984375,292.14068603515625,289.8616943359375,288.69671630859375,286.77349853515625,284.8123779296875,282.2294006347656,277.54620361328125,272.73638916015625,268.0852966308594,261.3726806640625,253.97650146484375,246.9846954345703,241.88279724121094,231.6970977783203,222.58859252929688,209.57369995117188,197.49180603027344,208.3759002685547,219.6938934326172,1000.0,975.0,950.0,925.0,900.0,850.0,800.0,750.0,700.0,650.0,600.0,550.0,500.0,450.0,400.0,350.0,300.0,250.0,200.0,150.0,100.0,50.0,20.0,58.38020324707031,275.5780029296875,496.65386962890625,725.7431030273438,963.10302734375,1451.4320068359375,1967.60400390625,2509.9599609375,3089.27392578125,3703.1630859375,4359.0390625,5059.2978515625,5813.5791015625,6632.94384765625,7519.76513671875,8498.41796875,9602.837890625,10866.822265625,12348.23046875,14163.25,16572.83984375,20672.880859375,26412.490234375
2024-10-25 12:00:00,301.9023636841853,1001.1371299910045,296.82769775390625,294.36639404296875,292.13641357421875,291.12408447265625,291.5939025878906,290.18408203125,289.7689208984375,287.70172119140625,284.9017028808594,281.61187744140625,276.28778076171875,273.23828125,268.3743896484375,261.40692138671875,253.52810668945312,246.6540069580078,241.35780334472656,232.08030700683594,221.93980407714844,209.6531982421875,197.98379516601562,206.70460510253906,220.1927032470703,1000.0,975.0,950.0,925.0,900.0,850.0,800.0,750.0,700.0,650.0,600.0,550.0,500.0,450.0,400.0,350.0,300.0,250.0,200.0,150.0,100.0,50.0,20.0,73.40809631347656,293.0409851074219,516.560302734375,744.1187133789062,979.927978515625,1469.22705078125,1984.416015625,2529.823974609375,3108.27392578125,3723.070068359375,4376.81103515625,5078.40576171875,5832.380859375,6649.64599609375,7538.416015625,8514.853515625,9617.5263671875,10880.84765625,12362.849609375,14176.400390625,16586.009765625,20679.619140625,26432.470703125
2024-10-25 15:00:00,317.94593459360215,995.3440366941295,302.90911865234375,300.4490966796875,297.9691162109375,295.706787109375,293.41680908203125,289.38409423828125,290.8312072753906,288.7767028808594,285.40618896484375,281.1724853515625,276.86480712890625,273.4429016113281,267.79150390625,261.4096984863281,253.8297119140625,246.49029541015625,240.6197052001953,231.32179260253906,221.4149932861328,209.81849670410156,198.2010955810547,207.560302734375,219.443603515625,1000.0,975.0,950.0,925.0,900.0,850.0,800.0,750.0,700.0,650.0,600.0,550.0,500.0,450.0,400.0,350.0,300.0,250.0,200.0,150.0,100.0,50.0,20.0,59.39399719238281,283.2878112792969,511.05029296875,744.8643798828125,980.9520263671875,1470.791015625,1986.553955078125,2536.56689453125,3115.637939453125,3730.9580078125,4384.576171875,5085.39404296875,5842.85400390625,6658.22412109375,7545.740234375,8523.01171875,9623.7451171875,10882.451171875,12359.759765625,14177.2099609375,16587.98046875,20680.91015625,26453.5
2024-10-25 18:00:00,316.9582187925251,996.562300889442,306.1625061035156,303.45648193359375,301.2124938964844,298.7025146484375,296.415283203125,291.74249267578125,286.9453125,288.25531005859375,284.24029541015625,280.26190185546875,277.4765930175781,273.82562255859375,267.7395935058594,261.4837951660156,254.0579833984375,246.36439514160156,240.26930236816406,230.90609741210938,221.2711944580078,210.2790069580078,199.72369384765625,208.1634063720703,222.5377960205078,1000.0,975.0,950.0,925.0,900.0,850.0,800.0,750.0,700.0,650.0,600.0,550.0,500.0,450.0,400.0,350.0,300.0,250.0,200.0,150.0,100.0,50.0,20.0,41.20770263671875,267.4573059082031,497.60662841796875,733.8231811523438,972.303955078125,1466.968994140625,1981.60302734375,2524.52587890625,3106.576904296875,3721.847900390625,4376.7138671875,5080.98681640625,5835.89208984375,6651.716796875,7541.0087890625,8519.0361328125,9615.5263671875,10874.7763671875,12351.4404296875,14168.259765625,16584.4609375,20673.9609375,26448.509765625
2024-10-25 21:00:00,306.05054135290874,996.4376060652232,305.4580078125,303.49798583984375,301.25799560546875,299.00079345703125,296.45758056640625,291.790283203125,286.85888671875,285.04339599609375,283.0211181640625,280.03179931640625,278.09161376953125,274.21978759765625,268.19677734375,261.45098876953125,254.027587890625,246.81109619140625,240.28439331054688,231.02389526367188,220.80450439453125,210.2624969482422,198.82260131835938,207.72659301757812,220.625,1000.0,975.0,950.0,925.0,900.0,850.0,800.0,750.0,700.0,650.0,600.0,550.0,500.0,450.0,400.0,350.0,300.0,250.0,200.0,150.0,100.0,50.0,20.0,51.6781005859375,277.97210693359375,508.1549072265625,742.3930053710938,980.9210205078125,1475.656005859375,1990.35400390625,2531.35693359375,3109.489013671875,3725.010009765625,4379.7431640625,5081.55517578125,5840.94384765625,6655.958984375,7544.48193359375,8524.056640625,9623.125,10878.7587890625,12360.259765625,14166.1201171875,16584.76953125,20681.41015625,26456.5
2024-10-26 00:00:00,301.1749353372837,1000.070601670692,300.29937744140625,301.8408203125,300.09930419921875,298.08941650390625,295.92572021484375,291.51641845703125,286.8428039550781,282.15081787109375,282.107177734375,278.397216796875,279.05859375,274.68768310546875,268.45819091796875,261.7747802734375,254.46832275390625,247.2115936279297,239.73849487304688,230.9456024169922,220.53590393066406,209.23739624023438,198.18429565429688,206.12950134277344,222.42190551757812,1000.0,975.0,950.0,925.0,900.0,850.0,800.0,750.0,700.0,650.0,600.0,550.0,500.0,450.0,400.0,350.0,300.0,250.0,200.0,150.0,100.0,50.0,20.0,84.11399841308594,306.09820556640625,535.965576171875,773.88818359375,1012.0880126953125,1506.1529541015625,2020.14990234375,2558.4150390625,3129.7451171875,3740.593017578125,4397.5693359375,5103.23095703125,5860.4189453125,6677.8740234375,7567.97705078125,8547.0703125,9646.521484375,10900.69140625,12377.75,14183.9697265625,16597.650390625,20693.4296875,26473.369140625
2024-10-26 03:00:00,299.6687197554157,1003.587691514442,298.8914794921875,297.9346923828125,297.6947021484375,296.3096923828125,294.6546936035156,290.9879150390625,287.31597900390625,286.1329040527344,281.6309814453125,278.01422119140625,273.32598876953125,271.7628173828125,266.27099609375,260.2451171875,253.12539672851562,246.5341033935547,239.59019470214844,232.1959991455078,221.32220458984375,209.3061981201172,198.08340454101562,207.63780212402344,222.70660400390625,1000.0,975.0,950.0,925.0,900.0,850.0,800.0,750.0,700.0,650.0,600.0,550.0,500.0,450.0,400.0,350.0,300.0,250.0,200.0,150.0,100.0,50.0,20.0,107.05130004882812,328.9366149902344,556.6807861328125,790.4835205078125,1028.551025390625,1520.366943359375,2036.10693359375,2578.091064453125,3155.135009765625,3765.028076171875,4413.77490234375,5109.73486328125,5860.34716796875,6671.50390625,7557.40185546875,8532.5048828125,9630.78125,10888.9287109375,12368.9697265625,14183.650390625,16595.80078125,20680.900390625,26481.0
2024-10-26 06:00:00,296.10031568723485,1003.0620272381358,293.75457763671875,291.80169677734375,289.8170166015625,289.1890869140625,290.5269775390625,291.74371337890625,287.9537048339844,286.0159912109375,281.92730712890625,277.3621826171875,274.0021057128906,270.44140625,267.68389892578125,261.2716979980469,254.51260375976562,248.11630249023438,239.13760375976562,231.14500427246094,220.27999877929688,208.8031005859375,198.98500061035156,210.46080017089844,220.2574005126953,1000.0,975.0,950.0,925.0,900.0,850.0,800.0,750.0,700.0,650.0,600.0,550.0,500.0,450.0,400.0,350.0,300.0,250.0,200.0,150.0,100.0,50.0,20.0,113.68980407714844,331.28851318359375,554.7598876953125,782.2640991210938,1014.029541015625,1505.237060546875,2020.31396484375,2563.614013671875,3137.929931640625,3744.77197265625,4392.9716796875,5087.77587890625,5840.31591796875,6656.13623046875,7544.10595703125,8527.32421875,9626.931640625,10882.3017578125,12354.919921875,14158.83984375,16572.490234375,20671.130859375,26443.640625
2024-10-26 09:00:00,291.3059366736802,1006.3888389753795,290.6539001464844,288.70281982421875,286.9635009765625,288.4562072753906,289.78338623046875,290.12451171875,288.69580078125,287.3800048828125,283.7760925292969,278.22869873046875,272.80999755859375,270.20721435546875,267.3377990722656,260.8446044921875,254.42770385742188,247.7866973876953,240.3845977783203,231.9626007080078,219.79530334472656,208.5167999267578,198.81390380859375,205.90139770507812,219.5500030517578,1000.0,975.0,950.0,925.0,900.0,850.0,800.0,750.0,700.0,650.0,600.0,550.0,500.0,450.0,400.0,350.0,300.0,250.0,200.0,150.0,100.0,50.0,20.0,127.493896484375,342.5780029296875,562.5454711914062,788.5565185546875,1020.84130859375,1509.1009521484375,2023.302001953125,2567.77001953125,3145.340087890625,3755.077880859375,4400.3330078125,5093.033203125,5843.72900390625,6658.6298828125,7546.35595703125,8526.34765625,9627.4140625,10888.7568359375,12363.98046875,14165.48046875,16579.349609375,20670.48046875,26436.419921875
2024-10-26 12:00:00,296.31274777734376,1007.6348356562501,292.00018310546875,289.78961181640625,287.8002014160156,285.77960205078125,287.3645935058594,289.444580078125,288.7666931152344,286.68939208984375,283.20379638671875,279.04119873046875,272.8858947753906,271.52490234375,267.0733947753906,260.35150146484375,254.39178466796875,249.26190185546875,242.55540466308594,232.7471923828125,220.19900512695312,207.55459594726562,197.7978973388672,207.0789031982422,219.2666015625,1000.0,975.0,950.0,925.0,900.0,850.0,800.0,750.0,700.0,650.0,600.0,550.0,500.0,450.0,400.0,350.0,300.0,250.0,200.0,150.0,100.0,50.0,20.0,148.6042022705078,365.11859130859375,585.528076171875,809.9948120117188,1038.7412109375,1523.9759521484375,2039.177001953125,2582.719970703125,3157.4169921875,3768.509033203125,4414.8427734375,5108.76708984375,5861.2119140625,6674.630859375,7563.10986328125,8544.6240234375,9655.0068359375,10919.7373046875,12399.009765625,14194.76953125,16595.919921875,20666.890625,26457.48046875
2024-10-26 15:00:00,305.9135609667968,1007.728142405067,297.9703063964844,295.50030517578125,293.26409912109375,291.00738525390625,288.7138977050781,284.916015625,288.9927062988281,286.173095703125,282.8135986328125,278.706298828125,273.61669921875,271.41510009765625,267.001220703125,260.56378173828125,254.04840087890625,248.9541015625,242.53219604492188,232.7480926513672,220.67059326171875,208.2799072265625,196.410400390625,209.4232940673828,221.96499633789062,1000.0,975.0,950.0,925.0,900.0,850.0,800.0,750.0,700.0,650.0,600.0,550.0,500.0,450.0,400.0,350.0,300.0,250.0,200.0,150.0,100.0,50.0,20.0,140.03590393066406,360.34539794921875,585.5424194335938,813.7974853515625,1047.326904296875,1528.083984375,2039.824951171875,2582.860107421875,3157.9951171875,3767.555908203125,4414.125,5108.703125,5861.23486328125,6675.240234375,7562.35693359375,8542.8408203125,9655.5126953125,10925.7490234375,12406.76953125,14212.0498046875,16592.94140625,20678.640625,26472.33984375
2024-10-26 18:00:00,307.6311724959458,1005.206587998817,300.68121337890625,297.97119140625,295.72821044921875,293.4736022949219,291.18060302734375,286.76312255859375,288.9644775390625,285.7644958496094,282.781982421875,278.37939453125,273.8651123046875,272.44140625,267.26751708984375,261.341796875,254.67327880859375,250.20150756835938,242.13720703125,233.94850158691406,220.98680114746094,207.4875946044922,198.13369750976562,208.2987060546875,222.35879516601562,1000.0,975.0,950.0,925.0,900.0,850.0,800.0,750.0,700.0,650.0,600.0,550.0,500.0,450.0,400.0,350.0,300.0,250.0,200.0,150.0,100.0,50.0,20.0,121.90339660644531,344.1662902832031,570.3441772460938,800.5725708007812,1035.076171875,1519.7860107421875,2029.449951171875,2572.422119140625,3147.489990234375,3755.534912109375,4402.5927734375,5099.39501953125,5853.1298828125,6667.40185546875,7557.27099609375,8541.375,9654.2587890625,10925.5654296875,12410.8701171875,14209.669921875,16591.6796875,20674.919921875,26457.830078125
2024-10-26 21:00:00,300.6670182070312,1004.8566124128795,299.01361083984375,296.79608154296875,294.8074951171875,292.5474853515625,290.2485046386719,286.82000732421875,290.01788330078125,286.31939697265625,282.4517822265625,278.1893005371094,275.1018981933594,273.1842956542969,267.7581787109375,261.31658935546875,254.5316162109375,249.5404052734375,243.22349548339844,233.59530639648438,220.96420288085938,206.0709991455078,199.064697265625,209.48770141601562,220.51719665527344,1000.0,975.0,950.0,925.0,900.0,850.0,800.0,750.0,700.0,650.0,600.0,550.0,500.0,450.0,400.0,350.0,300.0,250.0,200.0,150.0,100.0,50.0,20.0,118.52940368652344,340.2514953613281,565.8563232421875,795.5297241210938,1029.49462890625,1513.1429443359375,2026.81494140625,2571.839111328125,3146.012939453125,3753.861083984375,4402.09765625,5100.89990234375,5856.63623046875,6671.51806640625,7560.216796875,8542.89453125,9655.5615234375,10931.51953125,12415.7099609375,14214.01953125,16601.140625,20678.0,26451.109375
2024-10-27 00:00:00,291.9892843324749,1005.7550749140626,293.72161865234375,294.7489929199219,292.76141357421875,290.7415771484375,288.95159912109375,289.0213928222656,290.201416015625,287.00140380859375,283.1307067871094,278.70819091796875,275.355712890625,272.7545166015625,267.33251953125,261.5238037109375,255.08209228515625,249.52369689941406,242.85850524902344,234.07870483398438,220.98660278320312,206.35899353027344,198.64019775390625,209.72979736328125,219.97740173339844,1000.0,975.0,950.0,925.0,900.0,850.0,800.0,750.0,700.0,650.0,600.0,550.0,500.0,450.0,400.0,350.0,300.0,250.0,200.0,150.0,100.0,50.0,20.0,131.55299377441406,351.6123962402344,575.5692749023438,803.602294921875,1036.925048828125,1520.33203125,2035.780029296875,2580.616943359375,3156.66796875,3766.68994140625,4415.56591796875,5113.8291015625,5867.98388671875,6683.875,7574.1337890625,8558.5078125,9670.740234375,10944.013671875,12431.080078125,14226.9296875,16614.650390625,20692.890625,26469.599609375
2024-10-27 03:00:00,289.3930600483844,1007.5680381941295,290.6724853515625,292.70111083984375,291.59429931640625,290.44927978515625,289.6593017578125,290.10430908203125,289.9293212890625,286.9786071777344,283.1192932128906,278.93341064453125,275.16351318359375,272.5086975097656,267.0736999511719,261.6519775390625,254.70199584960938,249.24899291992188,242.3719940185547,233.28660583496094,221.21839904785156,206.43539428710938,198.12860107421875,207.94430541992188,219.49839782714844,1000.0,975.0,950.0,925.0,900.0,850.0,800.0,750.0,700.0,650.0,600.0,550.0,500.0,450.0,400.0,350.0,300.0,250.0,200.0,150.0,100.0,50.0,20.0,139.63839721679688,356.28338623046875,579.8267822265625,807.4395751953125,1040.329833984375,1525.8370361328125,2041.35205078125,2586.200927734375,3162.205078125,3772.448974609375,4421.0927734375,5118.787109375,5871.791015625,6686.89111328125,7577.10986328125,8560.005859375,9671.275390625,10941.9482421875,12426.3896484375,14223.8095703125,16610.98046875,20689.16015625,26464.919921875
2024-10-27 06:00:00,288.04496421664896,1007.863082139442,288.86590576171875,290.1502990722656,290.789794921875,290.0325012207031,289.36688232421875,290.4468994140625,289.77191162109375,286.70611572265625,282.72052001953125,278.67578125,274.705810546875,271.743408203125,266.90240478515625,261.24871826171875,254.42559814453125,248.6999969482422,242.23390197753906,232.7010955810547,220.7476043701172,207.43629455566406,197.1053009033203,207.96319580078125,219.0803985595703,1000.0,975.0,950.0,925.0,900.0,850.0,800.0,750.0,700.0,650.0,600.0,550.0,500.0,450.0,400.0,350.0,300.0,250.0,200.0,150.0,100.0,50.0,20.0,136.3314971923828,351.5700988769531,572.7000122070312,800.8748168945312,1033.318603515625,1518.93505859375,2034.4931640625,2579.343994140625,3154.298095703125,3763.72705078125,4412.0830078125,5107.873046875,5859.97021484375,6674.72412109375,7563.98681640625,8546.0322265625,9654.5,10922.8662109375,12403.740234375,14202.650390625,16597.96875,20668.640625,26433.939453125
2024-10-27 09:00:00,286.34796880678846,1007.658492295692,287.35809326171875,289.6286926269531,290.13409423828125,289.85400390625,289.17901611328125,289.35400390625,288.6533203125,285.80291748046875,282.03900146484375,277.77880859375,273.7203063964844,273.05999755859375,268.09210205078125,261.62957763671875,254.3817138671875,248.19039916992188,241.35009765625,232.59829711914062,220.80909729003906,208.7490997314453,197.5760955810547,206.64990234375,220.29739379882812,1000.0,975.0,950.0,925.0,900.0,850.0,800.0,750.0,700.0,650.0,600.0,550.0,500.0,450.0,400.0,350.0,300.0,250.0,200.0,150.0,100.0,50.0,20.0,147.05780029296875,361.3236083984375,582.519287109375,809.831787109375,1042.447021484375,1526.530029296875,2040.803955078125,2583.595947265625,3157.27197265625,3765.27099609375,4413.1162109375,5110.78515625,5865.453125,6682.64013671875,7571.498046875,8552.2734375,9658.6884765625,10925.6630859375,12403.5595703125,14204.98046875,16602.0390625,20673.44921875,26439.25
2024-10-27 12:00:00,297.8391125138197,1009.4704069453126,293.05499267578125,290.83099365234375,289.323486328125,290.28350830078125,290.1029968261719,290.134521484375,288.53851318359375,285.80450439453125,282.02099609375,277.70098876953125,274.132080078125,273.35272216796875,268.58660888671875,261.12939453125,253.98760986328125,248.42030334472656,241.5727996826172,232.07400512695312,220.98910522460938,208.26390075683594,196.6407012939453,208.74710083007812,219.72950744628906,1000.0,975.0,950.0,925.0,900.0,850.0,800.0,750.0,700.0,650.0,600.0,550.0,500.0,450.0,400.0,350.0,300.0,250.0,200.0,150.0,100.0,50.0,20.0,158.9381103515625,375.2839050292969,596.5792846679688,824.0167846679688,1056.7698974609375,1543.2469482421875,2056.9951171875,2600.41796875,3173.85107421875,3781.572998046875,4430.1279296875,5127.8818359375,5884.08984375,6701.60986328125,7588.99609375,8571.1796875,9675.2265625,10942.2548828125,12423.0302734375,14226.23046875,16621.830078125,20699.189453125,26452.2890625
2024-10-27 15:00:00,309.4897272130384,1008.045455186317,301.3481140136719,298.8565979003906,296.344482421875,294.2958984375,292.2344055175781,290.2537841796875,289.1343994140625,286.1243896484375,282.20440673828125,277.6494140625,274.6422119140625,272.7783203125,268.655517578125,261.24188232421875,254.1234130859375,248.0157928466797,241.35189819335938,232.3917999267578,221.15220642089844,208.3249969482422,196.74830627441406,207.24349975585938,222.38150024414062,1000.0,975.0,950.0,925.0,900.0,850.0,800.0,750.0,700.0,650.0,600.0,550.0,500.0,450.0,400.0,350.0,300.0,250.0,200.0,150.0,100.0,50.0,20.0,139.03939819335938,361.5262145996094,588.9835205078125,819.594970703125,1055.572265625,1542.54296875,2057.93310546875,2601.1220703125,3175.490966796875,3783.719970703125,4432.365234375,5130.375,5886.27490234375,6704.2412109375,7591.74609375,8572.173828125,9675.236328125,10941.5302734375,12425.259765625,14230.0302734375,16632.66015625,20696.740234375,26467.08984375
2024-10-27 18:00:00,310.0072531141686,1004.297896592567,304.9862060546875,302.50738525390625,299.99749755859375,297.71051025390625,295.39739990234375,290.8023986816406,286.1911926269531,286.3173828125,282.4053955078125,278.3262023925781,275.2449951171875,272.6318054199219,268.6234130859375,261.5903015136719,254.90609741210938,247.99180603027344,241.5718994140625,231.92230224609375,221.38999938964844,208.0803985595703,196.7216033935547,207.9490966796875,221.77450561523438,1000.0,975.0,950.0,925.0,900.0,850.0,800.0,750.0,700.0,650.0,600.0,550.0,500.0,450.0,400.0,350.0,300.0,250.0,200.0,150.0,100.0,50.0,20.0,110.45751953125,336.3139953613281,566.115478515625,800.0736083984375,1038.376220703125,1529.947998046875,2042.87109375,2584.52099609375,3159.251953125,3769.152099609375,4419.5087890625,5119.64208984375,5875.75,6692.39306640625,7582.98583984375,8565.89453125,9670.494140625,10934.78125,12417.4296875,14222.4697265625,16622.5,20688.009765625,26472.2890625
2024-10-27 21:00:00,302.8328433368248,1004.6967003035045,304.0621032714844,302.0780944824219,299.82208251953125,297.7821044921875,295.3408203125,290.62078857421875,286.39190673828125,286.63580322265625,282.969482421875,278.68548583984375,275.59429931640625,273.51470947265625,268.2669982910156,262.1239013671875,254.5137939453125,247.5915069580078,240.9654998779297,232.22610473632812,221.8148956298828,208.53359985351562,197.0106964111328,208.23919677734375,220.51260375976562,1000.0,975.0,950.0,925.0,900.0,850.0,800.0,750.0,700.0,650.0,600.0,550.0,500.0,450.0,400.0,350.0,300.0,250.0,200.0,150.0,100.0,50.0,20.0,106.8074951171875,332.7171936035156,561.5828247070312,795.5844116210938,1033.955078125,1525.6500244140625,2037.696044921875,2580.47802734375,3155.837890625,3767.114990234375,4418.8251953125,5120.7138671875,5877.0390625,6695.2880859375,7585.5078125,8567.1279296875,9670.3349609375,10933.7841796875,12416.669921875,14225.73046875,16631.0,20693.380859375,26483.69921875
2024-10-28 00:00:00,295.3011217645744,1002.9087614375001,297.4880065917969,300.0068054199219,298.2568054199219,296.5935974121094,294.9085998535156,291.0736999511719,288.59869384765625,287.23370361328125,283.706787109375,279.1737060546875,275.5869140625,273.2239074707031,268.5422058105469,261.92401123046875,254.45361328125,248.77980041503906,241.48550415039062,231.73980712890625,222.4492950439453,208.6063995361328,196.77220153808594,208.05299377441406,218.6593017578125,1000.0,975.0,950.0,925.0,900.0,850.0,800.0,750.0,700.0,650.0,600.0,550.0,500.0,450.0,400.0,350.0,300.0,250.0,200.0,150.0,100.0,50.0,20.0,118.05880737304688,340.33929443359375,568.5878295898438,800.9555053710938,1039.669921875,1530.02001953125,2045.64599609375,2589.949951171875,3166.7470703125,3778.9599609375,4431.2216796875,5131.56201171875,5888.60009765625,6706.60498046875,7596.59912109375,8577.7021484375,9685.5009765625,10947.2060546875,12428.009765625,14237.6904296875,16646.83984375,20715.470703125,26488.470703125
2024-10-28 03:00:00,293.14620772236043,1005.393599717567,294.2681884765625,298.0357971191406,297.785888671875,296.38018798828125,295.0646057128906,291.85791015625,288.8966979980469,286.66290283203125,283.1293029785156,278.944580078125,275.20330810546875,273.123779296875,267.66339111328125,261.6455993652344,254.09979248046875,249.67269897460938,241.37229919433594,232.539794921875,221.60369873046875,208.64599609375,196.7052001953125,208.88800048828125,218.89540100097656,1000.0,975.0,950.0,925.0,900.0,850.0,800.0,750.0,700.0,650.0,600.0,550.0,500.0,450.0,400.0,350.0,300.0,250.0,200.0,150.0,100.0,50.0,20.0,120.05270385742188,339.9986877441406,566.876220703125,799.8690185546875,1037.2183837890625,1529.779052734375,2046.60302734375,2591.5400390625,3169.43798828125,3781.68408203125,4432.6376953125,5131.783203125,5887.2880859375,6704.39404296875,7592.93603515625,8577.740234375,9687.2275390625,10950.66015625,12430.0,14239.3896484375,16642.9296875,20702.009765625,26482.759765625
2024-10-28 06:00:00,291.2556107363281,1003.5044645625001,292.12921142578125,295.8992004394531,296.63922119140625,296.23419189453125,295.0491943359375,292.21881103515625,288.2537841796875,285.1387939453125,281.98541259765625,278.26080322265625,274.19451904296875,272.33599853515625,267.28021240234375,261.24481201171875,254.3157958984375,248.56790161132812,240.65899658203125,232.08169555664062,220.83680725097656,208.56610107421875,198.03280639648438,208.88180541992188,219.32240295410156,1000.0,975.0,950.0,925.0,900.0,850.0,800.0,750.0,700.0,650.0,600.0,550.0,500.0,450.0,400.0,350.0,300.0,250.0,200.0,150.0,100.0,50.0,20.0,113.80740356445312,332.8338928222656,558.8032836914062,790.8826293945312,1028.3009033203125,1521.0570068359375,2038.071044921875,2582.202880859375,3157.81298828125,3767.83203125,4417.6767578125,5114.8818359375,5868.27294921875,6684.26220703125,7572.09423828125,8555.9072265625,9661.013671875,10922.2119140625,12399.51953125,14203.830078125,16614.01953125,20684.98046875,26433.1796875
2024-10-28 09:00:00,290.48511598857704,1004.0322965937501,291.7007141113281,296.210693359375,297.45068359375,296.78570556640625,295.7156982421875,292.3663024902344,288.0078125,284.247802734375,281.6983947753906,278.1784973144531,273.220703125,271.3341064453125,266.7998046875,260.55072021484375,254.860107421875,248.1363983154297,239.69369506835938,231.781005859375,220.9656982421875,209.74029541015625,197.70359802246094,208.00819396972656,222.9387969970703,1000.0,975.0,950.0,925.0,900.0,850.0,800.0,750.0,700.0,650.0,600.0,550.0,500.0,450.0,400.0,350.0,300.0,250.0,200.0,150.0,100.0,50.0,20.0,117.37689208984375,336.7590026855469,563.1047973632812,795.6027221679688,1033.475830078125,1527.2220458984375,2044.363037109375,2587.297119140625,3160.89111328125,3771.881103515625,4419.65625,5113.8720703125,5865.7890625,6680.1201171875,7567.10693359375,8551.5009765625,9652.642578125,10911.9892578125,12390.490234375,14199.2802734375,16610.9609375,20690.419921875,26441.580078125
2024-10-28 12:00:00,303.1819836993666,1007.387496201942,299.2821044921875,297.03350830078125,297.5078125,297.4635009765625,296.2528076171875,292.51080322265625,288.1322021484375,284.5921936035156,281.7778015136719,277.861083984375,272.84429931640625,271.03851318359375,267.28851318359375,260.8883056640625,254.3079833984375,248.55169677734375,239.58970642089844,231.46499633789062,221.21270751953125,209.07260131835938,198.11509704589844,206.5010986328125,222.0153045654297,1000.0,975.0,950.0,925.0,900.0,850.0,800.0,750.0,700.0,650.0,600.0,550.0,500.0,450.0,400.0,350.0,300.0,250.0,200.0,150.0,100.0,50.0,20.0,131.690185546875,353.4162902832031,580.1593017578125,813.0656127929688,1052.3759765625,1546.10400390625,2063.376953125,2606.60791015625,3180.697998046875,3791.291015625,4437.9306640625,5130.73486328125,5882.89697265625,6697.85205078125,7585.10693359375,8567.9130859375,9669.474609375,10926.751953125,12406.9296875,14217.73046875,16629.509765625,20705.869140625,26482.029296875
2024-10-28 15:00:00,315.8420884441295,1002.1655698972545,306.494384765625,303.9884948730469,301.45849609375,299.15850830078125,296.82281494140625,292.31280517578125,288.53778076171875,285.12139892578125,281.6614074707031,277.73138427734375,273.400390625,271.83978271484375,267.5487060546875,261.0350036621094,253.1781005859375,247.90330505371094,239.93719482421875,230.8968963623047,222.27630615234375,208.639892578125,199.0316925048828,206.14649963378906,220.49020385742188,1000.0,975.0,950.0,925.0,900.0,850.0,800.0,750.0,700.0,650.0,600.0,550.0,500.0,450.0,400.0,350.0,300.0,250.0,200.0,150.0,100.0,50.0,20.0,119.43951416015625,347.0857849121094,577.7302856445312,813.583984375,1052.86181640625,1547.5770263671875,2064.94287109375,2609.35888671875,3183.756103515625,3793.596923828125,4441.64501953125,5135.6171875,5889.34521484375,6705.64794921875,7591.740234375,8570.759765625,9671.97265625,10925.568359375,12406.75,14219.2802734375,16638.830078125,20693.51953125,26494.349609375
2024-10-28 18:00:00,316.7615348907729,1001.2483610468751,308.9444885253906,306.20458984375,303.92779541015625,301.377685546875,299.05609130859375,294.3146057128906,289.43292236328125,284.2810974121094,282.17437744140625,279.159912109375,275.09130859375,271.896484375,266.63250732421875,261.0496826171875,254.23629760742188,247.23179626464844,239.4279022216797,231.27859497070312,221.78680419921875,209.06179809570312,198.00450134277344,209.30520629882812,219.35569763183594,1000.0,975.0,950.0,925.0,900.0,850.0,800.0,750.0,700.0,650.0,600.0,550.0,500.0,450.0,400.0,350.0,300.0,250.0,200.0,150.0,100.0,50.0,20.0,90.49409484863281,318.9645080566406,552.4520263671875,789.106689453125,1031.1580810546875,1529.343994140625,2049.0400390625,2592.666015625,3167.118896484375,3778.68408203125,4429.81591796875,5126.98388671875,5879.8798828125,6693.5390625,7581.1318359375,8561.845703125,9661.3251953125,10913.267578125,12392.01953125,14206.3896484375,16630.80078125,20683.0703125,26474.580078125
2024-10-28 21:00:00,308.7004493377428,1000.9732145625001,307.99310302734375,306.00311279296875,303.7300109863281,301.43292236328125,299.10308837890625,294.3500061035156,289.3450012207031,284.19000244140625,281.49359130859375,280.01861572265625,275.95159912109375,272.1173095703125,266.71270751953125,261.26458740234375,254.102294921875,247.03390502929688,239.01370239257812,231.5529022216797,222.0428924560547,208.75079345703125,198.04119873046875,209.42269897460938,218.56680297851562,1000.0,975.0,950.0,925.0,900.0,850.0,800.0,750.0,700.0,650.0,600.0,550.0,500.0,450.0,400.0,350.0,300.0,250.0,200.0,150.0,100.0,50.0,20.0,86.63949584960938,314.35430908203125,548.0598754882812,783.953125,1026.2354736328125,1524.9019775390625,2045.1298828125,2588.305908203125,3160.322021484375,3772.4619140625,4426.3271484375,5124.35009765625,5877.50390625,6692.505859375,7580.73681640625,8559.99609375,9657.712890625,10913.2568359375,12392.900390625,14207.490234375,16627.669921875,20698.439453125,26480.630859375
2024-10-29 00:00:00,299.0746669422935,1003.632369248817,301.2143859863281,304.2250061035156,302.4549865722656,300.4044189453125,298.7064208984375,294.08441162109375,289.4517822265625,284.92822265625,281.72161865234375,279.56170654296875,275.29840087890625,272.4635009765625,266.8179931640625,261.32171630859375,253.52630615234375,247.45570373535156,239.01109313964844,230.78829956054688,222.22019958496094,208.92230224609375,198.5019989013672,208.89549255371094,218.9174041748047,1000.0,975.0,950.0,925.0,900.0,850.0,800.0,750.0,700.0,650.0,600.0,550.0,500.0,450.0,400.0,350.0,300.0,250.0,200.0,150.0,100.0,50.0,20.0,102.44259643554688,327.9371032714844,559.4426879882812,796.0988159179688,1037.17236328125,1535.3800048828125,2055.133056640625,2600.798095703125,3175.26904296875,3786.10107421875,4439.470703125,5137.7509765625,5891.05419921875,6705.8671875,7594.05908203125,8571.24609375,9669.3828125,10922.2158203125,12402.75,14216.7900390625,16638.80078125,20722.25,26487.7109375
2024-10-29 03:00:00,296.9716085255385,1003.2250206160045,298.4529113769531,301.4623107910156,300.9451904296875,299.28021240234375,297.460205078125,293.59521484375,289.2296142578125,284.455810546875,281.15081787109375,279.6796875,274.98358154296875,271.46832275390625,267.0791931152344,260.9801940917969,252.75030517578125,247.2720947265625,238.96170043945312,231.26220703125,221.55029296875,209.70880126953125,198.51690673828125,208.81019592285156,220.10699462890625,1000.0,975.0,950.0,925.0,900.0,850.0,800.0,750.0,700.0,650.0,600.0,550.0,500.0,450.0,400.0,350.0,300.0,250.0,200.0,150.0,100.0,50.0,20.0,108.014404296875,332.95599365234375,561.8735961914062,796.9569702148438,1038.41650390625,1535.3800048828125,2054.81201171875,2599.10888671875,3173.1279296875,3784.8701171875,4436.60791015625,5133.48876953125,5885.47119140625,6701.416015625,7586.47216796875,8565.935546875,9662.64453125,10915.4765625,12395.009765625,14208.9599609375,16627.5390625,20701.900390625,26472.98046875
2024-10-29 06:00:00,296.04332615204794,1001.74267578125,296.8924865722656,299.6524963378906,299.8861083984375,298.5960998535156,296.4002990722656,292.92340087890625,289.05792236328125,284.787109375,281.6107177734375,277.9385986328125,274.51361083984375,271.07177734375,266.73291015625,259.78961181640625,253.852783203125,247.11659240722656,238.53990173339844,230.28709411621094,221.8668975830078,209.318603515625,198.36019897460938,209.02720642089844,220.0825958251953,1000.0,975.0,950.0,925.0,900.0,850.0,800.0,750.0,700.0,650.0,600.0,550.0,500.0,450.0,400.0,350.0,300.0,250.0,200.0,150.0,100.0,50.0,20.0,102.6427001953125,325.33648681640625,554.0203857421875,788.8660888671875,1030.07568359375,1526.5389404296875,2045.43798828125,2589.1650390625,3164.610107421875,3774.70703125,4424.8427734375,5121.23095703125,5871.833984375,6685.22119140625,7568.375,8548.5009765625,9644.3896484375,10893.763671875,12369.259765625,14185.01953125,16605.03125,20688.359375,26441.990234375
2024-10-29 09:00:00,294.0064171481416,1002.9498991328126,293.6001892089844,297.86279296875,298.0928039550781,296.8002014160156,296.09521484375,293.10699462890625,288.97698974609375,284.9552001953125,280.7669982910156,277.3341979980469,274.720703125,270.78350830078125,266.1112976074219,259.9215087890625,253.8804931640625,246.81520080566406,238.23550415039062,230.3986053466797,222.5218963623047,209.10679626464844,198.64230346679688,207.3385009765625,219.58700561523438,1000.0,975.0,950.0,925.0,900.0,850.0,800.0,750.0,700.0,650.0,600.0,550.0,500.0,450.0,400.0,350.0,300.0,250.0,200.0,150.0,100.0,50.0,20.0,108.84559631347656,330.0816955566406,559.3026733398438,792.677001953125,1032.450927734375,1528.0670166015625,2048.18212890625,2593.177001953125,3167.964111328125,3775.214111328125,4425.3212890625,5121.72998046875,5871.70703125,6682.65380859375,7569.01220703125,8547.732421875,9642.162109375,10891.4921875,12372.5703125,14191.0703125,16606.0703125,20690.919921875,26442.669921875
2024-10-29 12:00:00,300.17700224955627,1004.218994140625,297.8960876464844,297.90478515625,298.3970031738281,297.59600830078125,296.5260925292969,293.4110107421875,289.6759948730469,285.2810974121094,280.84100341796875,276.49261474609375,274.23809814453125,271.40728759765625,265.473388671875,260.32110595703125,253.8887939453125,246.6282958984375,238.12730407714844,229.48809814453125,222.77780151367188,209.50840759277344,199.6551055908203,205.97549438476562,218.98060607910156,1000.0,975.0,950.0,925.0,900.0,850.0,800.0,750.0,700.0,650.0,600.0,550.0,500.0,450.0,400.0,350.0,300.0,250.0,200.0,150.0,100.0,50.0,20.0,122.74540710449219,345.63238525390625,572.4981079101562,807.5396728515625,1046.946533203125,1543.81298828125,2065.14306640625,2611.299072265625,3185.208984375,3792.781982421875,4439.9541015625,5136.89306640625,5885.89013671875,6697.7412109375,7583.52099609375,8561.818359375,9654.982421875,10900.802734375,12379.650390625,14197.669921875,16625.9296875,20704.6796875,26468.41015625
2024-10-29 15:00:00,316.3398169217271,1004.017134873817,307.1780090332031,304.4425964355469,302.1826171875,299.89398193359375,297.5726013183594,293.22900390625,289.8690185546875,285.37359619140625,281.6976013183594,278.02020263671875,274.1453857421875,270.4718933105469,265.0474853515625,259.9530944824219,253.74951171875,246.6300048828125,237.8256072998047,229.547607421875,222.6947021484375,209.77940368652344,199.1748046875,208.74549865722656,218.53050231933594,1000.0,975.0,950.0,925.0,900.0,850.0,800.0,750.0,700.0,650.0,600.0,550.0,500.0,450.0,400.0,350.0,300.0,250.0,200.0,150.0,100.0,50.0,20.0,106.85159301757812,334.8446960449219,568.794677734375,804.8765258789062,1045.321533203125,1544.177001953125,2063.40087890625,2609.363037109375,3184.93701171875,3793.2529296875,4443.52490234375,5137.408203125,5886.40185546875,6696.7421875,7583.14990234375,8561.431640625,9654.2431640625,10897.771484375,12380.1796875,14197.259765625,16630.7890625,20701.220703125,26473.94921875
2024-10-29 18:00:00,309.29766856939455,999.149658203125,309.6950988769531,307.2077941894531,304.9473876953125,302.65740966796875,300.347412109375,295.49591064453125,290.5108947753906,285.37811279296875,280.9588928222656,277.56549072265625,275.1112976074219,271.3724060058594,265.9346008300781,260.45648193359375,253.722900390625,246.70640563964844,237.89199829101562,229.67770385742188,222.8647003173828,209.68069458007812,199.23069763183594,209.39329528808594,217.56849670410156,1000.0,975.0,950.0,925.0,900.0,850.0,800.0,750.0,700.0,650.0,600.0,550.0,500.0,450.0,400.0,350.0,300.0,250.0,200.0,150.0,100.0,50.0,20.0,75.69760131835938,303.8913879394531,540.0531005859375,778.3405151367188,1021.0078125,1522.3179931640625,2046.01416015625,2592.47900390625,3168.572021484375,3777.35400390625,4426.27294921875,5123.14990234375,5872.85888671875,6686.18115234375,7571.4619140625,8550.482421875,9642.4970703125,10886.5693359375,12367.4697265625,14185.0400390625,16612.19140625,20692.119140625,26462.9609375
2024-10-29 21:00:00,307.89530687485217,999.2021484375,308.7232971191406,306.98638916015625,304.72052001953125,302.4306945800781,300.1112976074219,295.50628662109375,290.77130126953125,285.6264953613281,281.322021484375,277.4172058105469,275.76861572265625,271.7830810546875,267.32611083984375,260.7642822265625,253.78619384765625,246.49569702148438,237.93209838867188,230.56390380859375,222.51429748535156,208.4261016845703,199.9853973388672,209.11520385742188,218.61669921875,1000.0,975.0,950.0,925.0,900.0,850.0,800.0,750.0,700.0,650.0,600.0,550.0,500.0,450.0,400.0,350.0,300.0,250.0,200.0,150.0,100.0,50.0,20.0,68.75970458984375,299.34259033203125,531.894775390625,770.602783203125,1013.681640625,1515.8609619140625,2038.468017578125,2587.873046875,3162.97998046875,3770.1201171875,4422.39794921875,5120.36181640625,5873.38623046875,6686.02685546875,7573.4990234375,8551.0009765625,9644.494140625,10890.4755859375,12375.1201171875,14189.9404296875,16617.25,20703.529296875,26468.130859375
2024-10-30 00:00:00,302.4098179610701,999.0464292722545,303.3835144042969,305.3953857421875,303.63128662109375,301.4703063964844,299.405517578125,295.059814453125,290.3262939453125,286.0747985839844,282.28521728515625,277.2091979980469,276.3717956542969,271.8475036621094,267.234619140625,260.6199951171875,253.73440551757812,246.2371063232422,237.94940185546875,230.8831024169922,222.2602996826172,210.1667022705078,199.82150268554688,209.32650756835938,218.160400390625,1000.0,975.0,950.0,925.0,900.0,850.0,800.0,750.0,700.0,650.0,600.0,550.0,500.0,450.0,400.0,350.0,300.0,250.0,200.0,150.0,100.0,50.0,20.0,82.7615966796875,310.7156982421875,544.6345825195312,782.6815185546875,1025.100341796875,1525.886962890625,2049.046875,2594.926025390625,3172.423095703125,3782.3330078125,4431.2099609375,5131.22412109375,5884.375,6696.6318359375,7583.21484375,8561.087890625,9654.19140625,10901.1796875,12385.490234375,14200.1904296875,16640.96875,20716.08984375,26475.080078125
2024-10-30 03:00:00,299.08498456099056,1002.1243376093751,300.4241027832031,300.9447937011719,299.6885986328125,298.7821044921875,297.48199462890625,293.898681640625,289.94207763671875,285.46209716796875,281.43701171875,279.3076171875,275.63812255859375,273.5496826171875,267.56878662109375,260.54669189453125,253.85321044921875,246.93670654296875,237.74969482421875,230.94000244140625,222.02459716796875,209.51449584960938,198.73159790039062,210.77969360351562,218.82659912109375,1000.0,975.0,950.0,925.0,900.0,850.0,800.0,750.0,700.0,650.0,600.0,550.0,500.0,450.0,400.0,350.0,300.0,250.0,200.0,150.0,100.0,50.0,20.0,95.63250732421875,320.32598876953125,548.9456176757812,785.6702270507812,1026.73486328125,1524.7249755859375,2046.947998046875,2591.7548828125,3167.990966796875,3778.3759765625,4430.1953125,5128.2470703125,5883.35791015625,6698.52978515625,7584.73193359375,8563.5390625,9656.9658203125,10905.248046875,12387.5,14199.4697265625,16625.419921875,20698.140625,26474.990234375
2024-10-30 06:00:00,297.16563565053843,1001.108687608192,297.6492004394531,299.68341064453125,300.19342041015625,299.2976989746094,297.6217956542969,293.81732177734375,290.122314453125,286.2847900390625,282.2803955078125,277.65240478515625,275.12420654296875,271.2648010253906,266.769287109375,259.23541259765625,253.6947021484375,246.4333953857422,237.1905059814453,230.2292022705078,221.98779296875,210.19590759277344,199.00650024414062,211.22169494628906,217.5269012451172,1000.0,975.0,950.0,925.0,900.0,850.0,800.0,750.0,700.0,650.0,600.0,550.0,500.0,450.0,400.0,350.0,300.0,250.0,200.0,150.0,100.0,50.0,20.0,83.906494140625,307.2764892578125,538.5573120117188,773.9274291992188,1015.5894775390625,1512.6949462890625,2033.875,2581.4951171875,3158.360107421875,3767.4990234375,4415.279296875,5111.26513671875,5864.51708984375,6675.341796875,7559.23095703125,8536.3388671875,9627.4951171875,10873.509765625,12353.4697265625,14164.2197265625,16596.16015625,20688.220703125,26438.48046875
2024-10-30 09:00:00,295.90383286103236,1000.48095703125,296.5516052246094,298.084716796875,298.34368896484375,298.0736999511719,297.1481018066406,294.0830993652344,290.2637023925781,286.3020935058594,281.6726989746094,276.9533996582031,274.4201965332031,270.8511047363281,266.0917053222656,259.0548095703125,253.84759521484375,246.231201171875,237.8719940185547,230.8800048828125,221.74400329589844,210.91290283203125,198.7174072265625,209.8258056640625,217.6125030517578,1000.0,975.0,950.0,925.0,900.0,850.0,800.0,750.0,700.0,650.0,600.0,550.0,500.0,450.0,400.0,350.0,300.0,250.0,200.0,150.0,100.0,50.0,20.0,90.51429748535156,311.9927978515625,541.3939208984375,774.8660278320312,1016.644775390625,1513.9959716796875,2035.447998046875,2583.3349609375,3158.47802734375,3767.52294921875,4414.0107421875,5108.501953125,5858.25390625,6668.73291015625,7554.48291015625,8531.6630859375,9623.2783203125,10872.6845703125,12355.5498046875,14167.2099609375,16596.6796875,20700.94921875,26432.380859375
2024-10-30 12:00:00,309.40698060984926,1002.3634733515626,303.08538818359375,300.3717956542969,298.622802734375,298.85711669921875,297.80718994140625,294.4915771484375,290.43157958984375,286.214111328125,281.0841979980469,275.95062255859375,273.5693054199219,270.2412109375,265.736083984375,259.0474853515625,253.66110229492188,246.19949340820312,238.01609802246094,231.74440002441406,221.38009643554688,210.55340576171875,199.74180603027344,208.46839904785156,219.74330139160156,1000.0,975.0,950.0,925.0,900.0,850.0,800.0,750.0,700.0,650.0,600.0,550.0,500.0,450.0,400.0,350.0,300.0,250.0,200.0,150.0,100.0,50.0,20.0,98.34669494628906,323.860107421875,553.2833862304688,788.7783203125,1028.6007080078125,1528.008056640625,2049.511962890625,2597.465087890625,3172.68994140625,3780.639892578125,4424.6943359375,5117.9609375,5867.30517578125,6674.97607421875,7561.412109375,8537.517578125,9629.0166015625,10880.7412109375,12363.9404296875,14179.0703125,16611.330078125,20711.640625,26472.599609375
2024-10-30 15:00:00,318.0517266184012,1000.2479087995982,309.6600036621094,306.7001953125,304.2052001953125,301.93438720703125,299.64019775390625,294.9577941894531,290.2702941894531,286.68292236328125,281.4378967285156,276.9385070800781,274.12420654296875,270.1522216796875,265.40960693359375,260.21160888671875,253.31719970703125,246.318603515625,237.83920288085938,232.55929565429688,221.79359436035156,210.22259521484375,199.15170288085938,208.53550720214844,218.7277069091797,1000.0,975.0,950.0,925.0,900.0,850.0,800.0,750.0,700.0,650.0,600.0,550.0,500.0,450.0,400.0,350.0,300.0,250.0,200.0,150.0,100.0,50.0,20.0,73.83389282226562,305.03900146484375,540.1290283203125,777.3082885742188,1020.790771484375,1521.510009765625,2044.27490234375,2591.467041015625,3167.889892578125,3776.10595703125,4422.39794921875,5115.291015625,5864.26611328125,6672.5390625,7559.93017578125,8535.1796875,9626.9287109375,10883.9306640625,12370.25,14186.4697265625,16614.12890625,20699.029296875,26474.669921875
2024-10-30 18:00:00,316.04007211881424,994.371502514442,312.04229736328125,309.32672119140625,306.8302001953125,304.3101806640625,302.0084228515625,297.19342041015625,292.2484130859375,287.15301513671875,281.90399169921875,276.24420166015625,272.4855041503906,272.001220703125,265.9176940917969,260.3341979980469,253.5098876953125,245.9062042236328,237.9517059326172,232.59230041503906,221.7227020263672,209.7321014404297,199.21969604492188,209.7427978515625,216.89410400390625,1000.0,975.0,950.0,925.0,900.0,850.0,800.0,750.0,700.0,650.0,600.0,550.0,500.0,450.0,400.0,350.0,300.0,250.0,200.0,150.0,100.0,50.0,20.0,43.755706787109375,275.43310546875,511.01092529296875,750.681396484375,994.65576171875,1500.4029541015625,2026.26416015625,2576.589111328125,3154.214111328125,3761.16796875,4405.75,5103.912109375,5854.498046875,6665.19189453125,7551.36376953125,8526.150390625,9616.3828125,10874.45703125,12357.4697265625,14172.830078125,16593.509765625,20690.859375,26455.5
2024-10-30 21:00:00,310.6870538634599,993.705731030067,310.25640869140625,308.2839050292969,306.0338134765625,303.7537841796875,301.197509765625,296.4938049316406,291.4075012207031,286.1806945800781,281.5321044921875,276.460693359375,278.4530029296875,273.2852783203125,265.90899658203125,260.5487060546875,253.21530151367188,245.6865997314453,237.97340393066406,232.0178985595703,221.22869873046875,210.2342987060547,200.03439331054688,210.3155059814453,217.8594970703125,1000.0,975.0,950.0,925.0,900.0,850.0,800.0,750.0,700.0,650.0,600.0,550.0,500.0,450.0,400.0,350.0,300.0,250.0,200.0,150.0,100.0,50.0,20.0,38.571502685546875,269.14581298828125,503.638916015625,744.2532958984375,987.193359375,1490.927978515625,2016.8818359375,2565.408935546875,3141.3310546875,3749.743896484375,4398.89697265625,5102.8330078125,5853.85302734375,6666.7431640625,7552.56005859375,8527.2568359375,9617.23828125,10872.8193359375,12351.73046875,14167.6904296875,16592.490234375,20701.0390625,26457.0390625
2024-10-31 00:00:00,305.01377099235066,996.5335172968751,304.94342041015625,305.4678039550781,304.4689025878906,302.9418029785156,300.888916015625,296.92889404296875,292.47369384765625,287.49371337890625,282.97869873046875,277.6732177734375,275.08868408203125,271.9788818359375,265.69598388671875,259.92431640625,252.5504150390625,245.77810668945312,239.12229919433594,231.42840576171875,221.5532989501953,210.98480224609375,200.9279022216797,210.9835968017578,218.02659606933594,1000.0,975.0,950.0,925.0,900.0,850.0,800.0,750.0,700.0,650.0,600.0,550.0,500.0,450.0,400.0,350.0,300.0,250.0,200.0,150.0,100.0,50.0,20.0,52.06700134277344,280.5880126953125,513.0554809570312,751.6068115234375,994.49072265625,1498.1409912109375,2023.97705078125,2574.383056640625,3152.201904296875,3763.125,4410.080078125,5108.46923828125,5859.89599609375,6668.10498046875,7551.7021484375,8527.009765625,9618.1640625,10877.50390625,12356.26953125,14176.9296875,16612.30078125,20718.01953125,26454.5703125
2024-10-31 03:00:00,300.7700033389564,998.609664170692,300.617919921875,302.8901062011719,302.642578125,301.3704833984375,299.4476013183594,295.62158203125,291.0415954589844,286.8206787109375,282.931884765625,278.2633972167969,277.5880126953125,272.1502990722656,265.92041015625,259.3977966308594,252.67181396484375,245.66000366210938,238.56039428710938,230.75,221.37640380859375,211.7465057373047,200.2667999267578,208.37770080566406,217.46090698242188,1000.0,975.0,950.0,925.0,900.0,850.0,800.0,750.0,700.0,650.0,600.0,550.0,500.0,450.0,400.0,350.0,300.0,250.0,200.0,150.0,100.0,50.0,20.0,59.04460144042969,285.1289978027344,517.1448974609375,753.2611083984375,995.6995849609375,1496.39794921875,2019.239013671875,2568.60595703125,3147.31201171875,3757.74609375,4409.02001953125,5109.23193359375,5860.88720703125,6673.11376953125,7553.92919921875,8528.2587890625,9618.845703125,10875.6748046875,12350.5400390625,14173.8203125,16608.0,20694.01953125,26454.0390625
2024-10-31 06:00:00,298.5354384190346,996.0384001093751,298.85870361328125,300.87249755859375,302.36041259765625,301.8182067871094,300.1253967285156,295.8953857421875,291.535400390625,286.90948486328125,282.4794921875,278.4315185546875,274.03302001953125,271.61920166015625,265.66241455078125,259.1997985839844,253.80340576171875,245.75340270996094,238.23049926757812,230.5727996826172,220.79710388183594,211.872802734375,199.27969360351562,211.2445068359375,215.55999755859375,1000.0,975.0,950.0,925.0,900.0,850.0,800.0,750.0,700.0,650.0,600.0,550.0,500.0,450.0,400.0,350.0,300.0,250.0,200.0,150.0,100.0,50.0,20.0,50.02178955078125,272.3277893066406,504.616455078125,741.0474853515625,983.8485107421875,1485.4539794921875,2009.44091796875,2559.202880859375,3136.6279296875,3747.376953125,4395.908203125,5091.14501953125,5840.7978515625,6650.91796875,7535.34814453125,8510.748046875,9601.505859375,10853.90625,12323.48046875,14143.830078125,16571.94921875,20667.0,26428.94921875
2024-10-31 09:00:00,296.66513627672157,998.7491905378795,298.8033142089844,298.5591125488281,300.78338623046875,300.48980712890625,299.529296875,296.53851318359375,291.9093017578125,287.00482177734375,282.30792236328125,277.65692138671875,272.6273193359375,271.1882019042969,265.2725830078125,258.62091064453125,253.1923828125,245.3249969482422,237.76519775390625,229.60049438476562,218.00169372558594,212.83560180664062,200.83709716796875,211.34030151367188,217.05929565429688,1000.0,975.0,950.0,925.0,900.0,850.0,800.0,750.0,700.0,650.0,600.0,550.0,500.0,450.0,400.0,350.0,300.0,250.0,200.0,150.0,100.0,50.0,20.0,53.88459777832031,277.4601135253906,507.0257568359375,742.75830078125,984.90185546875,1487.2669677734375,2012.1591796875,2560.98095703125,3139.6201171875,3749.074951171875,4395.7646484375,5090.1318359375,5838.62890625,6647.2421875,7529.130859375,8503.83984375,9591.353515625,10842.0244140625,12299.759765625,14119.5595703125,16565.80859375,20677.869140625,26409.779296875
2024-10-31 12:00:00,304.53062238281257,997.264324780067,303.82220458984375,301.0788879394531,299.0513000488281,298.25128173828125,298.0462951660156,295.55078125,291.9107971191406,287.25579833984375,282.6787109375,277.89129638671875,273.40069580078125,269.66461181640625,264.5684814453125,258.7119140625,253.05740356445312,244.57119750976562,238.09620666503906,229.81900024414062,218.8574981689453,212.33819580078125,200.81520080566406,209.05630493164062,219.06979370117188,1000.0,975.0,950.0,925.0,900.0,850.0,800.0,750.0,700.0,650.0,600.0,550.0,500.0,450.0,400.0,350.0,300.0,250.0,200.0,150.0,100.0,50.0,20.0,66.82284545898438,292.79901123046875,522.7567138671875,756.913330078125,998.4586181640625,1497.68603515625,2022.490966796875,2572.262939453125,3149.9169921875,3760.5849609375,4408.32421875,5101.623046875,5847.37109375,6654.33984375,7537.365234375,8510.9931640625,9597.013671875,10846.9208984375,12306.7197265625,14123.7998046875,16581.830078125,20697.859375,26434.599609375
2024-10-31 15:00:00,313.96039933114395,997.4556884765625,308.10040283203125,304.85308837890625,302.5830993652344,300.27947998046875,297.9494934082031,293.573486328125,290.7008972167969,286.28759765625,281.9661865234375,277.211181640625,272.884521484375,270.0164794921875,265.2156982421875,259.6746826171875,252.81289672851562,243.9644012451172,238.36599731445312,228.92489624023438,218.87750244140625,213.00970458984375,200.9176025390625,208.6968994140625,218.25160217285156,1000.0,975.0,950.0,925.0,900.0,850.0,800.0,750.0,700.0,650.0,600.0,550.0,500.0,450.0,400.0,350.0,300.0,250.0,200.0,150.0,100.0,50.0,20.0,61.1806640625,288.9635009765625,521.7691040039062,758.7418823242188,1000.11181640625,1498.9659423828125,2021.3779296875,2569.735107421875,3145.950927734375,3755.614990234375,4401.5966796875,5095.09521484375,5842.14501953125,6652.1337890625,7535.85205078125,8506.7490234375,9596.3134765625,10843.20703125,12301.8203125,14116.509765625,16581.509765625,20688.23046875,26449.58984375
2024-10-31 18:00:00,309.12741158984375,992.526531811317,309.3817138671875,307.1317138671875,304.85809326171875,302.55810546875,300.2301025390625,295.4794006347656,290.595703125,285.5621032714844,281.3684997558594,277.6437072753906,272.96240234375,270.1510009765625,264.99371337890625,259.61981201171875,252.25341796875,244.0072021484375,238.4965057373047,229.02490234375,220.24070739746094,212.2436065673828,201.77890014648438,208.15899658203125,216.19529724121094,1000.0,975.0,950.0,925.0,900.0,850.0,800.0,750.0,700.0,650.0,600.0,550.0,500.0,450.0,400.0,350.0,300.0,250.0,200.0,150.0,100.0,50.0,20.0,31.301025390625,260.11370849609375,494.928955078125,732.9259033203125,976.330078125,1478.2320556640625,2002.68994140625,2550.10595703125,3126.375,3735.636962890625,4384.3857421875,5077.873046875,5824.8408203125,6634.61279296875,7517.7548828125,8486.24609375,9578.81640625,10828.84765625,12287.2099609375,14105.51953125,16568.55859375,20679.7890625,26431.55078125
2024-10-31 21:00:00,304.2158579990821,992.019207592567,308.7148132324219,307.2190856933594,304.9486083984375,302.658203125,300.32818603515625,295.58758544921875,290.96240234375,286.4423828125,282.12640380859375,277.58929443359375,273.05780029296875,270.2351989746094,265.64788818359375,259.2672119140625,252.27279663085938,247.31500244140625,238.4936981201172,229.08050537109375,218.76589965820312,214.3437957763672,202.4033966064453,207.87330627441406,217.87179565429688,1000.0,975.0,950.0,925.0,900.0,850.0,800.0,750.0,700.0,650.0,600.0,550.0,500.0,450.0,400.0,350.0,300.0,250.0,200.0,150.0,100.0,50.0,20.0,22.054107666015625,249.36898803710938,484.6890869140625,723.1719970703125,966.0521240234375,1467.8699951171875,1992.19287109375,2540.39501953125,3117.39794921875,3727.489990234375,4374.3779296875,5068.251953125,5816.3662109375,6628.3662109375,7508.8349609375,8486.4521484375,9581.8369140625,10828.568359375,12291.6796875,14108.4404296875,16580.55078125,20680.390625,26424.4609375
